id;medico_num_cc;id_ips
1;900000000;1
2;900000001;2
3;900000002;3
4;900000003;4
5;900000004;5
6;900000005;6
7;900000006;7
8;900000007;8
9;900000008;9
10;900000009;10
11;900000010;11
12;900000011;12
13;900000012;13
14;900000013;14
15;900000014;15
16;900000015;16
17;900000016;17
18;900000017;18
19;900000018;19
20;900000019;20
21;900000020;21
22;900000021;22
23;900000022;23
24;900000023;24
25;900000024;25
26;900000025;26
27;900000026;27
28;900000027;28
29;900000028;29
30;900000029;30
31;900000030;31
32;900000031;32
33;900000032;33
34;900000033;34
35;900000034;35
36;900000035;36
37;900000036;37
38;900000037;38
39;900000038;39
40;900000039;40
41;900000040;41
42;900000041;42
43;900000042;43
44;900000043;44
45;900000044;45
46;900000045;46
47;900000046;47
48;900000047;48
49;900000048;49
50;900000049;50
51;900000050;51
52;900000051;52
53;900000052;53
54;900000053;54
55;900000054;55
56;900000055;56
57;900000056;57
58;900000057;58
59;900000058;59
60;900000059;60
61;900000060;61
62;900000061;62
63;900000062;63
64;900000063;64
65;900000064;65
66;900000065;66
67;900000066;67
68;900000067;68
69;900000068;69
70;900000069;70
71;900000070;71
72;900000071;72
73;900000072;73
74;900000073;74
75;900000074;75
76;900000075;76
77;900000076;77
78;900000077;78
79;900000078;79
80;900000079;80
81;900000080;81
82;900000081;82
83;900000082;83
84;900000083;84
85;900000084;85
86;900000085;86
87;900000086;87
88;900000087;88
89;900000088;89
90;900000089;90
91;900000090;91
92;900000091;92
93;900000092;93
94;900000093;94
95;900000094;95
96;900000095;96
97;900000096;97
98;900000097;98
99;900000098;99
100;900000099;100
101;900000100;1
102;900000101;2
103;900000102;3
104;900000103;4
105;900000104;5
106;900000105;6
107;900000106;7
108;900000107;8
109;900000108;9
110;900000109;10
111;900000110;11
112;900000111;12
113;900000112;13
114;900000113;14
115;900000114;15
116;900000115;16
117;900000116;17
118;900000117;18
119;900000118;19
120;900000119;20
121;900000120;21
122;900000121;22
123;900000122;23
124;900000123;24
125;900000124;25
126;900000125;26
127;900000126;27
128;900000127;28
129;900000128;29
130;900000129;30
131;900000130;31
132;900000131;32
133;900000132;33
134;900000133;34
135;900000134;35
136;900000135;36
137;900000136;37
138;900000137;38
139;900000138;39
140;900000139;40
141;900000140;41
142;900000141;42
143;900000142;43
144;900000143;44
145;900000144;45
146;900000145;46
147;900000146;47
148;900000147;48
149;900000148;49
150;900000149;50
151;900000150;51
152;900000151;52
153;900000152;53
154;900000153;54
155;900000154;55
156;900000155;56
157;900000156;57
158;900000157;58
159;900000158;59
160;900000159;60
161;900000160;61
162;900000161;62
163;900000162;63
164;900000163;64
165;900000164;65
166;900000165;66
167;900000166;67
168;900000167;68
169;900000168;69
170;900000169;70
171;900000170;71
172;900000171;72
173;900000172;73
174;900000173;74
175;900000174;75
176;900000175;76
177;900000176;77
178;900000177;78
179;900000178;79
180;900000179;80
181;900000180;81
182;900000181;82
183;900000182;83
184;900000183;84
185;900000184;85
186;900000185;86
187;900000186;87
188;900000187;88
189;900000188;89
190;900000189;90
191;900000190;91
192;900000191;92
193;900000192;93
194;900000193;94
195;900000194;95
196;900000195;96
197;900000196;97
198;900000197;98
199;900000198;99
200;900000199;100
201;900000200;1
202;900000201;2
203;900000202;3
204;900000203;4
205;900000204;5
206;900000205;6
207;900000206;7
208;900000207;8
209;900000208;9
210;900000209;10
211;900000210;11
212;900000211;12
213;900000212;13
214;900000213;14
215;900000214;15
216;900000215;16
217;900000216;17
218;900000217;18
219;900000218;19
220;900000219;20
221;900000220;21
222;900000221;22
223;900000222;23
224;900000223;24
225;900000224;25
226;900000225;26
227;900000226;27
228;900000227;28
229;900000228;29
230;900000229;30
231;900000230;31
232;900000231;32
233;900000232;33
234;900000233;34
235;900000234;35
236;900000235;36
237;900000236;37
238;900000237;38
239;900000238;39
240;900000239;40
241;900000240;41
242;900000241;42
243;900000242;43
244;900000243;44
245;900000244;45
246;900000245;46
247;900000246;47
248;900000247;48
249;900000248;49
250;900000249;50
251;900000250;51
252;900000251;52
253;900000252;53
254;900000253;54
255;900000254;55
256;900000255;56
257;900000256;57
258;900000257;58
259;900000258;59
260;900000259;60
261;900000260;61
262;900000261;62
263;900000262;63
264;900000263;64
265;900000264;65
266;900000265;66
267;900000266;67
268;900000267;68
269;900000268;69
270;900000269;70
271;900000270;71
272;900000271;72
273;900000272;73
274;900000273;74
275;900000274;75
276;900000275;76
277;900000276;77
278;900000277;78
279;900000278;79
280;900000279;80
281;900000280;81
282;900000281;82
283;900000282;83
284;900000283;84
285;900000284;85
286;900000285;86
287;900000286;87
288;900000287;88
289;900000288;89
290;900000289;90
291;900000290;91
292;900000291;92
293;900000292;93
294;900000293;94
295;900000294;95
296;900000295;96
297;900000296;97
298;900000297;98
299;900000298;99
300;900000299;100
301;900000300;1
302;900000301;2
303;900000302;3
304;900000303;4
305;900000304;5
306;900000305;6
307;900000306;7
308;900000307;8
309;900000308;9
310;900000309;10
311;900000310;11
312;900000311;12
313;900000312;13
314;900000313;14
315;900000314;15
316;900000315;16
317;900000316;17
318;900000317;18
319;900000318;19
320;900000319;20
321;900000320;21
322;900000321;22
323;900000322;23
324;900000323;24
325;900000324;25
326;900000325;26
327;900000326;27
328;900000327;28
329;900000328;29
330;900000329;30
331;900000330;31
332;900000331;32
333;900000332;33
334;900000333;34
335;900000334;35
336;900000335;36
337;900000336;37
338;900000337;38
339;900000338;39
340;900000339;40
341;900000340;41
342;900000341;42
343;900000342;43
344;900000343;44
345;900000344;45
346;900000345;46
347;900000346;47
348;900000347;48
349;900000348;49
350;900000349;50
351;900000350;51
352;900000351;52
353;900000352;53
354;900000353;54
355;900000354;55
356;900000355;56
357;900000356;57
358;900000357;58
359;900000358;59
360;900000359;60
361;900000360;61
362;900000361;62
363;900000362;63
364;900000363;64
365;900000364;65
366;900000365;66
367;900000366;67
368;900000367;68
369;900000368;69
370;900000369;70
371;900000370;71
372;900000371;72
373;900000372;73
374;900000373;74
375;900000374;75
376;900000375;76
377;900000376;77
378;900000377;78
379;900000378;79
380;900000379;80
381;900000380;81
382;900000381;82
383;900000382;83
384;900000383;84
385;900000384;85
386;900000385;86
387;900000386;87
388;900000387;88
389;900000388;89
390;900000389;90
391;900000390;91
392;900000391;92
393;900000392;93
394;900000393;94
395;900000394;95
396;900000395;96
397;900000396;97
398;900000397;98
399;900000398;99
400;900000399;100
401;900000400;1
402;900000401;2
403;900000402;3
404;900000403;4
405;900000404;5
406;900000405;6
407;900000406;7
408;900000407;8
409;900000408;9
410;900000409;10
411;900000410;11
412;900000411;12
413;900000412;13
414;900000413;14
415;900000414;15
416;900000415;16
417;900000416;17
418;900000417;18
419;900000418;19
420;900000419;20
421;900000420;21
422;900000421;22
423;900000422;23
424;900000423;24
425;900000424;25
426;900000425;26
427;900000426;27
428;900000427;28
429;900000428;29
430;900000429;30
431;900000430;31
432;900000431;32
433;900000432;33
434;900000433;34
435;900000434;35
436;900000435;36
437;900000436;37
438;900000437;38
439;900000438;39
440;900000439;40
441;900000440;41
442;900000441;42
443;900000442;43
444;900000443;44
445;900000444;45
446;900000445;46
447;900000446;47
448;900000447;48
449;900000448;49
450;900000449;50
451;900000450;51
452;900000451;52
453;900000452;53
454;900000453;54
455;900000454;55
456;900000455;56
457;900000456;57
458;900000457;58
459;900000458;59
460;900000459;60
461;900000460;61
462;900000461;62
463;900000462;63
464;900000463;64
465;900000464;65
466;900000465;66
467;900000466;67
468;900000467;68
469;900000468;69
470;900000469;70
471;900000470;71
472;900000471;72
473;900000472;73
474;900000473;74
475;900000474;75
476;900000475;76
477;900000476;77
478;900000477;78
479;900000478;79
480;900000479;80
481;900000480;81
482;900000481;82
483;900000482;83
484;900000483;84
485;900000484;85
486;900000485;86
487;900000486;87
488;900000487;88
489;900000488;89
490;900000489;90
491;900000490;91
492;900000491;92
493;900000492;93
494;900000493;94
495;900000494;95
496;900000495;96
497;900000496;97
498;900000497;98
499;900000498;99
500;900000499;100
501;900000500;1
502;900000501;2
503;900000502;3
504;900000503;4
505;900000504;5
506;900000505;6
507;900000506;7
508;900000507;8
509;900000508;9
510;900000509;10
511;900000510;11
512;900000511;12
513;900000512;13
514;900000513;14
515;900000514;15
516;900000515;16
517;900000516;17
518;900000517;18
519;900000518;19
520;900000519;20
521;900000520;21
522;900000521;22
523;900000522;23
524;900000523;24
525;900000524;25
526;900000525;26
527;900000526;27
528;900000527;28
529;900000528;29
530;900000529;30
531;900000530;31
532;900000531;32
533;900000532;33
534;900000533;34
535;900000534;35
536;900000535;36
537;900000536;37
538;900000537;38
539;900000538;39
540;900000539;40
541;900000540;41
542;900000541;42
543;900000542;43
544;900000543;44
545;900000544;45
546;900000545;46
547;900000546;47
548;900000547;48
549;900000548;49
550;900000549;50
551;900000550;51
552;900000551;52
553;900000552;53
554;900000553;54
555;900000554;55
556;900000555;56
557;900000556;57
558;900000557;58
559;900000558;59
560;900000559;60
561;900000560;61
562;900000561;62
563;900000562;63
564;900000563;64
565;900000564;65
566;900000565;66
567;900000566;67
568;900000567;68
569;900000568;69
570;900000569;70
571;900000570;71
572;900000571;72
573;900000572;73
574;900000573;74
575;900000574;75
576;900000575;76
577;900000576;77
578;900000577;78
579;900000578;79
580;900000579;80
581;900000580;81
582;900000581;82
583;900000582;83
584;900000583;84
585;900000584;85
586;900000585;86
587;900000586;87
588;900000587;88
589;900000588;89
590;900000589;90
591;900000590;91
592;900000591;92
593;900000592;93
594;900000593;94
595;900000594;95
596;900000595;96
597;900000596;97
598;900000597;98
599;900000598;99
600;900000599;100
601;900000600;1
602;900000601;2
603;900000602;3
604;900000603;4
605;900000604;5
606;900000605;6
607;900000606;7
608;900000607;8
609;900000608;9
610;900000609;10
611;900000610;11
612;900000611;12
613;900000612;13
614;900000613;14
615;900000614;15
616;900000615;16
617;900000616;17
618;900000617;18
619;900000618;19
620;900000619;20
621;900000620;21
622;900000621;22
623;900000622;23
624;900000623;24
625;900000624;25
626;900000625;26
627;900000626;27
628;900000627;28
629;900000628;29
630;900000629;30
631;900000630;31
632;900000631;32
633;900000632;33
634;900000633;34
635;900000634;35
636;900000635;36
637;900000636;37
638;900000637;38
639;900000638;39
640;900000639;40
641;900000640;41
642;900000641;42
643;900000642;43
644;900000643;44
645;900000644;45
646;900000645;46
647;900000646;47
648;900000647;48
649;900000648;49
650;900000649;50
651;900000650;51
652;900000651;52
653;900000652;53
654;900000653;54
655;900000654;55
656;900000655;56
657;900000656;57
658;900000657;58
659;900000658;59
660;900000659;60
661;900000660;61
662;900000661;62
663;900000662;63
664;900000663;64
665;900000664;65
666;900000665;66
667;900000666;67
668;900000667;68
669;900000668;69
670;900000669;70
671;900000670;71
672;900000671;72
673;900000672;73
674;900000673;74
675;900000674;75
676;900000675;76
677;900000676;77
678;900000677;78
679;900000678;79
680;900000679;80
681;900000680;81
682;900000681;82
683;900000682;83
684;900000683;84
685;900000684;85
686;900000685;86
687;900000686;87
688;900000687;88
689;900000688;89
690;900000689;90
691;900000690;91
692;900000691;92
693;900000692;93
694;900000693;94
695;900000694;95
696;900000695;96
697;900000696;97
698;900000697;98
699;900000698;99
700;900000699;100
701;900000700;1
702;900000701;2
703;900000702;3
704;900000703;4
705;900000704;5
706;900000705;6
707;900000706;7
708;900000707;8
709;900000708;9
710;900000709;10
711;900000710;11
712;900000711;12
713;900000712;13
714;900000713;14
715;900000714;15
716;900000715;16
717;900000716;17
718;900000717;18
719;900000718;19
720;900000719;20
721;900000720;21
722;900000721;22
723;900000722;23
724;900000723;24
725;900000724;25
726;900000725;26
727;900000726;27
728;900000727;28
729;900000728;29
730;900000729;30
731;900000730;31
732;900000731;32
733;900000732;33
734;900000733;34
735;900000734;35
736;900000735;36
737;900000736;37
738;900000737;38
739;900000738;39
740;900000739;40
741;900000740;41
742;900000741;42
743;900000742;43
744;900000743;44
745;900000744;45
746;900000745;46
747;900000746;47
748;900000747;48
749;900000748;49
750;900000749;50
751;900000750;51
752;900000751;52
753;900000752;53
754;900000753;54
755;900000754;55
756;900000755;56
757;900000756;57
758;900000757;58
759;900000758;59
760;900000759;60
761;900000760;61
762;900000761;62
763;900000762;63
764;900000763;64
765;900000764;65
766;900000765;66
767;900000766;67
768;900000767;68
769;900000768;69
770;900000769;70
771;900000770;71
772;900000771;72
773;900000772;73
774;900000773;74
775;900000774;75
776;900000775;76
777;900000776;77
778;900000777;78
779;900000778;79
780;900000779;80
781;900000780;81
782;900000781;82
783;900000782;83
784;900000783;84
785;900000784;85
786;900000785;86
787;900000786;87
788;900000787;88
789;900000788;89
790;900000789;90
791;900000790;91
792;900000791;92
793;900000792;93
794;900000793;94
795;900000794;95
796;900000795;96
797;900000796;97
798;900000797;98
799;900000798;99
800;900000799;100
801;900000800;1
802;900000801;2
803;900000802;3
804;900000803;4
805;900000804;5
806;900000805;6
807;900000806;7
808;900000807;8
809;900000808;9
810;900000809;10
811;900000810;11
812;900000811;12
813;900000812;13
814;900000813;14
815;900000814;15
816;900000815;16
817;900000816;17
818;900000817;18
819;900000818;19
820;900000819;20
821;900000820;21
822;900000821;22
823;900000822;23
824;900000823;24
825;900000824;25
826;900000825;26
827;900000826;27
828;900000827;28
829;900000828;29
830;900000829;30
831;900000830;31
832;900000831;32
833;900000832;33
834;900000833;34
835;900000834;35
836;900000835;36
837;900000836;37
838;900000837;38
839;900000838;39
840;900000839;40
841;900000840;41
842;900000841;42
843;900000842;43
844;900000843;44
845;900000844;45
846;900000845;46
847;900000846;47
848;900000847;48
849;900000848;49
850;900000849;50
851;900000850;51
852;900000851;52
853;900000852;53
854;900000853;54
855;900000854;55
856;900000855;56
857;900000856;57
858;900000857;58
859;900000858;59
860;900000859;60
861;900000860;61
862;900000861;62
863;900000862;63
864;900000863;64
865;900000864;65
866;900000865;66
867;900000866;67
868;900000867;68
869;900000868;69
870;900000869;70
871;900000870;71
872;900000871;72
873;900000872;73
874;900000873;74
875;900000874;75
876;900000875;76
877;900000876;77
878;900000877;78
879;900000878;79
880;900000879;80
881;900000880;81
882;900000881;82
883;900000882;83
884;900000883;84
885;900000884;85
886;900000885;86
887;900000886;87
888;900000887;88
889;900000888;89
890;900000889;90
891;900000890;91
892;900000891;92
893;900000892;93
894;900000893;94
895;900000894;95
896;900000895;96
897;900000896;97
898;900000897;98
899;900000898;99
900;900000899;100
901;900000900;1
902;900000901;2
903;900000902;3
904;900000903;4
905;900000904;5
906;900000905;6
907;900000906;7
908;900000907;8
909;900000908;9
910;900000909;10
911;900000910;11
912;900000911;12
913;900000912;13
914;900000913;14
915;900000914;15
916;900000915;16
917;900000916;17
918;900000917;18
919;900000918;19
920;900000919;20
921;900000920;21
922;900000921;22
923;900000922;23
924;900000923;24
925;900000924;25
926;900000925;26
927;900000926;27
928;900000927;28
929;900000928;29
930;900000929;30
931;900000930;31
932;900000931;32
933;900000932;33
934;900000933;34
935;900000934;35
936;900000935;36
937;900000936;37
938;900000937;38
939;900000938;39
940;900000939;40
941;900000940;41
942;900000941;42
943;900000942;43
944;900000943;44
945;900000944;45
946;900000945;46
947;900000946;47
948;900000947;48
949;900000948;49
950;900000949;50
951;900000950;51
952;900000951;52
953;900000952;53
954;900000953;54
955;900000954;55
956;900000955;56
957;900000956;57
958;900000957;58
959;900000958;59
960;900000959;60
961;900000960;61
962;900000961;62
963;900000962;63
964;900000963;64
965;900000964;65
966;900000965;66
967;900000966;67
968;900000967;68
969;900000968;69
970;900000969;70
971;900000970;71
972;900000971;72
973;900000972;73
974;900000973;74
975;900000974;75
976;900000975;76
977;900000976;77
978;900000977;78
979;900000978;79
980;900000979;80
981;900000980;81
982;900000981;82
983;900000982;83
984;900000983;84
985;900000984;85
986;900000985;86
987;900000986;87
988;900000987;88
989;900000988;89
990;900000989;90
991;900000990;91
992;900000991;92
993;900000992;93
994;900000993;94
995;900000994;95
996;900000995;96
997;900000996;97
998;900000997;98
999;900000998;99
1000;900000999;100
1001;900001000;1
1002;900001001;2
1003;900001002;3
1004;900001003;4
1005;900001004;5
1006;900001005;6
1007;900001006;7
1008;900001007;8
1009;900001008;9
1010;900001009;10
1011;900001010;11
1012;900001011;12
1013;900001012;13
1014;900001013;14
1015;900001014;15
1016;900001015;16
1017;900001016;17
1018;900001017;18
1019;900001018;19
1020;900001019;20
1021;900001020;21
1022;900001021;22
1023;900001022;23
1024;900001023;24
1025;900001024;25
1026;900001025;26
1027;900001026;27
1028;900001027;28
1029;900001028;29
1030;900001029;30
1031;900001030;31
1032;900001031;32
1033;900001032;33
1034;900001033;34
1035;900001034;35
1036;900001035;36
1037;900001036;37
1038;900001037;38
1039;900001038;39
1040;900001039;40
1041;900001040;41
1042;900001041;42
1043;900001042;43
1044;900001043;44
1045;900001044;45
1046;900001045;46
1047;900001046;47
1048;900001047;48
1049;900001048;49
1050;900001049;50
1051;900001050;51
1052;900001051;52
1053;900001052;53
1054;900001053;54
1055;900001054;55
1056;900001055;56
1057;900001056;57
1058;900001057;58
1059;900001058;59
1060;900001059;60
1061;900001060;61
1062;900001061;62
1063;900001062;63
1064;900001063;64
1065;900001064;65
1066;900001065;66
1067;900001066;67
1068;900001067;68
1069;900001068;69
1070;900001069;70
1071;900001070;71
1072;900001071;72
1073;900001072;73
1074;900001073;74
1075;900001074;75
1076;900001075;76
1077;900001076;77
1078;900001077;78
1079;900001078;79
1080;900001079;80
1081;900001080;81
1082;900001081;82
1083;900001082;83
1084;900001083;84
1085;900001084;85
1086;900001085;86
1087;900001086;87
1088;900001087;88
1089;900001088;89
1090;900001089;90
1091;900001090;91
1092;900001091;92
1093;900001092;93
1094;900001093;94
1095;900001094;95
1096;900001095;96
1097;900001096;97
1098;900001097;98
1099;900001098;99
1100;900001099;100
1101;900001100;1
1102;900001101;2
1103;900001102;3
1104;900001103;4
1105;900001104;5
1106;900001105;6
1107;900001106;7
1108;900001107;8
1109;900001108;9
1110;900001109;10
1111;900001110;11
1112;900001111;12
1113;900001112;13
1114;900001113;14
1115;900001114;15
1116;900001115;16
1117;900001116;17
1118;900001117;18
1119;900001118;19
1120;900001119;20
1121;900001120;21
1122;900001121;22
1123;900001122;23
1124;900001123;24
1125;900001124;25
1126;900001125;26
1127;900001126;27
1128;900001127;28
1129;900001128;29
1130;900001129;30
1131;900001130;31
1132;900001131;32
1133;900001132;33
1134;900001133;34
1135;900001134;35
1136;900001135;36
1137;900001136;37
1138;900001137;38
1139;900001138;39
1140;900001139;40
1141;900001140;41
1142;900001141;42
1143;900001142;43
1144;900001143;44
1145;900001144;45
1146;900001145;46
1147;900001146;47
1148;900001147;48
1149;900001148;49
1150;900001149;50
1151;900001150;51
1152;900001151;52
1153;900001152;53
1154;900001153;54
1155;900001154;55
1156;900001155;56
1157;900001156;57
1158;900001157;58
1159;900001158;59
1160;900001159;60
1161;900001160;61
1162;900001161;62
1163;900001162;63
1164;900001163;64
1165;900001164;65
1166;900001165;66
1167;900001166;67
1168;900001167;68
1169;900001168;69
1170;900001169;70
1171;900001170;71
1172;900001171;72
1173;900001172;73
1174;900001173;74
1175;900001174;75
1176;900001175;76
1177;900001176;77
1178;900001177;78
1179;900001178;79
1180;900001179;80
1181;900001180;81
1182;900001181;82
1183;900001182;83
1184;900001183;84
1185;900001184;85
1186;900001185;86
1187;900001186;87
1188;900001187;88
1189;900001188;89
1190;900001189;90
1191;900001190;91
1192;900001191;92
1193;900001192;93
1194;900001193;94
1195;900001194;95
1196;900001195;96
1197;900001196;97
1198;900001197;98
1199;900001198;99
1200;900001199;100
1201;900001200;1
1202;900001201;2
1203;900001202;3
1204;900001203;4
1205;900001204;5
1206;900001205;6
1207;900001206;7
1208;900001207;8
1209;900001208;9
1210;900001209;10
1211;900001210;11
1212;900001211;12
1213;900001212;13
1214;900001213;14
1215;900001214;15
1216;900001215;16
1217;900001216;17
1218;900001217;18
1219;900001218;19
1220;900001219;20
1221;900001220;21
1222;900001221;22
1223;900001222;23
1224;900001223;24
1225;900001224;25
1226;900001225;26
1227;900001226;27
1228;900001227;28
1229;900001228;29
1230;900001229;30
1231;900001230;31
1232;900001231;32
1233;900001232;33
1234;900001233;34
1235;900001234;35
1236;900001235;36
1237;900001236;37
1238;900001237;38
1239;900001238;39
1240;900001239;40
1241;900001240;41
1242;900001241;42
1243;900001242;43
1244;900001243;44
1245;900001244;45
1246;900001245;46
1247;900001246;47
1248;900001247;48
1249;900001248;49
1250;900001249;50
1251;900001250;51
1252;900001251;52
1253;900001252;53
1254;900001253;54
1255;900001254;55
1256;900001255;56
1257;900001256;57
1258;900001257;58
1259;900001258;59
1260;900001259;60
1261;900001260;61
1262;900001261;62
1263;900001262;63
1264;900001263;64
1265;900001264;65
1266;900001265;66
1267;900001266;67
1268;900001267;68
1269;900001268;69
1270;900001269;70
1271;900001270;71
1272;900001271;72
1273;900001272;73
1274;900001273;74
1275;900001274;75
1276;900001275;76
1277;900001276;77
1278;900001277;78
1279;900001278;79
1280;900001279;80
1281;900001280;81
1282;900001281;82
1283;900001282;83
1284;900001283;84
1285;900001284;85
1286;900001285;86
1287;900001286;87
1288;900001287;88
1289;900001288;89
1290;900001289;90
1291;900001290;91
1292;900001291;92
1293;900001292;93
1294;900001293;94
1295;900001294;95
1296;900001295;96
1297;900001296;97
1298;900001297;98
1299;900001298;99
1300;900001299;100
1301;900001300;1
1302;900001301;2
1303;900001302;3
1304;900001303;4
1305;900001304;5
1306;900001305;6
1307;900001306;7
1308;900001307;8
1309;900001308;9
1310;900001309;10
1311;900001310;11
1312;900001311;12
1313;900001312;13
1314;900001313;14
1315;900001314;15
1316;900001315;16
1317;900001316;17
1318;900001317;18
1319;900001318;19
1320;900001319;20
1321;900001320;21
1322;900001321;22
1323;900001322;23
1324;900001323;24
1325;900001324;25
1326;900001325;26
1327;900001326;27
1328;900001327;28
1329;900001328;29
1330;900001329;30
1331;900001330;31
1332;900001331;32
1333;900001332;33
1334;900001333;34
1335;900001334;35
1336;900001335;36
1337;900001336;37
1338;900001337;38
1339;900001338;39
1340;900001339;40
1341;900001340;41
1342;900001341;42
1343;900001342;43
1344;900001343;44
1345;900001344;45
1346;900001345;46
1347;900001346;47
1348;900001347;48
1349;900001348;49
1350;900001349;50
1351;900001350;51
1352;900001351;52
1353;900001352;53
1354;900001353;54
1355;900001354;55
1356;900001355;56
1357;900001356;57
1358;900001357;58
1359;900001358;59
1360;900001359;60
1361;900001360;61
1362;900001361;62
1363;900001362;63
1364;900001363;64
1365;900001364;65
1366;900001365;66
1367;900001366;67
1368;900001367;68
1369;900001368;69
1370;900001369;70
1371;900001370;71
1372;900001371;72
1373;900001372;73
1374;900001373;74
1375;900001374;75
1376;900001375;76
1377;900001376;77
1378;900001377;78
1379;900001378;79
1380;900001379;80
1381;900001380;81
1382;900001381;82
1383;900001382;83
1384;900001383;84
1385;900001384;85
1386;900001385;86
1387;900001386;87
1388;900001387;88
1389;900001388;89
1390;900001389;90
1391;900001390;91
1392;900001391;92
1393;900001392;93
1394;900001393;94
1395;900001394;95
1396;900001395;96
1397;900001396;97
1398;900001397;98
1399;900001398;99
1400;900001399;100
1401;900001400;1
1402;900001401;2
1403;900001402;3
1404;900001403;4
1405;900001404;5
1406;900001405;6
1407;900001406;7
1408;900001407;8
1409;900001408;9
1410;900001409;10
1411;900001410;11
1412;900001411;12
1413;900001412;13
1414;900001413;14
1415;900001414;15
1416;900001415;16
1417;900001416;17
1418;900001417;18
1419;900001418;19
1420;900001419;20
1421;900001420;21
1422;900001421;22
1423;900001422;23
1424;900001423;24
1425;900001424;25
1426;900001425;26
1427;900001426;27
1428;900001427;28
1429;900001428;29
1430;900001429;30
1431;900001430;31
1432;900001431;32
1433;900001432;33
1434;900001433;34
1435;900001434;35
1436;900001435;36
1437;900001436;37
1438;900001437;38
1439;900001438;39
1440;900001439;40
1441;900001440;41
1442;900001441;42
1443;900001442;43
1444;900001443;44
1445;900001444;45
1446;900001445;46
1447;900001446;47
1448;900001447;48
1449;900001448;49
1450;900001449;50
1451;900001450;51
1452;900001451;52
1453;900001452;53
1454;900001453;54
1455;900001454;55
1456;900001455;56
1457;900001456;57
1458;900001457;58
1459;900001458;59
1460;900001459;60
1461;900001460;61
1462;900001461;62
1463;900001462;63
1464;900001463;64
1465;900001464;65
1466;900001465;66
1467;900001466;67
1468;900001467;68
1469;900001468;69
1470;900001469;70
1471;900001470;71
1472;900001471;72
1473;900001472;73
1474;900001473;74
1475;900001474;75
1476;900001475;76
1477;900001476;77
1478;900001477;78
1479;900001478;79
1480;900001479;80
1481;900001480;81
1482;900001481;82
1483;900001482;83
1484;900001483;84
1485;900001484;85
1486;900001485;86
1487;900001486;87
1488;900001487;88
1489;900001488;89
1490;900001489;90
1491;900001490;91
1492;900001491;92
1493;900001492;93
1494;900001493;94
1495;900001494;95
1496;900001495;96
1497;900001496;97
1498;900001497;98
1499;900001498;99
1500;900001499;100
1501;900001500;1
1502;900001501;2
1503;900001502;3
1504;900001503;4
1505;900001504;5
1506;900001505;6
1507;900001506;7
1508;900001507;8
1509;900001508;9
1510;900001509;10
1511;900001510;11
1512;900001511;12
1513;900001512;13
1514;900001513;14
1515;900001514;15
1516;900001515;16
1517;900001516;17
1518;900001517;18
1519;900001518;19
1520;900001519;20
1521;900001520;21
1522;900001521;22
1523;900001522;23
1524;900001523;24
1525;900001524;25
1526;900001525;26
1527;900001526;27
1528;900001527;28
1529;900001528;29
1530;900001529;30
1531;900001530;31
1532;900001531;32
1533;900001532;33
1534;900001533;34
1535;900001534;35
1536;900001535;36
1537;900001536;37
1538;900001537;38
1539;900001538;39
1540;900001539;40
1541;900001540;41
1542;900001541;42
1543;900001542;43
1544;900001543;44
1545;900001544;45
1546;900001545;46
1547;900001546;47
1548;900001547;48
1549;900001548;49
1550;900001549;50
1551;900001550;51
1552;900001551;52
1553;900001552;53
1554;900001553;54
1555;900001554;55
1556;900001555;56
1557;900001556;57
1558;900001557;58
1559;900001558;59
1560;900001559;60
1561;900001560;61
1562;900001561;62
1563;900001562;63
1564;900001563;64
1565;900001564;65
1566;900001565;66
1567;900001566;67
1568;900001567;68
1569;900001568;69
1570;900001569;70
1571;900001570;71
1572;900001571;72
1573;900001572;73
1574;900001573;74
1575;900001574;75
1576;900001575;76
1577;900001576;77
1578;900001577;78
1579;900001578;79
1580;900001579;80
1581;900001580;81
1582;900001581;82
1583;900001582;83
1584;900001583;84
1585;900001584;85
1586;900001585;86
1587;900001586;87
1588;900001587;88
1589;900001588;89
1590;900001589;90
1591;900001590;91
1592;900001591;92
1593;900001592;93
1594;900001593;94
1595;900001594;95
1596;900001595;96
1597;900001596;97
1598;900001597;98
1599;900001598;99
1600;900001599;100
1601;900001600;1
1602;900001601;2
1603;900001602;3
1604;900001603;4
1605;900001604;5
1606;900001605;6
1607;900001606;7
1608;900001607;8
1609;900001608;9
1610;900001609;10
1611;900001610;11
1612;900001611;12
1613;900001612;13
1614;900001613;14
1615;900001614;15
1616;900001615;16
1617;900001616;17
1618;900001617;18
1619;900001618;19
1620;900001619;20
1621;900001620;21
1622;900001621;22
1623;900001622;23
1624;900001623;24
1625;900001624;25
1626;900001625;26
1627;900001626;27
1628;900001627;28
1629;900001628;29
1630;900001629;30
1631;900001630;31
1632;900001631;32
1633;900001632;33
1634;900001633;34
1635;900001634;35
1636;900001635;36
1637;900001636;37
1638;900001637;38
1639;900001638;39
1640;900001639;40
1641;900001640;41
1642;900001641;42
1643;900001642;43
1644;900001643;44
1645;900001644;45
1646;900001645;46
1647;900001646;47
1648;900001647;48
1649;900001648;49
1650;900001649;50
1651;900001650;51
1652;900001651;52
1653;900001652;53
1654;900001653;54
1655;900001654;55
1656;900001655;56
1657;900001656;57
1658;900001657;58
1659;900001658;59
1660;900001659;60
1661;900001660;61
1662;900001661;62
1663;900001662;63
1664;900001663;64
1665;900001664;65
1666;900001665;66
1667;900001666;67
1668;900001667;68
1669;900001668;69
1670;900001669;70
1671;900001670;71
1672;900001671;72
1673;900001672;73
1674;900001673;74
1675;900001674;75
1676;900001675;76
1677;900001676;77
1678;900001677;78
1679;900001678;79
1680;900001679;80
1681;900001680;81
1682;900001681;82
1683;900001682;83
1684;900001683;84
1685;900001684;85
1686;900001685;86
1687;900001686;87
1688;900001687;88
1689;900001688;89
1690;900001689;90
1691;900001690;91
1692;900001691;92
1693;900001692;93
1694;900001693;94
1695;900001694;95
1696;900001695;96
1697;900001696;97
1698;900001697;98
1699;900001698;99
1700;900001699;100
1701;900001700;1
1702;900001701;2
1703;900001702;3
1704;900001703;4
1705;900001704;5
1706;900001705;6
1707;900001706;7
1708;900001707;8
1709;900001708;9
1710;900001709;10
1711;900001710;11
1712;900001711;12
1713;900001712;13
1714;900001713;14
1715;900001714;15
1716;900001715;16
1717;900001716;17
1718;900001717;18
1719;900001718;19
1720;900001719;20
1721;900001720;21
1722;900001721;22
1723;900001722;23
1724;900001723;24
1725;900001724;25
1726;900001725;26
1727;900001726;27
1728;900001727;28
1729;900001728;29
1730;900001729;30
1731;900001730;31
1732;900001731;32
1733;900001732;33
1734;900001733;34
1735;900001734;35
1736;900001735;36
1737;900001736;37
1738;900001737;38
1739;900001738;39
1740;900001739;40
1741;900001740;41
1742;900001741;42
1743;900001742;43
1744;900001743;44
1745;900001744;45
1746;900001745;46
1747;900001746;47
1748;900001747;48
1749;900001748;49
1750;900001749;50
1751;900001750;51
1752;900001751;52
1753;900001752;53
1754;900001753;54
1755;900001754;55
1756;900001755;56
1757;900001756;57
1758;900001757;58
1759;900001758;59
1760;900001759;60
1761;900001760;61
1762;900001761;62
1763;900001762;63
1764;900001763;64
1765;900001764;65
1766;900001765;66
1767;900001766;67
1768;900001767;68
1769;900001768;69
1770;900001769;70
1771;900001770;71
1772;900001771;72
1773;900001772;73
1774;900001773;74
1775;900001774;75
1776;900001775;76
1777;900001776;77
1778;900001777;78
1779;900001778;79
1780;900001779;80
1781;900001780;81
1782;900001781;82
1783;900001782;83
1784;900001783;84
1785;900001784;85
1786;900001785;86
1787;900001786;87
1788;900001787;88
1789;900001788;89
1790;900001789;90
1791;900001790;91
1792;900001791;92
1793;900001792;93
1794;900001793;94
1795;900001794;95
1796;900001795;96
1797;900001796;97
1798;900001797;98
1799;900001798;99
1800;900001799;100
1801;900001800;1
1802;900001801;2
1803;900001802;3
1804;900001803;4
1805;900001804;5
1806;900001805;6
1807;900001806;7
1808;900001807;8
1809;900001808;9
1810;900001809;10
1811;900001810;11
1812;900001811;12
1813;900001812;13
1814;900001813;14
1815;900001814;15
1816;900001815;16
1817;900001816;17
1818;900001817;18
1819;900001818;19
1820;900001819;20
1821;900001820;21
1822;900001821;22
1823;900001822;23
1824;900001823;24
1825;900001824;25
1826;900001825;26
1827;900001826;27
1828;900001827;28
1829;900001828;29
1830;900001829;30
1831;900001830;31
1832;900001831;32
1833;900001832;33
1834;900001833;34
1835;900001834;35
1836;900001835;36
1837;900001836;37
1838;900001837;38
1839;900001838;39
1840;900001839;40
1841;900001840;41
1842;900001841;42
1843;900001842;43
1844;900001843;44
1845;900001844;45
1846;900001845;46
1847;900001846;47
1848;900001847;48
1849;900001848;49
1850;900001849;50
1851;900001850;51
1852;900001851;52
1853;900001852;53
1854;900001853;54
1855;900001854;55
1856;900001855;56
1857;900001856;57
1858;900001857;58
1859;900001858;59
1860;900001859;60
1861;900001860;61
1862;900001861;62
1863;900001862;63
1864;900001863;64
1865;900001864;65
1866;900001865;66
1867;900001866;67
1868;900001867;68
1869;900001868;69
1870;900001869;70
1871;900001870;71
1872;900001871;72
1873;900001872;73
1874;900001873;74
1875;900001874;75
1876;900001875;76
1877;900001876;77
1878;900001877;78
1879;900001878;79
1880;900001879;80
1881;900001880;81
1882;900001881;82
1883;900001882;83
1884;900001883;84
1885;900001884;85
1886;900001885;86
1887;900001886;87
1888;900001887;88
1889;900001888;89
1890;900001889;90
1891;900001890;91
1892;900001891;92
1893;900001892;93
1894;900001893;94
1895;900001894;95
1896;900001895;96
1897;900001896;97
1898;900001897;98
1899;900001898;99
1900;900001899;100
1901;900001900;1
1902;900001901;2
1903;900001902;3
1904;900001903;4
1905;900001904;5
1906;900001905;6
1907;900001906;7
1908;900001907;8
1909;900001908;9
1910;900001909;10
1911;900001910;11
1912;900001911;12
1913;900001912;13
1914;900001913;14
1915;900001914;15
1916;900001915;16
1917;900001916;17
1918;900001917;18
1919;900001918;19
1920;900001919;20
1921;900001920;21
1922;900001921;22
1923;900001922;23
1924;900001923;24
1925;900001924;25
1926;900001925;26
1927;900001926;27
1928;900001927;28
1929;900001928;29
1930;900001929;30
1931;900001930;31
1932;900001931;32
1933;900001932;33
1934;900001933;34
1935;900001934;35
1936;900001935;36
1937;900001936;37
1938;900001937;38
1939;900001938;39
1940;900001939;40
1941;900001940;41
1942;900001941;42
1943;900001942;43
1944;900001943;44
1945;900001944;45
1946;900001945;46
1947;900001946;47
1948;900001947;48
1949;900001948;49
1950;900001949;50
1951;900001950;51
1952;900001951;52
1953;900001952;53
1954;900001953;54
1955;900001954;55
1956;900001955;56
1957;900001956;57
1958;900001957;58
1959;900001958;59
1960;900001959;60
1961;900001960;61
1962;900001961;62
1963;900001962;63
1964;900001963;64
1965;900001964;65
1966;900001965;66
1967;900001966;67
1968;900001967;68
1969;900001968;69
1970;900001969;70
1971;900001970;71
1972;900001971;72
1973;900001972;73
1974;900001973;74
1975;900001974;75
1976;900001975;76
1977;900001976;77
1978;900001977;78
1979;900001978;79
1980;900001979;80
1981;900001980;81
1982;900001981;82
1983;900001982;83
1984;900001983;84
1985;900001984;85
1986;900001985;86
1987;900001986;87
1988;900001987;88
1989;900001988;89
1990;900001989;90
1991;900001990;91
1992;900001991;92
1993;900001992;93
1994;900001993;94
1995;900001994;95
1996;900001995;96
1997;900001996;97
1998;900001997;98
1999;900001998;99
2000;900001999;100
2001;900002000;1
2002;900002001;2
2003;900002002;3
2004;900002003;4
2005;900002004;5
2006;900002005;6
2007;900002006;7
2008;900002007;8
2009;900002008;9
2010;900002009;10
2011;900002010;11
2012;900002011;12
2013;900002012;13
2014;900002013;14
2015;900002014;15
2016;900002015;16
2017;900002016;17
2018;900002017;18
2019;900002018;19
2020;900002019;20
2021;900002020;21
2022;900002021;22
2023;900002022;23
2024;900002023;24
2025;900002024;25
2026;900002025;26
2027;900002026;27
2028;900002027;28
2029;900002028;29
2030;900002029;30
2031;900002030;31
2032;900002031;32
2033;900002032;33
2034;900002033;34
2035;900002034;35
2036;900002035;36
2037;900002036;37
2038;900002037;38
2039;900002038;39
2040;900002039;40
2041;900002040;41
2042;900002041;42
2043;900002042;43
2044;900002043;44
2045;900002044;45
2046;900002045;46
2047;900002046;47
2048;900002047;48
2049;900002048;49
2050;900002049;50
2051;900002050;51
2052;900002051;52
2053;900002052;53
2054;900002053;54
2055;900002054;55
2056;900002055;56
2057;900002056;57
2058;900002057;58
2059;900002058;59
2060;900002059;60
2061;900002060;61
2062;900002061;62
2063;900002062;63
2064;900002063;64
2065;900002064;65
2066;900002065;66
2067;900002066;67
2068;900002067;68
2069;900002068;69
2070;900002069;70
2071;900002070;71
2072;900002071;72
2073;900002072;73
2074;900002073;74
2075;900002074;75
2076;900002075;76
2077;900002076;77
2078;900002077;78
2079;900002078;79
2080;900002079;80
2081;900002080;81
2082;900002081;82
2083;900002082;83
2084;900002083;84
2085;900002084;85
2086;900002085;86
2087;900002086;87
2088;900002087;88
2089;900002088;89
2090;900002089;90
2091;900002090;91
2092;900002091;92
2093;900002092;93
2094;900002093;94
2095;900002094;95
2096;900002095;96
2097;900002096;97
2098;900002097;98
2099;900002098;99
2100;900002099;100
2101;900002100;1
2102;900002101;2
2103;900002102;3
2104;900002103;4
2105;900002104;5
2106;900002105;6
2107;900002106;7
2108;900002107;8
2109;900002108;9
2110;900002109;10
2111;900002110;11
2112;900002111;12
2113;900002112;13
2114;900002113;14
2115;900002114;15
2116;900002115;16
2117;900002116;17
2118;900002117;18
2119;900002118;19
2120;900002119;20
2121;900002120;21
2122;900002121;22
2123;900002122;23
2124;900002123;24
2125;900002124;25
2126;900002125;26
2127;900002126;27
2128;900002127;28
2129;900002128;29
2130;900002129;30
2131;900002130;31
2132;900002131;32
2133;900002132;33
2134;900002133;34
2135;900002134;35
2136;900002135;36
2137;900002136;37
2138;900002137;38
2139;900002138;39
2140;900002139;40
2141;900002140;41
2142;900002141;42
2143;900002142;43
2144;900002143;44
2145;900002144;45
2146;900002145;46
2147;900002146;47
2148;900002147;48
2149;900002148;49
2150;900002149;50
2151;900002150;51
2152;900002151;52
2153;900002152;53
2154;900002153;54
2155;900002154;55
2156;900002155;56
2157;900002156;57
2158;900002157;58
2159;900002158;59
2160;900002159;60
2161;900002160;61
2162;900002161;62
2163;900002162;63
2164;900002163;64
2165;900002164;65
2166;900002165;66
2167;900002166;67
2168;900002167;68
2169;900002168;69
2170;900002169;70
2171;900002170;71
2172;900002171;72
2173;900002172;73
2174;900002173;74
2175;900002174;75
2176;900002175;76
2177;900002176;77
2178;900002177;78
2179;900002178;79
2180;900002179;80
2181;900002180;81
2182;900002181;82
2183;900002182;83
2184;900002183;84
2185;900002184;85
2186;900002185;86
2187;900002186;87
2188;900002187;88
2189;900002188;89
2190;900002189;90
2191;900002190;91
2192;900002191;92
2193;900002192;93
2194;900002193;94
2195;900002194;95
2196;900002195;96
2197;900002196;97
2198;900002197;98
2199;900002198;99
2200;900002199;100
2201;900002200;1
2202;900002201;2
2203;900002202;3
2204;900002203;4
2205;900002204;5
2206;900002205;6
2207;900002206;7
2208;900002207;8
2209;900002208;9
2210;900002209;10
2211;900002210;11
2212;900002211;12
2213;900002212;13
2214;900002213;14
2215;900002214;15
2216;900002215;16
2217;900002216;17
2218;900002217;18
2219;900002218;19
2220;900002219;20
2221;900002220;21
2222;900002221;22
2223;900002222;23
2224;900002223;24
2225;900002224;25
2226;900002225;26
2227;900002226;27
2228;900002227;28
2229;900002228;29
2230;900002229;30
2231;900002230;31
2232;900002231;32
2233;900002232;33
2234;900002233;34
2235;900002234;35
2236;900002235;36
2237;900002236;37
2238;900002237;38
2239;900002238;39
2240;900002239;40
2241;900002240;41
2242;900002241;42
2243;900002242;43
2244;900002243;44
2245;900002244;45
2246;900002245;46
2247;900002246;47
2248;900002247;48
2249;900002248;49
2250;900002249;50
2251;900002250;51
2252;900002251;52
2253;900002252;53
2254;900002253;54
2255;900002254;55
2256;900002255;56
2257;900002256;57
2258;900002257;58
2259;900002258;59
2260;900002259;60
2261;900002260;61
2262;900002261;62
2263;900002262;63
2264;900002263;64
2265;900002264;65
2266;900002265;66
2267;900002266;67
2268;900002267;68
2269;900002268;69
2270;900002269;70
2271;900002270;71
2272;900002271;72
2273;900002272;73
2274;900002273;74
2275;900002274;75
2276;900002275;76
2277;900002276;77
2278;900002277;78
2279;900002278;79
2280;900002279;80
2281;900002280;81
2282;900002281;82
2283;900002282;83
2284;900002283;84
2285;900002284;85
2286;900002285;86
2287;900002286;87
2288;900002287;88
2289;900002288;89
2290;900002289;90
2291;900002290;91
2292;900002291;92
2293;900002292;93
2294;900002293;94
2295;900002294;95
2296;900002295;96
2297;900002296;97
2298;900002297;98
2299;900002298;99
2300;900002299;100
2301;900002300;1
2302;900002301;2
2303;900002302;3
2304;900002303;4
2305;900002304;5
2306;900002305;6
2307;900002306;7
2308;900002307;8
2309;900002308;9
2310;900002309;10
2311;900002310;11
2312;900002311;12
2313;900002312;13
2314;900002313;14
2315;900002314;15
2316;900002315;16
2317;900002316;17
2318;900002317;18
2319;900002318;19
2320;900002319;20
2321;900002320;21
2322;900002321;22
2323;900002322;23
2324;900002323;24
2325;900002324;25
2326;900002325;26
2327;900002326;27
2328;900002327;28
2329;900002328;29
2330;900002329;30
2331;900002330;31
2332;900002331;32
2333;900002332;33
2334;900002333;34
2335;900002334;35
2336;900002335;36
2337;900002336;37
2338;900002337;38
2339;900002338;39
2340;900002339;40
2341;900002340;41
2342;900002341;42
2343;900002342;43
2344;900002343;44
2345;900002344;45
2346;900002345;46
2347;900002346;47
2348;900002347;48
2349;900002348;49
2350;900002349;50
2351;900002350;51
2352;900002351;52
2353;900002352;53
2354;900002353;54
2355;900002354;55
2356;900002355;56
2357;900002356;57
2358;900002357;58
2359;900002358;59
2360;900002359;60
2361;900002360;61
2362;900002361;62
2363;900002362;63
2364;900002363;64
2365;900002364;65
2366;900002365;66
2367;900002366;67
2368;900002367;68
2369;900002368;69
2370;900002369;70
2371;900002370;71
2372;900002371;72
2373;900002372;73
2374;900002373;74
2375;900002374;75
2376;900002375;76
2377;900002376;77
2378;900002377;78
2379;900002378;79
2380;900002379;80
2381;900002380;81
2382;900002381;82
2383;900002382;83
2384;900002383;84
2385;900002384;85
2386;900002385;86
2387;900002386;87
2388;900002387;88
2389;900002388;89
2390;900002389;90
2391;900002390;91
2392;900002391;92
2393;900002392;93
2394;900002393;94
2395;900002394;95
2396;900002395;96
2397;900002396;97
2398;900002397;98
2399;900002398;99
2400;900002399;100
2401;900002400;1
2402;900002401;2
2403;900002402;3
2404;900002403;4
2405;900002404;5
2406;900002405;6
2407;900002406;7
2408;900002407;8
2409;900002408;9
2410;900002409;10
2411;900002410;11
2412;900002411;12
2413;900002412;13
2414;900002413;14
2415;900002414;15
2416;900002415;16
2417;900002416;17
2418;900002417;18
2419;900002418;19
2420;900002419;20
2421;900002420;21
2422;900002421;22
2423;900002422;23
2424;900002423;24
2425;900002424;25
2426;900002425;26
2427;900002426;27
2428;900002427;28
2429;900002428;29
2430;900002429;30
2431;900002430;31
2432;900002431;32
2433;900002432;33
2434;900002433;34
2435;900002434;35
2436;900002435;36
2437;900002436;37
2438;900002437;38
2439;900002438;39
2440;900002439;40
2441;900002440;41
2442;900002441;42
2443;900002442;43
2444;900002443;44
2445;900002444;45
2446;900002445;46
2447;900002446;47
2448;900002447;48
2449;900002448;49
2450;900002449;50
2451;900002450;51
2452;900002451;52
2453;900002452;53
2454;900002453;54
2455;900002454;55
2456;900002455;56
2457;900002456;57
2458;900002457;58
2459;900002458;59
2460;900002459;60
2461;900002460;61
2462;900002461;62
2463;900002462;63
2464;900002463;64
2465;900002464;65
2466;900002465;66
2467;900002466;67
2468;900002467;68
2469;900002468;69
2470;900002469;70
2471;900002470;71
2472;900002471;72
2473;900002472;73
2474;900002473;74
2475;900002474;75
2476;900002475;76
2477;900002476;77
2478;900002477;78
2479;900002478;79
2480;900002479;80
2481;900002480;81
2482;900002481;82
2483;900002482;83
2484;900002483;84
2485;900002484;85
2486;900002485;86
2487;900002486;87
2488;900002487;88
2489;900002488;89
2490;900002489;90
2491;900002490;91
2492;900002491;92
2493;900002492;93
2494;900002493;94
2495;900002494;95
2496;900002495;96
2497;900002496;97
2498;900002497;98
2499;900002498;99
2500;900002499;100
2501;900002500;1
2502;900002501;2
2503;900002502;3
2504;900002503;4
2505;900002504;5
2506;900002505;6
2507;900002506;7
2508;900002507;8
2509;900002508;9
2510;900002509;10
2511;900002510;11
2512;900002511;12
2513;900002512;13
2514;900002513;14
2515;900002514;15
2516;900002515;16
2517;900002516;17
2518;900002517;18
2519;900002518;19
2520;900002519;20
2521;900002520;21
2522;900002521;22
2523;900002522;23
2524;900002523;24
2525;900002524;25
2526;900002525;26
2527;900002526;27
2528;900002527;28
2529;900002528;29
2530;900002529;30
2531;900002530;31
2532;900002531;32
2533;900002532;33
2534;900002533;34
2535;900002534;35
2536;900002535;36
2537;900002536;37
2538;900002537;38
2539;900002538;39
2540;900002539;40
2541;900002540;41
2542;900002541;42
2543;900002542;43
2544;900002543;44
2545;900002544;45
2546;900002545;46
2547;900002546;47
2548;900002547;48
2549;900002548;49
2550;900002549;50
2551;900002550;51
2552;900002551;52
2553;900002552;53
2554;900002553;54
2555;900002554;55
2556;900002555;56
2557;900002556;57
2558;900002557;58
2559;900002558;59
2560;900002559;60
2561;900002560;61
2562;900002561;62
2563;900002562;63
2564;900002563;64
2565;900002564;65
2566;900002565;66
2567;900002566;67
2568;900002567;68
2569;900002568;69
2570;900002569;70
2571;900002570;71
2572;900002571;72
2573;900002572;73
2574;900002573;74
2575;900002574;75
2576;900002575;76
2577;900002576;77
2578;900002577;78
2579;900002578;79
2580;900002579;80
2581;900002580;81
2582;900002581;82
2583;900002582;83
2584;900002583;84
2585;900002584;85
2586;900002585;86
2587;900002586;87
2588;900002587;88
2589;900002588;89
2590;900002589;90
2591;900002590;91
2592;900002591;92
2593;900002592;93
2594;900002593;94
2595;900002594;95
2596;900002595;96
2597;900002596;97
2598;900002597;98
2599;900002598;99
2600;900002599;100
2601;900002600;1
2602;900002601;2
2603;900002602;3
2604;900002603;4
2605;900002604;5
2606;900002605;6
2607;900002606;7
2608;900002607;8
2609;900002608;9
2610;900002609;10
2611;900002610;11
2612;900002611;12
2613;900002612;13
2614;900002613;14
2615;900002614;15
2616;900002615;16
2617;900002616;17
2618;900002617;18
2619;900002618;19
2620;900002619;20
2621;900002620;21
2622;900002621;22
2623;900002622;23
2624;900002623;24
2625;900002624;25
2626;900002625;26
2627;900002626;27
2628;900002627;28
2629;900002628;29
2630;900002629;30
2631;900002630;31
2632;900002631;32
2633;900002632;33
2634;900002633;34
2635;900002634;35
2636;900002635;36
2637;900002636;37
2638;900002637;38
2639;900002638;39
2640;900002639;40
2641;900002640;41
2642;900002641;42
2643;900002642;43
2644;900002643;44
2645;900002644;45
2646;900002645;46
2647;900002646;47
2648;900002647;48
2649;900002648;49
2650;900002649;50
2651;900002650;51
2652;900002651;52
2653;900002652;53
2654;900002653;54
2655;900002654;55
2656;900002655;56
2657;900002656;57
2658;900002657;58
2659;900002658;59
2660;900002659;60
2661;900002660;61
2662;900002661;62
2663;900002662;63
2664;900002663;64
2665;900002664;65
2666;900002665;66
2667;900002666;67
2668;900002667;68
2669;900002668;69
2670;900002669;70
2671;900002670;71
2672;900002671;72
2673;900002672;73
2674;900002673;74
2675;900002674;75
2676;900002675;76
2677;900002676;77
2678;900002677;78
2679;900002678;79
2680;900002679;80
2681;900002680;81
2682;900002681;82
2683;900002682;83
2684;900002683;84
2685;900002684;85
2686;900002685;86
2687;900002686;87
2688;900002687;88
2689;900002688;89
2690;900002689;90
2691;900002690;91
2692;900002691;92
2693;900002692;93
2694;900002693;94
2695;900002694;95
2696;900002695;96
2697;900002696;97
2698;900002697;98
2699;900002698;99
2700;900002699;100
2701;900002700;1
2702;900002701;2
2703;900002702;3
2704;900002703;4
2705;900002704;5
2706;900002705;6
2707;900002706;7
2708;900002707;8
2709;900002708;9
2710;900002709;10
2711;900002710;11
2712;900002711;12
2713;900002712;13
2714;900002713;14
2715;900002714;15
2716;900002715;16
2717;900002716;17
2718;900002717;18
2719;900002718;19
2720;900002719;20
2721;900002720;21
2722;900002721;22
2723;900002722;23
2724;900002723;24
2725;900002724;25
2726;900002725;26
2727;900002726;27
2728;900002727;28
2729;900002728;29
2730;900002729;30
2731;900002730;31
2732;900002731;32
2733;900002732;33
2734;900002733;34
2735;900002734;35
2736;900002735;36
2737;900002736;37
2738;900002737;38
2739;900002738;39
2740;900002739;40
2741;900002740;41
2742;900002741;42
2743;900002742;43
2744;900002743;44
2745;900002744;45
2746;900002745;46
2747;900002746;47
2748;900002747;48
2749;900002748;49
2750;900002749;50
2751;900002750;51
2752;900002751;52
2753;900002752;53
2754;900002753;54
2755;900002754;55
2756;900002755;56
2757;900002756;57
2758;900002757;58
2759;900002758;59
2760;900002759;60
2761;900002760;61
2762;900002761;62
2763;900002762;63
2764;900002763;64
2765;900002764;65
2766;900002765;66
2767;900002766;67
2768;900002767;68
2769;900002768;69
2770;900002769;70
2771;900002770;71
2772;900002771;72
2773;900002772;73
2774;900002773;74
2775;900002774;75
2776;900002775;76
2777;900002776;77
2778;900002777;78
2779;900002778;79
2780;900002779;80
2781;900002780;81
2782;900002781;82
2783;900002782;83
2784;900002783;84
2785;900002784;85
2786;900002785;86
2787;900002786;87
2788;900002787;88
2789;900002788;89
2790;900002789;90
2791;900002790;91
2792;900002791;92
2793;900002792;93
2794;900002793;94
2795;900002794;95
2796;900002795;96
2797;900002796;97
2798;900002797;98
2799;900002798;99
2800;900002799;100
2801;900002800;1
2802;900002801;2
2803;900002802;3
2804;900002803;4
2805;900002804;5
2806;900002805;6
2807;900002806;7
2808;900002807;8
2809;900002808;9
2810;900002809;10
2811;900002810;11
2812;900002811;12
2813;900002812;13
2814;900002813;14
2815;900002814;15
2816;900002815;16
2817;900002816;17
2818;900002817;18
2819;900002818;19
2820;900002819;20
2821;900002820;21
2822;900002821;22
2823;900002822;23
2824;900002823;24
2825;900002824;25
2826;900002825;26
2827;900002826;27
2828;900002827;28
2829;900002828;29
2830;900002829;30
2831;900002830;31
2832;900002831;32
2833;900002832;33
2834;900002833;34
2835;900002834;35
2836;900002835;36
2837;900002836;37
2838;900002837;38
2839;900002838;39
2840;900002839;40
2841;900002840;41
2842;900002841;42
2843;900002842;43
2844;900002843;44
2845;900002844;45
2846;900002845;46
2847;900002846;47
2848;900002847;48
2849;900002848;49
2850;900002849;50
2851;900002850;51
2852;900002851;52
2853;900002852;53
2854;900002853;54
2855;900002854;55
2856;900002855;56
2857;900002856;57
2858;900002857;58
2859;900002858;59
2860;900002859;60
2861;900002860;61
2862;900002861;62
2863;900002862;63
2864;900002863;64
2865;900002864;65
2866;900002865;66
2867;900002866;67
2868;900002867;68
2869;900002868;69
2870;900002869;70
2871;900002870;71
2872;900002871;72
2873;900002872;73
2874;900002873;74
2875;900002874;75
2876;900002875;76
2877;900002876;77
2878;900002877;78
2879;900002878;79
2880;900002879;80
2881;900002880;81
2882;900002881;82
2883;900002882;83
2884;900002883;84
2885;900002884;85
2886;900002885;86
2887;900002886;87
2888;900002887;88
2889;900002888;89
2890;900002889;90
2891;900002890;91
2892;900002891;92
2893;900002892;93
2894;900002893;94
2895;900002894;95
2896;900002895;96
2897;900002896;97
2898;900002897;98
2899;900002898;99
2900;900002899;100
2901;900002900;1
2902;900002901;2
2903;900002902;3
2904;900002903;4
2905;900002904;5
2906;900002905;6
2907;900002906;7
2908;900002907;8
2909;900002908;9
2910;900002909;10
2911;900002910;11
2912;900002911;12
2913;900002912;13
2914;900002913;14
2915;900002914;15
2916;900002915;16
2917;900002916;17
2918;900002917;18
2919;900002918;19
2920;900002919;20
2921;900002920;21
2922;900002921;22
2923;900002922;23
2924;900002923;24
2925;900002924;25
2926;900002925;26
2927;900002926;27
2928;900002927;28
2929;900002928;29
2930;900002929;30
2931;900002930;31
2932;900002931;32
2933;900002932;33
2934;900002933;34
2935;900002934;35
2936;900002935;36
2937;900002936;37
2938;900002937;38
2939;900002938;39
2940;900002939;40
2941;900002940;41
2942;900002941;42
2943;900002942;43
2944;900002943;44
2945;900002944;45
2946;900002945;46
2947;900002946;47
2948;900002947;48
2949;900002948;49
2950;900002949;50
2951;900002950;51
2952;900002951;52
2953;900002952;53
2954;900002953;54
2955;900002954;55
2956;900002955;56
2957;900002956;57
2958;900002957;58
2959;900002958;59
2960;900002959;60
2961;900002960;61
2962;900002961;62
2963;900002962;63
2964;900002963;64
2965;900002964;65
2966;900002965;66
2967;900002966;67
2968;900002967;68
2969;900002968;69
2970;900002969;70
2971;900002970;71
2972;900002971;72
2973;900002972;73
2974;900002973;74
2975;900002974;75
2976;900002975;76
2977;900002976;77
2978;900002977;78
2979;900002978;79
2980;900002979;80
2981;900002980;81
2982;900002981;82
2983;900002982;83
2984;900002983;84
2985;900002984;85
2986;900002985;86
2987;900002986;87
2988;900002987;88
2989;900002988;89
2990;900002989;90
2991;900002990;91
2992;900002991;92
2993;900002992;93
2994;900002993;94
2995;900002994;95
2996;900002995;96
2997;900002996;97
2998;900002997;98
2999;900002998;99
3000;900002999;100
