id,id_ips,habilitado,id_terapias
12001,62,T,1
12002,22,T,2
12003,69,T,3
12004,94,T,4
12005,61,T,5
12006,31,F,6
12007,92,T,7
12008,53,F,8
12009,21,F,9
12010,48,T,10
12011,97,T,11
12012,39,F,12
12013,85,T,13
12014,91,F,14
12015,17,T,15
12016,1,T,16
12017,63,F,17
12018,50,T,18
12019,16,F,19
12020,98,T,20
12021,25,T,21
12022,84,T,22
12023,72,T,23
12024,26,T,24
12025,18,F,25
12026,15,F,26
12027,98,T,27
12028,46,F,28
12029,11,T,29
12030,84,T,30
12031,87,T,31
12032,75,F,32
12033,71,T,33
12034,27,T,34
12035,93,T,35
12036,39,F,36
12037,64,T,37
12038,9,T,38
12039,72,T,39
12040,81,T,40
12041,80,T,41
12042,4,T,42
12043,22,F,43
12044,97,F,44
12045,95,F,45
12046,1,T,46
12047,55,F,47
12048,99,T,48
12049,76,F,49
12050,80,T,50
12051,53,F,51
12052,50,F,52
12053,29,T,53
12054,28,T,54
12055,65,F,55
12056,9,F,56
12057,42,F,57
12058,81,F,58
12059,79,T,59
12060,17,F,60
12061,23,F,61
12062,91,T,62
12063,79,F,63
12064,44,T,64
12065,69,F,65
12066,92,F,66
12067,10,F,67
12068,9,F,68
12069,48,T,69
12070,41,F,70
12071,5,F,71
12072,92,F,72
12073,46,T,73
12074,56,F,74
12075,41,T,75
12076,76,T,76
12077,69,F,77
12078,29,T,78
12079,41,F,79
12080,78,T,80
12081,95,T,81
12082,51,T,82
12083,73,T,83
12084,87,T,84
12085,37,F,85
12086,56,T,86
12087,14,T,87
12088,35,F,88
12089,4,T,89
12090,31,F,90
12091,70,T,91
12092,47,F,92
12093,77,T,93
12094,30,F,94
12095,74,F,95
12096,76,T,96
12097,4,T,97
12098,61,F,98
12099,15,F,99
12100,46,T,100
12101,65,T,101
12102,54,T,102
12103,54,T,103
12104,48,F,104
12105,83,F,105
12106,3,F,106
12107,47,F,107
12108,26,T,108
12109,11,T,109
12110,62,T,110
12111,73,F,111
12112,76,T,112
12113,63,T,113
12114,82,T,114
12115,38,F,115
12116,53,T,116
12117,38,T,117
12118,27,F,118
12119,55,T,119
12120,2,T,120
12121,61,F,121
12122,64,T,122
12123,70,F,123
12124,44,F,124
12125,62,F,125
12126,28,F,126
12127,35,T,127
12128,21,T,128
12129,75,T,129
12130,6,F,130
12131,34,F,131
12132,97,F,132
12133,73,T,133
12134,62,F,134
12135,20,T,135
12136,41,T,136
12137,46,T,137
12138,71,T,138
12139,59,F,139
12140,12,T,140
12141,70,F,141
12142,46,T,142
12143,15,T,143
12144,37,F,144
12145,72,T,145
12146,44,F,146
12147,86,T,147
12148,8,F,148
12149,39,T,149
12150,33,F,150
12151,85,F,151
12152,79,T,152
12153,45,F,153
12154,32,T,154
12155,94,F,155
12156,45,F,156
12157,51,T,157
12158,19,T,158
12159,24,T,159
12160,58,F,160
12161,62,T,161
12162,82,T,162
12163,19,T,163
12164,13,T,164
12165,44,T,165
12166,64,T,166
12167,27,T,167
12168,66,F,168
12169,84,T,169
12170,8,T,170
12171,19,F,171
12172,58,F,172
12173,86,F,173
12174,46,F,174
12175,51,T,175
12176,66,T,176
12177,22,F,177
12178,48,F,178
12179,30,F,179
12180,22,T,180
12181,38,T,181
12182,14,T,182
12183,84,F,183
12184,4,F,184
12185,67,T,185
12186,45,T,186
12187,28,F,187
12188,19,F,188
12189,3,F,189
12190,5,F,190
12191,86,T,191
12192,80,F,192
12193,14,T,193
12194,76,T,194
12195,37,F,195
12196,37,F,196
12197,14,T,197
12198,3,F,198
12199,37,T,199
12200,45,F,200
12201,16,F,201
12202,45,F,202
12203,47,T,203
12204,28,T,204
12205,63,T,205
12206,54,F,206
12207,6,F,207
12208,23,F,208
12209,1,F,209
12210,60,F,210
12211,88,F,211
12212,80,T,212
12213,73,T,213
12214,52,T,214
12215,7,T,215
12216,97,F,216
12217,32,F,217
12218,10,T,218
12219,61,T,219
12220,82,T,220
12221,19,T,221
12222,62,F,222
12223,93,T,223
12224,100,F,224
12225,15,F,225
12226,14,T,226
12227,92,F,227
12228,10,F,228
12229,53,F,229
12230,33,T,230
12231,49,T,231
12232,1,F,232
12233,93,F,233
12234,67,T,234
12235,26,F,235
12236,65,T,236
12237,60,F,237
12238,32,F,238
12239,84,T,239
12240,12,T,240
12241,51,F,241
12242,26,T,242
12243,79,F,243
12244,47,F,244
12245,43,T,245
12246,71,F,246
12247,61,T,247
12248,44,T,248
12249,37,T,249
12250,19,F,250
12251,43,T,251
12252,78,T,252
12253,40,T,253
12254,53,F,254
12255,83,F,255
12256,48,T,256
12257,50,F,257
12258,55,F,258
12259,34,T,259
12260,80,F,260
12261,60,T,261
12262,49,F,262
12263,9,F,263
12264,9,T,264
12265,10,T,265
12266,84,T,266
12267,22,F,267
12268,64,F,268
12269,70,F,269
12270,45,T,270
12271,44,F,271
12272,81,F,272
12273,87,T,273
12274,50,F,274
12275,100,F,275
12276,78,T,276
12277,54,F,277
12278,29,T,278
12279,62,F,279
12280,73,T,280
12281,78,F,281
12282,21,T,282
12283,38,F,283
12284,80,F,284
12285,88,F,285
12286,53,T,286
12287,84,F,287
12288,84,F,288
12289,23,F,289
12290,41,F,290
12291,36,F,291
12292,2,F,292
12293,6,F,293
12294,20,F,294
12295,1,F,295
12296,17,F,296
12297,57,F,297
12298,53,F,298
12299,16,T,299
12300,7,T,300
12301,27,F,301
12302,67,T,302
12303,59,F,303
12304,60,T,304
12305,87,T,305
12306,88,F,306
12307,25,T,307
12308,41,F,308
12309,4,T,309
12310,50,T,310
12311,69,F,311
12312,31,T,312
12313,26,T,313
12314,55,T,314
12315,74,F,315
12316,33,F,316
12317,30,T,317
12318,50,T,318
12319,74,T,319
12320,80,T,320
12321,72,F,321
12322,78,F,322
12323,87,F,323
12324,92,F,324
12325,63,T,325
12326,48,T,326
12327,48,T,327
12328,2,T,328
12329,21,T,329
12330,35,F,330
12331,16,F,331
12332,5,T,332
12333,41,F,333
12334,30,T,334
12335,49,F,335
12336,56,T,336
12337,20,T,337
12338,51,T,338
12339,73,T,339
12340,75,T,340
12341,11,F,341
12342,98,F,342
12343,88,F,343
12344,34,F,344
12345,76,T,345
12346,23,T,346
12347,83,F,347
12348,66,T,348
12349,19,F,349
12350,55,T,350
12351,12,F,351
12352,33,T,352
12353,48,F,353
12354,12,F,354
12355,95,T,355
12356,60,T,356
12357,44,F,357
12358,100,T,358
12359,40,T,359
12360,57,T,360
12361,9,T,361
12362,76,T,362
12363,61,F,363
12364,100,T,364
12365,1,F,365
12366,4,T,366
12367,51,T,367
12368,53,F,368
12369,19,T,369
12370,98,F,370
12371,12,F,371
12372,93,T,372
12373,48,F,373
12374,27,F,374
12375,99,F,375
12376,93,F,376
12377,4,T,377
12378,38,F,378
12379,20,T,379
12380,91,T,380
12381,57,T,381
12382,12,T,382
12383,74,F,383
12384,53,F,384
12385,21,F,385
12386,84,T,386
12387,52,F,387
12388,63,F,388
12389,99,T,389
12390,62,F,390
12391,88,F,391
12392,22,F,392
12393,4,F,393
12394,88,F,394
12395,98,F,395
12396,60,T,396
12397,85,F,397
12398,96,T,398
12399,72,F,399
12400,75,T,400
12401,22,F,401
12402,17,T,402
12403,76,F,403
12404,89,T,404
12405,63,T,405
12406,83,F,406
12407,33,F,407
12408,46,F,408
12409,28,T,409
12410,76,T,410
12411,32,F,411
12412,87,F,412
12413,60,T,413
12414,99,F,414
12415,62,F,415
12416,44,T,416
12417,37,F,417
12418,81,T,418
12419,66,F,419
12420,97,T,420
12421,29,T,421
12422,75,F,422
12423,100,F,423
12424,69,F,424
12425,17,T,425
12426,53,F,426
12427,32,T,427
12428,70,F,428
12429,49,F,429
12430,29,T,430
12431,46,F,431
12432,62,T,432
12433,78,F,433
12434,58,T,434
12435,17,F,435
12436,98,T,436
12437,33,T,437
12438,63,T,438
12439,93,F,439
12440,97,F,440
12441,5,F,441
12442,86,T,442
12443,3,F,443
12444,32,T,444
12445,4,F,445
12446,4,T,446
12447,65,T,447
12448,56,F,448
12449,45,T,449
12450,12,T,450
12451,53,T,451
12452,77,F,452
12453,91,F,453
12454,34,F,454
12455,6,T,455
12456,95,T,456
12457,54,F,457
12458,88,T,458
12459,36,T,459
12460,39,F,460
12461,71,T,461
12462,97,F,462
12463,9,T,463
12464,14,T,464
12465,36,T,465
12466,45,F,466
12467,17,F,467
12468,3,F,468
12469,71,F,469
12470,22,F,470
12471,100,T,471
12472,5,F,472
12473,54,F,473
12474,63,F,474
12475,42,F,475
12476,24,F,476
12477,20,F,477
12478,94,T,478
12479,81,T,479
12480,58,F,480
12481,51,F,481
12482,52,T,482
12483,20,T,483
12484,84,T,484
12485,93,F,485
12486,45,F,486
12487,84,F,487
12488,95,T,488
12489,74,T,489
12490,3,T,490
12491,25,F,491
12492,90,F,492
12493,46,T,493
12494,51,F,494
12495,57,T,495
12496,22,F,496
12497,43,T,497
12498,74,T,498
12499,68,F,499
12500,57,T,500
12501,21,F,501
12502,54,T,502
12503,69,F,503
12504,79,T,504
12505,81,F,505
12506,20,F,506
12507,18,T,507
12508,41,F,508
12509,42,F,509
12510,38,F,510
12511,73,F,511
12512,59,F,512
12513,72,F,513
12514,85,T,514
12515,60,F,515
12516,5,T,516
12517,7,T,517
12518,31,T,518
12519,25,F,519
12520,64,T,520
12521,48,F,521
12522,3,T,522
12523,34,F,523
12524,84,F,524
12525,68,F,525
12526,5,F,526
12527,17,T,527
12528,69,T,528
12529,20,F,529
12530,57,T,530
12531,27,F,531
12532,11,F,532
12533,91,F,533
12534,76,F,534
12535,100,F,535
12536,82,F,536
12537,13,T,537
12538,24,T,538
12539,89,F,539
12540,91,T,540
12541,13,T,541
12542,62,F,542
12543,80,F,543
12544,18,T,544
12545,65,F,545
12546,23,T,546
12547,76,F,547
12548,23,T,548
12549,30,T,549
12550,48,F,550
12551,60,T,551
12552,6,F,552
12553,14,T,553
12554,37,F,554
12555,89,F,555
12556,8,F,556
12557,66,F,557
12558,29,F,558
12559,83,F,559
12560,67,T,560
12561,10,T,561
12562,91,T,562
12563,16,F,563
12564,25,T,564
12565,77,T,565
12566,83,T,566
12567,57,F,567
12568,19,T,568
12569,29,T,569
12570,56,T,570
12571,74,T,571
12572,10,F,572
12573,2,T,573
12574,90,T,574
12575,1,F,575
12576,53,T,576
12577,94,F,577
12578,31,T,578
12579,77,F,579
12580,1,T,580
12581,92,F,581
12582,37,F,582
12583,25,T,583
12584,33,T,584
12585,89,T,585
12586,99,F,586
12587,82,T,587
12588,40,F,588
12589,63,F,589
12590,87,T,590
12591,29,T,591
12592,82,T,592
12593,54,T,593
12594,98,F,594
12595,18,F,595
12596,45,F,596
12597,85,F,597
12598,69,F,598
12599,20,T,599
12600,73,T,600
12601,99,F,601
12602,72,F,602
12603,48,T,603
12604,74,T,604
12605,51,F,605
12606,18,T,606
12607,41,F,607
12608,28,F,608
12609,29,F,609
12610,65,F,610
12611,1,T,611
12612,68,T,612
12613,56,F,613
12614,44,T,614
12615,42,T,615
12616,44,F,616
12617,75,F,617
12618,44,F,618
12619,68,F,619
12620,76,T,620
12621,54,F,621
12622,31,F,622
12623,55,T,623
12624,39,T,624
12625,47,F,625
12626,70,T,626
12627,45,F,627
12628,99,T,628
12629,21,T,629
12630,7,F,630
12631,72,F,631
12632,49,T,632
12633,49,F,633
12634,34,F,634
12635,49,F,635
12636,26,F,636
12637,38,T,637
12638,18,T,638
12639,72,F,639
12640,55,F,640
12641,70,T,641
12642,46,F,642
12643,55,T,643
12644,75,F,644
12645,58,T,645
12646,42,T,646
12647,6,F,647
12648,40,T,648
12649,53,T,649
12650,1,T,650
12651,34,F,651
12652,72,T,652
12653,84,F,653
12654,6,T,654
12655,38,T,655
12656,76,F,656
12657,83,T,657
12658,18,T,658
12659,4,F,659
12660,2,F,660
12661,88,F,661
12662,40,F,662
12663,49,F,663
12664,88,F,664
12665,15,F,665
12666,63,F,666
12667,63,F,667
12668,61,F,668
12669,86,F,669
12670,31,F,670
12671,17,F,671
12672,41,T,672
12673,91,F,673
12674,30,T,674
12675,80,F,675
12676,74,F,676
12677,100,T,677
12678,22,T,678
12679,18,F,679
12680,40,T,680
12681,93,F,681
12682,75,T,682
12683,2,F,683
12684,67,T,684
12685,56,F,685
12686,71,F,686
12687,38,T,687
12688,61,F,688
12689,72,F,689
12690,74,F,690
12691,100,T,691
12692,48,T,692
12693,21,T,693
12694,76,T,694
12695,35,T,695
12696,56,T,696
12697,95,F,697
12698,6,T,698
12699,91,F,699
12700,2,T,700
12701,60,F,701
12702,79,T,702
12703,70,F,703
12704,33,F,704
12705,94,F,705
12706,21,T,706
12707,24,F,707
12708,77,T,708
12709,83,T,709
12710,7,T,710
12711,17,F,711
12712,51,T,712
12713,76,F,713
12714,13,T,714
12715,46,F,715
12716,12,T,716
12717,59,T,717
12718,55,F,718
12719,74,T,719
12720,38,F,720
12721,40,F,721
12722,49,T,722
12723,64,F,723
12724,86,T,724
12725,16,F,725
12726,68,T,726
12727,54,T,727
12728,89,F,728
12729,52,F,729
12730,95,F,730
12731,61,T,731
12732,36,F,732
12733,14,F,733
12734,77,T,734
12735,72,T,735
12736,45,T,736
12737,37,F,737
12738,60,T,738
12739,12,F,739
12740,67,T,740
12741,24,T,741
12742,53,F,742
12743,53,T,743
12744,61,T,744
12745,42,F,745
12746,80,F,746
12747,69,T,747
12748,77,T,748
12749,67,F,749
12750,73,T,750
12751,87,T,751
12752,33,T,752
12753,55,T,753
12754,8,T,754
12755,81,T,755
12756,34,T,756
12757,91,T,757
12758,86,F,758
12759,8,T,759
12760,54,T,760
12761,7,T,761
12762,60,F,762
12763,52,T,763
12764,41,T,764
12765,52,F,765
12766,30,T,766
12767,35,F,767
12768,70,T,768
12769,78,T,769
12770,20,F,770
12771,7,T,771
12772,37,F,772
12773,33,T,773
12774,52,T,774
12775,11,F,775
12776,17,T,776
12777,79,T,777
12778,41,F,778
12779,15,T,779
12780,23,F,780
12781,83,F,781
12782,37,F,782
12783,98,F,783
12784,34,T,784
12785,60,T,785
12786,91,F,786
12787,91,F,787
12788,48,T,788
12789,37,T,789
12790,50,T,790
12791,49,F,791
12792,62,T,792
12793,68,T,793
12794,86,F,794
12795,84,F,795
12796,99,T,796
12797,34,F,797
12798,34,F,798
12799,80,F,799
12800,24,F,800
12801,36,T,801
12802,47,T,802
12803,100,F,803
12804,49,F,804
12805,84,T,805
12806,1,F,806
12807,15,T,807
12808,43,T,808
12809,49,T,809
12810,51,T,810
12811,69,T,811
12812,99,F,812
12813,2,T,813
12814,71,F,814
12815,98,T,815
12816,10,F,816
12817,18,F,817
12818,12,F,818
12819,5,T,819
12820,7,T,820
12821,3,F,821
12822,36,F,822
12823,75,T,823
12824,99,F,824
12825,71,T,825
12826,18,F,826
12827,18,F,827
12828,59,T,828
12829,39,F,829
12830,3,T,830
12831,69,F,831
12832,20,T,832
12833,61,T,833
12834,71,T,834
12835,20,T,835
12836,76,T,836
12837,14,T,837
12838,96,T,838
12839,38,F,839
12840,65,F,840
12841,52,T,841
12842,57,F,842
12843,24,T,843
12844,97,F,844
12845,30,T,845
12846,87,F,846
12847,17,F,847
12848,1,T,848
12849,40,F,849
12850,53,T,850
12851,12,T,851
12852,34,F,852
12853,81,F,853
12854,10,F,854
12855,20,F,855
12856,59,F,856
12857,28,T,857
12858,48,F,858
12859,93,F,859
12860,27,F,860
12861,90,T,861
12862,57,T,862
12863,80,T,863
12864,61,T,864
12865,98,T,865
12866,2,F,866
12867,21,F,867
12868,24,T,868
12869,25,T,869
12870,14,T,870
12871,3,T,871
12872,84,T,872
12873,67,F,873
12874,8,F,874
12875,2,T,875
12876,16,F,876
12877,26,F,877
12878,59,F,878
12879,52,F,879
12880,99,T,880
12881,56,T,881
12882,30,T,882
12883,86,T,883
12884,70,F,884
12885,1,T,885
12886,77,F,886
12887,83,T,887
12888,11,T,888
12889,40,T,889
12890,34,F,890
12891,71,T,891
12892,14,F,892
12893,74,F,893
12894,18,F,894
12895,24,T,895
12896,84,T,896
12897,95,T,897
12898,34,F,898
12899,41,F,899
12900,53,T,900
12901,75,F,901
12902,93,F,902
12903,83,F,903
12904,83,T,904
12905,83,T,905
12906,2,F,906
12907,47,F,907
12908,38,F,908
12909,90,F,909
12910,58,T,910
12911,7,F,911
12912,38,F,912
12913,26,F,913
12914,57,F,914
12915,43,F,915
12916,64,F,916
12917,62,F,917
12918,23,T,918
12919,53,T,919
12920,9,T,920
12921,81,F,921
12922,12,T,922
12923,73,F,923
12924,46,T,924
12925,60,T,925
12926,50,F,926
12927,80,F,927
12928,29,T,928
12929,68,F,929
12930,13,F,930
12931,36,T,931
12932,48,T,932
12933,100,F,933
12934,82,T,934
12935,72,T,935
12936,8,T,936
12937,57,T,937
12938,11,F,938
12939,100,F,939
12940,61,F,940
12941,59,T,941
12942,6,T,942
12943,91,F,943
12944,52,T,944
12945,32,F,945
12946,29,F,946
12947,14,F,947
12948,42,T,948
12949,33,F,949
12950,57,F,950
12951,98,T,951
12952,42,T,952
12953,17,F,953
12954,55,T,954
12955,87,T,955
12956,50,T,956
12957,14,T,957
12958,94,F,958
12959,62,F,959
12960,54,T,960
12961,49,F,961
12962,5,T,962
12963,41,F,963
12964,13,F,964
12965,34,T,965
12966,36,T,966
12967,12,F,967
12968,90,F,968
12969,85,T,969
12970,24,T,970
12971,62,T,971
12972,47,T,972
12973,67,T,973
12974,8,T,974
12975,86,T,975
12976,85,T,976
12977,26,T,977
12978,19,T,978
12979,5,T,979
12980,97,F,980
12981,61,F,981
12982,82,F,982
12983,35,T,983
12984,16,F,984
12985,45,T,985
12986,21,T,986
12987,16,T,987
12988,54,F,988
12989,48,F,989
12990,45,T,990
12991,49,F,991
12992,69,F,992
12993,8,F,993
12994,37,F,994
12995,12,F,995
12996,29,T,996
12997,73,T,997
12998,75,F,998
12999,89,T,999
13000,100,T,1000
13001,49,T,1001
13002,86,F,1002
13003,18,F,1003
13004,49,F,1004
13005,29,F,1005
13006,7,F,1006
13007,44,F,1007
13008,1,T,1008
13009,48,T,1009
13010,11,T,1010
13011,16,T,1011
13012,52,F,1012
13013,55,T,1013
13014,21,T,1014
13015,80,F,1015
13016,73,T,1016
13017,4,F,1017
13018,38,F,1018
13019,59,F,1019
13020,100,F,1020
13021,21,F,1021
13022,23,T,1022
13023,5,F,1023
13024,49,T,1024
13025,12,F,1025
13026,78,T,1026
13027,59,T,1027
13028,14,T,1028
13029,38,F,1029
13030,9,T,1030
13031,15,F,1031
13032,69,T,1032
13033,58,T,1033
13034,42,T,1034
13035,48,T,1035
13036,33,T,1036
13037,95,T,1037
13038,57,T,1038
13039,63,T,1039
13040,27,F,1040
13041,2,T,1041
13042,28,F,1042
13043,53,T,1043
13044,67,F,1044
13045,69,T,1045
13046,33,F,1046
13047,76,T,1047
13048,10,T,1048
13049,28,F,1049
13050,65,F,1050
13051,7,F,1051
13052,70,T,1052
13053,98,T,1053
13054,44,T,1054
13055,60,T,1055
13056,22,T,1056
13057,78,F,1057
13058,74,T,1058
13059,45,F,1059
13060,70,F,1060
13061,1,T,1061
13062,18,F,1062
13063,92,F,1063
13064,49,T,1064
13065,24,F,1065
13066,2,T,1066
13067,48,F,1067
13068,87,T,1068
13069,77,T,1069
13070,68,F,1070
13071,40,F,1071
13072,22,T,1072
13073,62,F,1073
13074,88,F,1074
13075,95,T,1075
13076,22,F,1076
13077,78,T,1077
13078,71,F,1078
13079,49,F,1079
13080,75,F,1080
13081,50,T,1081
13082,28,T,1082
13083,10,T,1083
13084,77,F,1084
13085,3,T,1085
13086,6,T,1086
13087,27,T,1087
13088,73,F,1088
13089,13,F,1089
13090,70,T,1090
13091,94,T,1091
13092,56,F,1092
13093,81,F,1093
13094,66,F,1094
13095,18,T,1095
13096,53,F,1096
13097,26,T,1097
13098,36,F,1098
13099,78,T,1099
13100,10,T,1100
13101,73,F,1101
13102,23,T,1102
13103,73,F,1103
13104,78,T,1104
13105,80,F,1105
13106,54,F,1106
13107,17,F,1107
13108,85,F,1108
13109,42,F,1109
13110,36,T,1110
13111,47,F,1111
13112,30,T,1112
13113,12,T,1113
13114,42,F,1114
13115,54,F,1115
13116,61,T,1116
13117,95,F,1117
13118,32,T,1118
13119,39,F,1119
13120,6,T,1120
13121,10,F,1121
13122,71,F,1122
13123,47,F,1123
13124,36,F,1124
13125,99,F,1125
13126,53,F,1126
13127,13,T,1127
13128,91,T,1128
13129,22,F,1129
13130,85,T,1130
13131,48,F,1131
13132,89,F,1132
13133,10,T,1133
13134,93,F,1134
13135,84,F,1135
13136,7,F,1136
13137,47,F,1137
13138,83,F,1138
13139,4,F,1139
13140,91,F,1140
13141,52,F,1141
13142,92,T,1142
13143,5,F,1143
13144,42,F,1144
13145,35,F,1145
13146,26,T,1146
13147,7,T,1147
13148,71,T,1148
13149,3,F,1149
13150,36,T,1150
13151,85,F,1151
13152,47,T,1152
13153,25,T,1153
13154,27,F,1154
13155,12,F,1155
13156,8,F,1156
13157,14,T,1157
13158,18,T,1158
13159,54,T,1159
13160,4,F,1160
13161,89,T,1161
13162,25,F,1162
13163,5,T,1163
13164,3,T,1164
13165,91,F,1165
13166,23,F,1166
13167,61,T,1167
13168,96,T,1168
13169,37,F,1169
13170,55,F,1170
13171,83,F,1171
13172,45,F,1172
13173,98,F,1173
13174,81,F,1174
13175,100,F,1175
13176,99,T,1176
13177,8,T,1177
13178,20,F,1178
13179,65,F,1179
13180,12,F,1180
13181,54,T,1181
13182,14,F,1182
13183,70,F,1183
13184,94,T,1184
13185,19,T,1185
13186,49,F,1186
13187,42,T,1187
13188,42,T,1188
13189,92,T,1189
13190,53,T,1190
13191,94,F,1191
13192,98,T,1192
13193,63,F,1193
13194,43,T,1194
13195,32,T,1195
13196,84,F,1196
13197,55,F,1197
13198,94,T,1198
13199,63,F,1199
13200,91,T,1200
13201,93,F,1201
13202,53,F,1202
13203,79,F,1203
13204,41,F,1204
13205,72,T,1205
13206,72,T,1206
13207,51,T,1207
13208,40,T,1208
13209,26,F,1209
13210,39,T,1210
13211,37,T,1211
13212,55,T,1212
13213,25,T,1213
13214,53,T,1214
13215,71,F,1215
13216,82,T,1216
13217,42,F,1217
13218,54,F,1218
13219,76,T,1219
13220,43,F,1220
13221,51,T,1221
13222,71,T,1222
13223,42,T,1223
13224,81,T,1224
13225,96,T,1225
13226,60,F,1226
13227,8,T,1227
13228,42,T,1228
13229,74,T,1229
13230,23,F,1230
13231,43,F,1231
13232,17,F,1232
13233,53,T,1233
13234,96,F,1234
13235,30,T,1235
13236,19,F,1236
13237,79,F,1237
13238,97,T,1238
13239,57,F,1239
13240,99,T,1240
13241,25,T,1241
13242,34,T,1242
13243,42,T,1243
13244,11,T,1244
13245,77,F,1245
13246,40,T,1246
13247,87,T,1247
13248,33,F,1248
13249,80,F,1249
13250,45,F,1250
13251,74,F,1251
13252,9,T,1252
13253,37,T,1253
13254,34,T,1254
13255,48,F,1255
13256,33,T,1256
13257,12,F,1257
13258,53,F,1258
13259,26,F,1259
13260,59,F,1260
13261,60,T,1261
13262,13,F,1262
13263,93,F,1263
13264,32,T,1264
13265,67,T,1265
13266,25,T,1266
13267,76,T,1267
13268,90,T,1268
13269,89,F,1269
13270,84,F,1270
13271,91,T,1271
13272,54,T,1272
13273,62,T,1273
13274,12,F,1274
13275,38,F,1275
13276,80,T,1276
13277,5,T,1277
13278,19,F,1278
13279,24,T,1279
13280,27,F,1280
13281,73,F,1281
13282,89,F,1282
13283,77,F,1283
13284,24,T,1284
13285,95,T,1285
13286,18,F,1286
13287,95,T,1287
13288,20,T,1288
13289,94,F,1289
13290,37,F,1290
13291,12,T,1291
13292,74,F,1292
13293,87,F,1293
13294,30,F,1294
13295,16,F,1295
13296,66,T,1296
13297,31,T,1297
13298,36,F,1298
13299,42,F,1299
13300,44,T,1300
13301,20,F,1301
13302,11,T,1302
13303,3,F,1303
13304,10,F,1304
13305,20,F,1305
13306,24,T,1306
13307,50,F,1307
13308,74,T,1308
13309,1,T,1309
13310,36,T,1310
13311,63,T,1311
13312,14,F,1312
13313,84,T,1313
13314,29,F,1314
13315,95,F,1315
13316,53,T,1316
13317,76,F,1317
13318,79,T,1318
13319,8,T,1319
13320,66,T,1320
13321,27,F,1321
13322,77,T,1322
13323,58,T,1323
13324,11,T,1324
13325,79,F,1325
13326,5,T,1326
13327,44,T,1327
13328,90,F,1328
13329,2,T,1329
13330,4,T,1330
13331,17,F,1331
13332,20,F,1332
13333,53,F,1333
13334,97,F,1334
13335,16,F,1335
13336,2,T,1336
13337,76,T,1337
13338,87,F,1338
13339,58,F,1339
13340,1,F,1340
13341,73,T,1341
13342,65,T,1342
13343,33,F,1343
13344,24,F,1344
13345,7,F,1345
13346,31,F,1346
13347,39,T,1347
13348,37,T,1348
13349,69,F,1349
13350,44,T,1350
13351,96,F,1351
13352,33,T,1352
13353,91,F,1353
13354,51,F,1354
13355,30,T,1355
13356,98,F,1356
13357,10,F,1357
13358,23,F,1358
13359,28,F,1359
13360,25,F,1360
13361,47,T,1361
13362,31,T,1362
13363,100,T,1363
13364,1,T,1364
13365,100,T,1365
13366,91,T,1366
13367,99,F,1367
13368,82,F,1368
13369,82,F,1369
13370,19,T,1370
13371,21,T,1371
13372,87,T,1372
13373,96,T,1373
13374,98,T,1374
13375,88,F,1375
13376,16,T,1376
13377,66,T,1377
13378,75,T,1378
13379,10,T,1379
13380,16,F,1380
13381,59,T,1381
13382,65,F,1382
13383,99,F,1383
13384,11,T,1384
13385,52,F,1385
13386,14,F,1386
13387,93,T,1387
13388,72,T,1388
13389,72,T,1389
13390,93,F,1390
13391,90,F,1391
13392,66,T,1392
13393,18,F,1393
13394,55,T,1394
13395,37,F,1395
13396,21,F,1396
13397,34,F,1397
13398,16,T,1398
13399,1,T,1399
13400,39,F,1400
13401,70,T,1401
13402,19,T,1402
13403,61,F,1403
13404,99,F,1404
13405,65,F,1405
13406,19,F,1406
13407,56,T,1407
13408,8,T,1408
13409,11,T,1409
13410,98,T,1410
13411,40,T,1411
13412,30,F,1412
13413,56,F,1413
13414,96,F,1414
13415,47,T,1415
13416,31,T,1416
13417,19,F,1417
13418,74,F,1418
13419,29,T,1419
13420,15,T,1420
13421,99,T,1421
13422,57,T,1422
13423,19,T,1423
13424,7,F,1424
13425,73,F,1425
13426,91,F,1426
13427,38,F,1427
13428,18,F,1428
13429,82,T,1429
13430,31,T,1430
13431,58,T,1431
13432,54,T,1432
13433,84,T,1433
13434,50,T,1434
13435,35,F,1435
13436,52,T,1436
13437,99,T,1437
13438,19,F,1438
13439,81,F,1439
13440,36,T,1440
13441,47,F,1441
13442,33,T,1442
13443,41,F,1443
13444,12,F,1444
13445,78,T,1445
13446,10,T,1446
13447,53,T,1447
13448,5,F,1448
13449,26,T,1449
13450,2,F,1450
13451,71,F,1451
13452,3,F,1452
13453,68,F,1453
13454,45,F,1454
13455,61,F,1455
13456,84,T,1456
13457,95,F,1457
13458,86,F,1458
13459,36,T,1459
13460,48,F,1460
13461,53,F,1461
13462,48,T,1462
13463,1,F,1463
13464,23,T,1464
13465,87,T,1465
13466,38,F,1466
13467,78,F,1467
13468,97,F,1468
13469,83,T,1469
13470,60,F,1470
13471,98,T,1471
13472,28,T,1472
13473,41,T,1473
13474,37,T,1474
13475,60,F,1475
13476,40,T,1476
13477,32,T,1477
13478,68,T,1478
13479,65,T,1479
13480,81,F,1480
13481,79,F,1481
13482,29,F,1482
13483,79,F,1483
13484,18,T,1484
13485,5,T,1485
13486,46,F,1486
13487,64,F,1487
13488,45,T,1488
13489,16,T,1489
13490,41,T,1490
13491,80,T,1491
13492,39,T,1492
13493,17,T,1493
13494,82,F,1494
13495,39,T,1495
13496,58,F,1496
13497,32,T,1497
13498,25,T,1498
13499,26,F,1499
13500,47,F,1500
13501,58,T,1501
13502,50,F,1502
13503,55,T,1503
13504,13,T,1504
13505,22,F,1505
13506,25,F,1506
13507,73,F,1507
13508,76,F,1508
13509,25,F,1509
13510,38,T,1510
13511,27,F,1511
13512,50,F,1512
13513,94,T,1513
13514,19,T,1514
13515,44,T,1515
13516,62,F,1516
13517,52,T,1517
13518,58,F,1518
13519,98,T,1519
13520,48,T,1520
13521,58,T,1521
13522,5,F,1522
13523,82,F,1523
13524,97,T,1524
13525,58,F,1525
13526,27,T,1526
13527,63,F,1527
13528,7,T,1528
13529,94,F,1529
13530,69,T,1530
13531,55,F,1531
13532,20,F,1532
13533,17,F,1533
13534,53,T,1534
13535,51,T,1535
13536,91,T,1536
13537,41,T,1537
13538,3,F,1538
13539,69,T,1539
13540,57,T,1540
13541,45,F,1541
13542,34,T,1542
13543,79,F,1543
13544,28,T,1544
13545,23,T,1545
13546,84,F,1546
13547,95,T,1547
13548,31,T,1548
13549,98,F,1549
13550,78,T,1550
13551,83,F,1551
13552,83,T,1552
13553,45,T,1553
13554,75,F,1554
13555,4,T,1555
13556,2,T,1556
13557,84,F,1557
13558,67,F,1558
13559,39,F,1559
13560,88,T,1560
13561,93,T,1561
13562,23,F,1562
13563,82,T,1563
13564,37,T,1564
13565,67,T,1565
13566,4,T,1566
13567,20,T,1567
13568,40,F,1568
13569,24,T,1569
13570,84,F,1570
13571,68,T,1571
13572,70,T,1572
13573,64,F,1573
13574,62,F,1574
13575,96,F,1575
13576,73,T,1576
13577,26,T,1577
13578,5,F,1578
13579,86,F,1579
13580,34,T,1580
13581,2,T,1581
13582,10,T,1582
13583,16,F,1583
13584,97,T,1584
13585,24,T,1585
13586,59,F,1586
13587,35,F,1587
13588,21,T,1588
13589,56,F,1589
13590,65,T,1590
13591,79,T,1591
13592,86,T,1592
13593,35,F,1593
13594,64,F,1594
13595,18,T,1595
13596,24,T,1596
13597,73,T,1597
13598,15,T,1598
13599,59,F,1599
13600,43,F,1600
13601,93,F,1601
13602,48,T,1602
13603,97,T,1603
13604,80,F,1604
13605,40,T,1605
13606,25,F,1606
13607,16,T,1607
13608,58,T,1608
13609,84,F,1609
13610,91,F,1610
13611,60,F,1611
13612,37,F,1612
13613,70,T,1613
13614,20,T,1614
13615,62,F,1615
13616,21,F,1616
13617,67,F,1617
13618,24,T,1618
13619,83,F,1619
13620,53,T,1620
13621,98,F,1621
13622,56,T,1622
13623,53,T,1623
13624,5,F,1624
13625,35,T,1625
13626,64,T,1626
13627,72,T,1627
13628,88,F,1628
13629,29,F,1629
13630,68,F,1630
13631,2,F,1631
13632,35,T,1632
13633,61,T,1633
13634,38,F,1634
13635,61,T,1635
13636,46,T,1636
13637,22,T,1637
13638,92,F,1638
13639,11,F,1639
13640,47,T,1640
13641,9,T,1641
13642,46,F,1642
13643,29,F,1643
13644,34,F,1644
13645,83,T,1645
13646,85,T,1646
13647,29,T,1647
13648,45,F,1648
13649,34,F,1649
13650,22,F,1650
13651,16,F,1651
13652,93,F,1652
13653,42,T,1653
13654,16,F,1654
13655,16,F,1655
13656,61,T,1656
13657,51,T,1657
13658,51,T,1658
13659,16,F,1659
13660,39,T,1660
13661,27,F,1661
13662,68,F,1662
13663,86,T,1663
13664,96,F,1664
13665,58,F,1665
13666,42,F,1666
13667,24,T,1667
13668,64,T,1668
13669,10,T,1669
13670,15,T,1670
13671,38,T,1671
13672,17,T,1672
13673,56,F,1673
13674,17,T,1674
13675,7,F,1675
13676,89,F,1676
13677,69,T,1677
13678,60,F,1678
13679,38,F,1679
13680,66,T,1680
13681,10,T,1681
13682,3,F,1682
13683,69,T,1683
13684,55,T,1684
13685,20,T,1685
13686,54,T,1686
13687,38,T,1687
13688,50,T,1688
13689,29,F,1689
13690,63,F,1690
13691,94,T,1691
13692,66,T,1692
13693,16,T,1693
13694,94,T,1694
13695,69,T,1695
13696,47,F,1696
13697,94,T,1697
13698,3,F,1698
13699,23,F,1699
13700,2,T,1700
13701,78,T,1701
13702,78,F,1702
13703,37,T,1703
13704,45,T,1704
13705,35,F,1705
13706,85,F,1706
13707,25,T,1707
13708,82,T,1708
13709,72,T,1709
13710,75,F,1710
13711,28,T,1711
13712,66,T,1712
13713,42,F,1713
13714,66,T,1714
13715,91,T,1715
13716,44,T,1716
13717,53,F,1717
13718,36,T,1718
13719,97,T,1719
13720,78,F,1720
13721,46,F,1721
13722,6,F,1722
13723,97,F,1723
13724,59,T,1724
13725,61,T,1725
13726,14,T,1726
13727,92,T,1727
13728,69,F,1728
13729,73,T,1729
13730,31,F,1730
13731,59,F,1731
13732,17,F,1732
13733,100,T,1733
13734,64,F,1734
13735,14,T,1735
13736,82,F,1736
13737,36,T,1737
13738,56,F,1738
13739,51,T,1739
13740,2,F,1740
13741,15,F,1741
13742,14,T,1742
13743,93,F,1743
13744,86,F,1744
13745,14,F,1745
13746,36,T,1746
13747,63,F,1747
13748,24,F,1748
13749,35,F,1749
13750,40,T,1750
13751,100,F,1751
13752,19,T,1752
13753,47,F,1753
13754,75,F,1754
13755,24,F,1755
13756,37,T,1756
13757,60,F,1757
13758,2,T,1758
13759,56,T,1759
13760,74,T,1760
13761,64,T,1761
13762,97,T,1762
13763,56,T,1763
13764,63,F,1764
13765,88,T,1765
13766,49,F,1766
13767,51,F,1767
13768,32,F,1768
13769,89,F,1769
13770,97,T,1770
13771,96,F,1771
13772,67,F,1772
13773,64,T,1773
13774,17,F,1774
13775,37,F,1775
13776,65,T,1776
13777,10,F,1777
13778,86,T,1778
13779,59,T,1779
13780,75,F,1780
13781,2,T,1781
13782,79,F,1782
13783,5,T,1783
13784,40,F,1784
13785,76,T,1785
13786,9,F,1786
13787,51,F,1787
13788,96,T,1788
13789,10,T,1789
13790,31,F,1790
13791,22,T,1791
13792,65,T,1792
13793,5,F,1793
13794,33,T,1794
13795,19,T,1795
13796,32,T,1796
13797,36,F,1797
13798,95,F,1798
13799,94,F,1799
13800,24,F,1800
13801,42,F,1801
13802,71,T,1802
13803,39,T,1803
13804,35,F,1804
13805,24,T,1805
13806,10,F,1806
13807,40,T,1807
13808,73,T,1808
13809,16,F,1809
13810,66,F,1810
13811,16,F,1811
13812,98,T,1812
13813,58,T,1813
13814,85,F,1814
13815,33,F,1815
13816,67,F,1816
13817,77,F,1817
13818,82,F,1818
13819,29,F,1819
13820,39,F,1820
13821,63,T,1821
13822,98,F,1822
13823,13,T,1823
13824,80,F,1824
13825,62,F,1825
13826,4,T,1826
13827,50,T,1827
13828,70,T,1828
13829,2,T,1829
13830,35,F,1830
13831,70,T,1831
13832,67,T,1832
13833,25,T,1833
13834,19,F,1834
13835,93,T,1835
13836,66,F,1836
13837,18,T,1837
13838,90,T,1838
13839,8,T,1839
13840,13,T,1840
13841,40,T,1841
13842,82,T,1842
13843,33,F,1843
13844,44,T,1844
13845,91,F,1845
13846,62,T,1846
13847,89,F,1847
13848,48,T,1848
13849,89,T,1849
13850,36,F,1850
13851,37,F,1851
13852,47,T,1852
13853,38,F,1853
13854,44,F,1854
13855,90,T,1855
13856,19,T,1856
13857,44,T,1857
13858,17,T,1858
13859,100,F,1859
13860,21,F,1860
13861,75,T,1861
13862,99,T,1862
13863,45,T,1863
13864,99,T,1864
13865,88,F,1865
13866,74,T,1866
13867,9,F,1867
13868,30,F,1868
13869,52,F,1869
13870,60,T,1870
13871,62,F,1871
13872,9,F,1872
13873,24,T,1873
13874,89,F,1874
13875,71,F,1875
13876,48,T,1876
13877,63,T,1877
13878,75,F,1878
13879,72,F,1879
13880,90,T,1880
13881,81,T,1881
13882,65,T,1882
13883,100,T,1883
13884,98,T,1884
13885,70,F,1885
13886,97,F,1886
13887,5,T,1887
13888,76,T,1888
13889,6,T,1889
13890,9,T,1890
13891,34,T,1891
13892,41,T,1892
13893,42,F,1893
13894,64,F,1894
13895,15,T,1895
13896,87,F,1896
13897,38,F,1897
13898,42,T,1898
13899,62,T,1899
13900,40,T,1900
13901,74,T,1901
13902,30,T,1902
13903,69,F,1903
13904,64,F,1904
13905,96,F,1905
13906,81,F,1906
13907,42,T,1907
13908,57,T,1908
13909,43,F,1909
13910,76,T,1910
13911,9,F,1911
13912,49,F,1912
13913,16,T,1913
13914,12,T,1914
13915,71,T,1915
13916,37,T,1916
13917,26,F,1917
13918,89,T,1918
13919,9,F,1919
13920,8,F,1920
13921,88,T,1921
13922,42,F,1922
13923,7,T,1923
13924,59,F,1924
13925,32,F,1925
13926,50,T,1926
13927,91,F,1927
13928,66,F,1928
13929,4,T,1929
13930,42,T,1930
13931,52,F,1931
13932,86,F,1932
13933,34,F,1933
13934,2,F,1934
13935,19,F,1935
13936,100,F,1936
13937,86,F,1937
13938,43,T,1938
13939,67,T,1939
13940,51,F,1940
13941,84,F,1941
13942,33,F,1942
13943,60,T,1943
13944,55,T,1944
13945,49,T,1945
13946,39,F,1946
13947,58,T,1947
13948,14,T,1948
13949,93,T,1949
13950,88,T,1950
13951,51,F,1951
13952,40,F,1952
13953,76,T,1953
13954,31,T,1954
13955,28,T,1955
13956,58,T,1956
13957,12,F,1957
13958,66,F,1958
13959,42,T,1959
13960,10,T,1960
13961,44,F,1961
13962,68,T,1962
13963,6,T,1963
13964,10,F,1964
13965,66,T,1965
13966,50,T,1966
13967,97,T,1967
13968,94,T,1968
13969,48,F,1969
13970,32,F,1970
13971,95,F,1971
13972,87,T,1972
13973,2,T,1973
13974,84,T,1974
13975,83,T,1975
13976,13,T,1976
13977,43,T,1977
13978,28,F,1978
13979,20,T,1979
13980,85,T,1980
13981,27,T,1981
13982,78,T,1982
13983,65,F,1983
13984,53,F,1984
13985,11,T,1985
13986,31,T,1986
13987,33,F,1987
13988,23,T,1988
13989,98,T,1989
13990,4,F,1990
13991,44,F,1991
13992,68,T,1992
13993,67,F,1993
13994,79,F,1994
13995,24,F,1995
13996,11,T,1996
13997,91,F,1997
13998,66,T,1998
13999,13,T,1999
14000,26,F,2000
14001,14,F,2001
14002,95,F,2002
14003,31,T,2003
14004,37,T,2004
14005,47,F,2005
14006,3,T,2006
14007,30,T,2007
14008,98,T,2008
14009,88,F,2009
14010,68,F,2010
14011,76,F,2011
14012,56,T,2012
14013,84,T,2013
14014,5,F,2014
14015,88,T,2015
14016,48,F,2016
14017,27,F,2017
14018,70,F,2018
14019,53,T,2019
14020,8,T,2020
14021,90,F,2021
14022,33,F,2022
14023,31,F,2023
14024,9,T,2024
14025,32,T,2025
14026,19,T,2026
14027,64,T,2027
14028,94,T,2028
14029,71,F,2029
14030,27,F,2030
14031,45,F,2031
14032,88,T,2032
14033,48,F,2033
14034,42,T,2034
14035,55,F,2035
14036,40,F,2036
14037,65,F,2037
14038,56,F,2038
14039,7,F,2039
14040,53,T,2040
14041,86,F,2041
14042,5,F,2042
14043,43,F,2043
14044,59,T,2044
14045,16,T,2045
14046,67,F,2046
14047,55,F,2047
14048,70,F,2048
14049,41,T,2049
14050,43,T,2050
14051,45,T,2051
14052,74,T,2052
14053,4,F,2053
14054,21,T,2054
14055,5,T,2055
14056,13,T,2056
14057,37,F,2057
14058,99,T,2058
14059,8,T,2059
14060,72,F,2060
14061,46,F,2061
14062,96,T,2062
14063,71,F,2063
14064,62,F,2064
14065,80,F,2065
14066,48,F,2066
14067,67,T,2067
14068,44,T,2068
14069,9,T,2069
14070,28,F,2070
14071,82,F,2071
14072,40,F,2072
14073,66,F,2073
14074,66,F,2074
14075,87,T,2075
14076,12,T,2076
14077,44,F,2077
14078,16,F,2078
14079,78,F,2079
14080,56,F,2080
14081,3,T,2081
14082,23,T,2082
14083,12,F,2083
14084,97,T,2084
14085,38,T,2085
14086,20,T,2086
14087,90,F,2087
14088,34,T,2088
14089,42,F,2089
14090,93,T,2090
14091,13,T,2091
14092,96,T,2092
14093,34,T,2093
14094,97,F,2094
14095,44,T,2095
14096,35,F,2096
14097,30,F,2097
14098,79,T,2098
14099,34,F,2099
14100,48,F,2100
14101,53,T,2101
14102,75,F,2102
14103,15,T,2103
14104,73,F,2104
14105,1,T,2105
14106,52,F,2106
14107,10,F,2107
14108,13,F,2108
14109,2,F,2109
14110,39,T,2110
14111,62,F,2111
14112,51,T,2112
14113,50,T,2113
14114,97,T,2114
14115,18,F,2115
14116,1,F,2116
14117,68,F,2117
14118,74,T,2118
14119,62,T,2119
14120,22,F,2120
14121,16,T,2121
14122,25,T,2122
14123,1,F,2123
14124,12,F,2124
14125,95,F,2125
14126,79,T,2126
14127,7,F,2127
14128,3,F,2128
14129,71,F,2129
14130,63,T,2130
14131,52,F,2131
14132,87,F,2132
14133,5,F,2133
14134,100,F,2134
14135,23,F,2135
14136,37,T,2136
14137,99,T,2137
14138,99,F,2138
14139,72,F,2139
14140,94,F,2140
14141,83,F,2141
14142,66,T,2142
14143,24,T,2143
14144,27,T,2144
14145,23,F,2145
14146,86,F,2146
14147,23,F,2147
14148,9,F,2148
14149,99,F,2149
14150,34,F,2150
14151,96,T,2151
14152,48,F,2152
14153,91,T,2153
14154,30,F,2154
14155,64,T,2155
14156,90,F,2156
14157,92,F,2157
14158,71,T,2158
14159,9,F,2159
14160,10,F,2160
14161,65,F,2161
14162,48,T,2162
14163,79,T,2163
14164,32,F,2164
14165,59,T,2165
14166,7,T,2166
14167,88,F,2167
14168,42,F,2168
14169,69,F,2169
14170,99,T,2170
14171,34,F,2171
14172,95,T,2172
14173,76,T,2173
14174,52,T,2174
14175,88,F,2175
14176,80,F,2176
14177,6,T,2177
14178,54,T,2178
14179,68,F,2179
14180,96,T,2180
14181,44,T,2181
14182,45,T,2182
14183,2,T,2183
14184,32,F,2184
14185,50,T,2185
14186,88,F,2186
14187,36,F,2187
14188,38,F,2188
14189,27,F,2189
14190,58,F,2190
14191,57,F,2191
14192,17,F,2192
14193,4,T,2193
14194,11,T,2194
14195,72,T,2195
14196,78,T,2196
14197,50,T,2197
14198,78,T,2198
14199,57,T,2199
14200,92,T,2200
14201,93,F,2201
14202,5,T,2202
14203,87,F,2203
14204,74,T,2204
14205,19,F,2205
14206,2,F,2206
14207,89,F,2207
14208,30,T,2208
14209,56,F,2209
14210,54,F,2210
14211,39,F,2211
14212,37,T,2212
14213,75,T,2213
14214,10,F,2214
14215,85,T,2215
14216,100,T,2216
14217,45,T,2217
14218,71,F,2218
14219,8,T,2219
14220,17,T,2220
14221,78,F,2221
14222,55,T,2222
14223,59,F,2223
14224,69,F,2224
14225,16,F,2225
14226,27,T,2226
14227,63,T,2227
14228,18,F,2228
14229,26,T,2229
14230,4,F,2230
14231,79,F,2231
14232,64,T,2232
14233,5,T,2233
14234,44,T,2234
14235,13,F,2235
14236,43,F,2236
14237,23,F,2237
14238,87,T,2238
14239,52,F,2239
14240,15,F,2240
14241,36,F,2241
14242,68,F,2242
14243,66,T,2243
14244,34,T,2244
14245,33,F,2245
14246,81,T,2246
14247,7,F,2247
14248,5,T,2248
14249,1,F,2249
14250,43,F,2250
14251,51,F,2251
14252,24,T,2252
14253,26,T,2253
14254,69,T,2254
14255,84,T,2255
14256,73,F,2256
14257,91,F,2257
14258,52,F,2258
14259,80,T,2259
14260,69,T,2260
14261,60,F,2261
14262,91,T,2262
14263,34,T,2263
14264,24,F,2264
14265,33,T,2265
14266,36,T,2266
14267,38,T,2267
14268,17,F,2268
14269,41,T,2269
14270,85,T,2270
14271,82,T,2271
14272,33,T,2272
14273,84,F,2273
14274,56,F,2274
14275,33,T,2275
14276,86,T,2276
14277,83,T,2277
14278,79,T,2278
14279,86,F,2279
14280,86,T,2280
14281,25,F,2281
14282,67,T,2282
14283,92,T,2283
14284,37,T,2284
14285,73,T,2285
14286,39,F,2286
14287,71,F,2287
14288,97,F,2288
14289,16,F,2289
14290,26,F,2290
14291,79,T,2291
14292,93,F,2292
14293,66,T,2293
14294,84,F,2294
14295,7,F,2295
14296,80,T,2296
14297,84,T,2297
14298,49,F,2298
14299,65,F,2299
14300,70,F,2300
14301,18,T,2301
14302,70,T,2302
14303,78,T,2303
14304,75,T,2304
14305,59,T,2305
14306,46,T,2306
14307,74,F,2307
14308,53,T,2308
14309,37,F,2309
14310,42,F,2310
14311,85,T,2311
14312,98,T,2312
14313,72,T,2313
14314,2,T,2314
14315,49,T,2315
14316,73,F,2316
14317,30,F,2317
14318,64,F,2318
14319,4,T,2319
14320,58,F,2320
14321,64,F,2321
14322,32,F,2322
14323,75,T,2323
14324,99,F,2324
14325,90,F,2325
14326,21,F,2326
14327,64,F,2327
14328,64,F,2328
14329,54,T,2329
14330,81,F,2330
14331,53,T,2331
14332,82,F,2332
14333,17,T,2333
14334,35,F,2334
14335,10,T,2335
14336,89,T,2336
14337,41,T,2337
14338,74,F,2338
14339,9,T,2339
14340,10,T,2340
14341,69,F,2341
14342,22,F,2342
14343,22,F,2343
14344,94,T,2344
14345,80,T,2345
14346,91,F,2346
14347,26,T,2347
14348,49,F,2348
14349,25,T,2349
14350,93,T,2350
14351,50,T,2351
14352,76,F,2352
14353,35,F,2353
14354,58,F,2354
14355,6,T,2355
14356,86,F,2356
14357,80,F,2357
14358,90,F,2358
14359,94,T,2359
14360,47,T,2360
14361,84,F,2361
14362,57,T,2362
14363,95,T,2363
14364,68,T,2364
14365,62,T,2365
14366,3,T,2366
14367,15,F,2367
14368,23,F,2368
14369,30,F,2369
14370,77,F,2370
14371,77,F,2371
14372,37,T,2372
14373,80,F,2373
14374,98,F,2374
14375,58,T,2375
14376,41,T,2376
14377,96,F,2377
14378,72,T,2378
14379,23,F,2379
14380,100,F,2380
14381,69,T,2381
14382,36,F,2382
14383,32,F,2383
14384,61,F,2384
14385,9,F,2385
14386,6,T,2386
14387,43,F,2387
14388,34,T,2388
14389,47,T,2389
14390,1,T,2390
14391,54,T,2391
14392,45,T,2392
14393,97,F,2393
14394,100,T,2394
14395,79,T,2395
14396,78,F,2396
14397,53,F,2397
14398,92,F,2398
14399,58,F,2399
14400,7,F,2400
14401,8,T,2401
14402,5,T,2402
14403,60,T,2403
14404,64,T,2404
14405,50,T,2405
14406,20,F,2406
14407,27,F,2407
14408,71,T,2408
14409,99,T,2409
14410,36,F,2410
14411,17,T,2411
14412,79,T,2412
14413,47,F,2413
14414,30,T,2414
14415,98,F,2415
14416,26,T,2416
14417,1,T,2417
14418,23,T,2418
14419,90,T,2419
14420,72,T,2420
14421,63,T,2421
14422,73,F,2422
14423,76,T,2423
14424,71,T,2424
14425,4,F,2425
14426,7,F,2426
14427,7,F,2427
14428,22,F,2428
14429,96,F,2429
14430,46,T,2430
14431,60,F,2431
14432,89,T,2432
14433,15,F,2433
14434,75,T,2434
14435,97,T,2435
14436,76,T,2436
14437,75,F,2437
14438,8,T,2438
14439,29,F,2439
14440,65,T,2440
14441,35,F,2441
14442,29,F,2442
14443,19,T,2443
14444,4,F,2444
14445,57,T,2445
14446,13,F,2446
14447,9,F,2447
14448,4,F,2448
14449,61,T,2449
14450,95,T,2450
14451,21,T,2451
14452,30,F,2452
14453,10,T,2453
14454,18,T,2454
14455,53,T,2455
14456,2,T,2456
14457,48,F,2457
14458,29,T,2458
14459,77,F,2459
14460,84,F,2460
14461,65,T,2461
14462,69,F,2462
14463,5,T,2463
14464,90,T,2464
14465,20,F,2465
14466,19,F,2466
14467,50,F,2467
14468,90,T,2468
14469,35,T,2469
14470,31,F,2470
14471,61,T,2471
14472,16,F,2472
14473,35,F,2473
14474,42,T,2474
14475,93,F,2475
14476,38,T,2476
14477,54,T,2477
14478,48,F,2478
14479,95,T,2479
14480,11,T,2480
14481,39,T,2481
14482,46,T,2482
14483,32,T,2483
14484,26,T,2484
14485,11,T,2485
14486,49,T,2486
14487,62,F,2487
14488,69,T,2488
14489,94,T,2489
14490,67,T,2490
14491,50,T,2491
14492,68,F,2492
14493,88,F,2493
14494,42,T,2494
14495,87,F,2495
14496,65,T,2496
14497,5,F,2497
14498,75,T,2498
14499,10,T,2499
14500,12,F,2500
14501,91,F,2501
14502,48,T,2502
14503,57,T,2503
14504,98,T,2504
14505,60,T,2505
14506,67,F,2506
14507,90,F,2507
14508,25,T,2508
14509,98,T,2509
14510,47,F,2510
14511,32,F,2511
14512,1,T,2512
14513,93,F,2513
14514,47,F,2514
14515,98,T,2515
14516,60,F,2516
14517,65,T,2517
14518,64,F,2518
14519,81,T,2519
14520,24,F,2520
14521,99,F,2521
14522,57,T,2522
14523,54,T,2523
14524,41,T,2524
14525,25,T,2525
14526,76,F,2526
14527,42,F,2527
14528,87,T,2528
14529,58,T,2529
14530,34,F,2530
14531,26,T,2531
14532,90,F,2532
14533,27,T,2533
14534,53,F,2534
14535,40,F,2535
14536,83,T,2536
14537,27,T,2537
14538,93,T,2538
14539,17,F,2539
14540,84,T,2540
14541,39,T,2541
14542,5,T,2542
14543,88,F,2543
14544,65,T,2544
14545,25,T,2545
14546,81,T,2546
14547,89,F,2547
14548,56,F,2548
14549,20,F,2549
14550,89,F,2550
14551,25,T,2551
14552,49,T,2552
14553,54,F,2553
14554,62,F,2554
14555,70,F,2555
14556,98,T,2556
14557,37,F,2557
14558,85,F,2558
14559,21,T,2559
14560,25,F,2560
14561,55,T,2561
14562,97,T,2562
14563,41,T,2563
14564,64,T,2564
14565,2,F,2565
14566,43,T,2566
14567,74,T,2567
14568,96,F,2568
14569,62,F,2569
14570,38,T,2570
14571,10,T,2571
14572,82,T,2572
14573,82,F,2573
14574,80,T,2574
14575,24,F,2575
14576,54,T,2576
14577,73,T,2577
14578,15,F,2578
14579,95,T,2579
14580,84,T,2580
14581,39,F,2581
14582,20,T,2582
14583,1,F,2583
14584,63,T,2584
14585,9,F,2585
14586,2,F,2586
14587,27,F,2587
14588,49,F,2588
14589,67,T,2589
14590,9,T,2590
14591,14,T,2591
14592,22,F,2592
14593,30,F,2593
14594,6,F,2594
14595,8,F,2595
14596,8,F,2596
14597,51,T,2597
14598,11,T,2598
14599,45,T,2599
14600,11,F,2600
14601,33,T,2601
14602,75,T,2602
14603,63,F,2603
14604,77,F,2604
14605,99,F,2605
14606,53,T,2606
14607,1,F,2607
14608,38,F,2608
14609,67,F,2609
14610,82,T,2610
14611,7,T,2611
14612,86,T,2612
14613,80,T,2613
14614,26,F,2614
14615,37,F,2615
14616,78,F,2616
14617,74,T,2617
14618,32,T,2618
14619,28,F,2619
14620,96,F,2620
14621,73,F,2621
14622,25,T,2622
14623,61,F,2623
14624,35,T,2624
14625,17,F,2625
14626,97,T,2626
14627,46,F,2627
14628,66,F,2628
14629,84,F,2629
14630,23,T,2630
14631,91,T,2631
14632,72,F,2632
14633,43,T,2633
14634,48,T,2634
14635,66,T,2635
14636,87,T,2636
14637,13,F,2637
14638,21,T,2638
14639,80,F,2639
14640,46,T,2640
14641,23,F,2641
14642,96,F,2642
14643,47,T,2643
14644,88,T,2644
14645,95,T,2645
14646,11,F,2646
14647,63,F,2647
14648,26,F,2648
14649,56,T,2649
14650,40,T,2650
14651,3,F,2651
14652,18,F,2652
14653,82,F,2653
14654,67,F,2654
14655,1,T,2655
14656,65,T,2656
14657,97,F,2657
14658,55,T,2658
14659,34,T,2659
14660,76,T,2660
14661,68,T,2661
14662,35,F,2662
14663,59,T,2663
14664,8,F,2664
14665,66,F,2665
14666,91,T,2666
14667,5,F,2667
14668,87,F,2668
14669,51,F,2669
14670,11,T,2670
14671,52,T,2671
14672,93,T,2672
14673,28,F,2673
14674,71,T,2674
14675,96,T,2675
14676,100,F,2676
14677,49,F,2677
14678,45,F,2678
14679,21,T,2679
14680,4,T,2680
14681,45,F,2681
14682,66,T,2682
14683,92,T,2683
14684,16,T,2684
14685,7,F,2685
14686,41,F,2686
14687,21,T,2687
14688,59,T,2688
14689,59,F,2689
14690,29,T,2690
14691,10,F,2691
14692,64,T,2692
14693,21,T,2693
14694,32,F,2694
14695,73,F,2695
14696,58,F,2696
14697,34,F,2697
14698,11,F,2698
14699,31,F,2699
14700,55,T,2700
14701,19,T,2701
14702,52,F,2702
14703,37,T,2703
14704,8,T,2704
14705,94,T,2705
14706,9,T,2706
14707,84,T,2707
14708,7,T,2708
14709,45,F,2709
14710,36,F,2710
14711,41,T,2711
14712,98,T,2712
14713,75,T,2713
14714,8,F,2714
14715,55,T,2715
14716,43,F,2716
14717,7,F,2717
14718,39,T,2718
14719,71,T,2719
14720,24,F,2720
14721,6,F,2721
14722,35,T,2722
14723,17,T,2723
14724,2,T,2724
14725,68,F,2725
14726,23,T,2726
14727,1,T,2727
14728,69,F,2728
14729,48,F,2729
14730,63,F,2730
14731,36,F,2731
14732,94,T,2732
14733,38,T,2733
14734,13,T,2734
14735,27,F,2735
14736,4,T,2736
14737,53,F,2737
14738,16,F,2738
14739,76,T,2739
14740,18,F,2740
14741,61,T,2741
14742,36,F,2742
14743,5,T,2743
14744,76,F,2744
14745,29,F,2745
14746,13,T,2746
14747,90,F,2747
14748,46,T,2748
14749,36,T,2749
14750,3,F,2750
14751,51,T,2751
14752,32,T,2752
14753,91,T,2753
14754,87,T,2754
14755,18,T,2755
14756,85,F,2756
14757,32,F,2757
14758,39,T,2758
14759,64,F,2759
14760,68,F,2760
14761,78,F,2761
14762,31,F,2762
14763,84,F,2763
14764,81,F,2764
14765,6,T,2765
14766,15,F,2766
14767,54,F,2767
14768,37,F,2768
14769,15,T,2769
14770,94,T,2770
14771,2,T,2771
14772,48,T,2772
14773,98,F,2773
14774,40,T,2774
14775,24,F,2775
14776,99,T,2776
14777,43,T,2777
14778,13,T,2778
14779,55,T,2779
14780,71,T,2780
14781,91,T,2781
14782,15,F,2782
14783,3,T,2783
14784,100,F,2784
14785,46,T,2785
14786,17,T,2786
14787,64,F,2787
14788,58,F,2788
14789,53,T,2789
14790,91,F,2790
14791,25,T,2791
14792,98,F,2792
14793,26,T,2793
14794,33,F,2794
14795,91,F,2795
14796,39,F,2796
14797,87,T,2797
14798,66,T,2798
14799,52,F,2799
14800,15,T,2800
14801,66,T,2801
14802,70,F,2802
14803,76,T,2803
14804,67,T,2804
14805,81,F,2805
14806,29,F,2806
14807,38,T,2807
14808,41,T,2808
14809,30,T,2809
14810,84,T,2810
14811,70,T,2811
14812,51,F,2812
14813,87,F,2813
14814,19,T,2814
14815,89,F,2815
14816,88,T,2816
14817,25,F,2817
14818,66,T,2818
14819,73,T,2819
14820,87,F,2820
14821,68,F,2821
14822,38,T,2822
14823,4,F,2823
14824,20,F,2824
14825,98,T,2825
14826,23,T,2826
14827,37,F,2827
14828,61,F,2828
14829,2,F,2829
14830,32,F,2830
14831,55,T,2831
14832,98,T,2832
14833,66,T,2833
14834,72,T,2834
14835,36,F,2835
14836,50,F,2836
14837,37,T,2837
14838,67,T,2838
14839,42,F,2839
14840,40,F,2840
14841,48,T,2841
14842,34,F,2842
14843,94,F,2843
14844,26,T,2844
14845,39,F,2845
14846,96,F,2846
14847,51,F,2847
14848,16,F,2848
14849,54,T,2849
14850,58,T,2850
14851,62,T,2851
14852,38,T,2852
14853,37,F,2853
14854,19,T,2854
14855,37,T,2855
14856,29,F,2856
14857,85,T,2857
14858,63,T,2858
14859,12,T,2859
14860,84,F,2860
14861,23,F,2861
14862,47,F,2862
14863,64,T,2863
14864,98,F,2864
14865,72,F,2865
14866,43,T,2866
14867,84,T,2867
14868,64,F,2868
14869,74,F,2869
14870,4,T,2870
14871,46,T,2871
14872,88,T,2872
14873,23,T,2873
14874,46,T,2874
14875,57,T,2875
14876,56,T,2876
14877,36,T,2877
14878,46,F,2878
14879,69,T,2879
14880,64,F,2880
14881,24,F,2881
14882,59,T,2882
14883,56,T,2883
14884,91,T,2884
14885,17,T,2885
14886,1,F,2886
14887,15,F,2887
14888,87,F,2888
14889,29,F,2889
14890,1,F,2890
14891,47,T,2891
14892,34,F,2892
14893,26,F,2893
14894,95,T,2894
14895,64,T,2895
14896,87,F,2896
14897,79,F,2897
14898,59,T,2898
14899,53,T,2899
14900,10,F,2900
14901,79,T,2901
14902,41,F,2902
14903,56,F,2903
14904,70,F,2904
14905,7,T,2905
14906,16,T,2906
14907,78,F,2907
14908,97,F,2908
14909,78,T,2909
14910,56,T,2910
14911,35,F,2911
14912,27,T,2912
14913,56,T,2913
14914,44,F,2914
14915,50,T,2915
14916,84,F,2916
14917,84,F,2917
14918,46,T,2918
14919,39,F,2919
14920,62,F,2920
14921,63,T,2921
14922,44,T,2922
14923,30,F,2923
14924,17,T,2924
14925,91,T,2925
14926,77,F,2926
14927,18,T,2927
14928,9,F,2928
14929,44,T,2929
14930,48,F,2930
14931,80,T,2931
14932,95,T,2932
14933,1,F,2933
14934,55,T,2934
14935,65,F,2935
14936,27,F,2936
14937,47,F,2937
14938,84,T,2938
14939,41,T,2939
14940,69,F,2940
14941,7,F,2941
14942,28,T,2942
14943,37,T,2943
14944,67,F,2944
14945,7,F,2945
14946,95,T,2946
14947,26,F,2947
14948,89,T,2948
14949,63,T,2949
14950,63,T,2950
14951,33,F,2951
14952,23,T,2952
14953,39,F,2953
14954,54,F,2954
14955,93,T,2955
14956,73,F,2956
14957,90,F,2957
14958,11,T,2958
14959,90,F,2959
14960,15,F,2960
14961,36,F,2961
14962,4,T,2962
14963,45,F,2963
14964,36,F,2964
14965,76,F,2965
14966,66,T,2966
14967,27,T,2967
14968,13,F,2968
14969,92,T,2969
14970,29,T,2970
14971,27,T,2971
14972,35,T,2972
14973,1,T,2973
14974,39,F,2974
14975,36,T,2975
14976,70,T,2976
14977,55,F,2977
14978,72,T,2978
14979,73,F,2979
14980,24,T,2980
14981,74,F,2981
14982,86,T,2982
14983,16,T,2983
14984,6,T,2984
14985,19,F,2985
14986,87,F,2986
14987,60,F,2987
14988,81,T,2988
14989,76,F,2989
14990,26,T,2990
14991,88,T,2991
14992,97,T,2992
14993,93,F,2993
14994,17,T,2994
14995,84,T,2995
14996,86,T,2996
14997,28,F,2997
14998,94,T,2998
14999,35,T,2999
15000,91,T,3000
15001,23,F,3001
15002,85,F,3002
15003,65,T,3003
15004,74,F,3004
15005,33,T,3005
15006,36,T,3006
15007,32,F,3007
15008,29,F,3008
15009,18,F,3009
15010,45,F,3010
15011,65,F,3011
15012,3,F,3012
15013,65,T,3013
15014,87,F,3014
15015,52,T,3015
15016,88,F,3016
15017,66,F,3017
15018,61,T,3018
15019,89,F,3019
15020,89,F,3020
15021,17,T,3021
15022,6,F,3022
15023,60,F,3023
15024,43,F,3024
15025,96,T,3025
15026,45,T,3026
15027,8,F,3027
15028,35,F,3028
15029,51,T,3029
15030,5,T,3030
15031,42,T,3031
15032,1,T,3032
15033,80,T,3033
15034,62,T,3034
15035,48,T,3035
15036,71,T,3036
15037,83,T,3037
15038,54,T,3038
15039,91,T,3039
15040,60,T,3040
15041,39,T,3041
15042,92,F,3042
15043,89,F,3043
15044,74,T,3044
15045,91,F,3045
15046,11,F,3046
15047,14,F,3047
15048,78,T,3048
15049,7,T,3049
15050,69,T,3050
15051,2,F,3051
15052,52,F,3052
15053,45,T,3053
15054,50,F,3054
15055,83,T,3055
15056,6,T,3056
15057,45,F,3057
15058,36,T,3058
15059,57,T,3059
15060,9,T,3060
15061,70,F,3061
15062,79,F,3062
15063,62,T,3063
15064,41,F,3064
15065,81,F,3065
15066,70,T,3066
15067,39,T,3067
15068,94,T,3068
15069,35,F,3069
15070,49,T,3070
15071,56,T,3071
15072,84,F,3072
15073,76,F,3073
15074,93,T,3074
15075,21,F,3075
15076,8,T,3076
15077,51,T,3077
15078,27,F,3078
15079,95,T,3079
15080,89,T,3080
15081,71,T,3081
15082,12,T,3082
15083,86,F,3083
15084,31,T,3084
15085,75,T,3085
15086,21,T,3086
15087,75,T,3087
15088,55,T,3088
15089,32,F,3089
15090,80,T,3090
15091,83,F,3091
15092,14,T,3092
15093,10,T,3093
15094,34,F,3094
15095,11,T,3095
15096,27,F,3096
15097,19,F,3097
15098,7,T,3098
15099,46,T,3099
15100,25,T,3100
15101,33,T,3101
15102,53,T,3102
15103,70,F,3103
15104,72,T,3104
15105,36,T,3105
15106,68,F,3106
15107,55,T,3107
15108,45,F,3108
15109,57,T,3109
15110,61,T,3110
15111,5,F,3111
15112,40,T,3112
15113,6,F,3113
15114,72,T,3114
15115,4,T,3115
15116,44,F,3116
15117,93,F,3117
15118,2,F,3118
15119,30,F,3119
15120,68,F,3120
15121,62,T,3121
15122,85,F,3122
15123,3,F,3123
15124,40,F,3124
15125,31,T,3125
15126,74,T,3126
15127,60,F,3127
15128,93,F,3128
15129,96,T,3129
15130,100,F,3130
15131,86,F,3131
15132,16,F,3132
15133,93,F,3133
15134,80,F,3134
15135,17,F,3135
15136,41,T,3136
15137,46,T,3137
15138,49,T,3138
15139,82,F,3139
15140,43,T,3140
15141,36,T,3141
15142,90,T,3142
15143,88,F,3143
15144,9,T,3144
15145,48,T,3145
15146,65,F,3146
15147,95,T,3147
15148,54,F,3148
15149,80,F,3149
15150,6,F,3150
15151,94,T,3151
15152,76,T,3152
15153,77,T,3153
15154,2,T,3154
15155,8,F,3155
15156,65,T,3156
15157,95,F,3157
15158,1,T,3158
15159,61,T,3159
15160,35,T,3160
15161,54,T,3161
15162,41,F,3162
15163,92,F,3163
15164,8,F,3164
15165,55,F,3165
15166,98,T,3166
15167,92,T,3167
15168,2,T,3168
15169,25,T,3169
15170,93,F,3170
15171,92,F,3171
15172,10,T,3172
15173,34,F,3173
15174,60,F,3174
15175,48,T,3175
15176,32,T,3176
15177,51,T,3177
15178,21,T,3178
15179,81,F,3179
15180,84,T,3180
15181,82,F,3181
15182,83,F,3182
15183,96,F,3183
15184,71,F,3184
15185,4,T,3185
15186,25,T,3186
15187,11,T,3187
15188,1,F,3188
15189,89,T,3189
15190,75,F,3190
15191,11,T,3191
15192,74,F,3192
15193,13,T,3193
15194,45,T,3194
15195,98,T,3195
15196,42,T,3196
15197,2,T,3197
15198,22,T,3198
15199,72,T,3199
15200,37,F,3200
15201,44,F,3201
15202,20,F,3202
15203,38,T,3203
15204,59,F,3204
15205,11,T,3205
15206,95,T,3206
15207,84,T,3207
15208,45,F,3208
15209,54,F,3209
15210,83,T,3210
15211,15,T,3211
15212,27,T,3212
15213,9,T,3213
15214,59,F,3214
15215,33,T,3215
15216,71,F,3216
15217,99,F,3217
15218,93,T,3218
15219,2,F,3219
15220,88,T,3220
15221,70,F,3221
15222,73,F,3222
15223,52,F,3223
15224,82,T,3224
15225,43,F,3225
15226,93,T,3226
15227,20,F,3227
15228,56,T,3228
15229,60,T,3229
15230,29,T,3230
15231,21,F,3231
15232,90,T,3232
15233,100,T,3233
15234,26,F,3234
15235,25,F,3235
15236,35,F,3236
15237,40,T,3237
15238,20,T,3238
15239,25,F,3239
15240,28,T,3240
15241,36,T,3241
15242,90,F,3242
15243,92,T,3243
15244,38,F,3244
15245,22,F,3245
15246,75,T,3246
15247,7,T,3247
15248,6,F,3248
15249,4,T,3249
15250,68,F,3250
15251,43,T,3251
15252,14,F,3252
15253,34,F,3253
15254,47,F,3254
15255,68,T,3255
15256,88,T,3256
15257,44,T,3257
15258,20,F,3258
15259,26,F,3259
15260,43,T,3260
15261,33,T,3261
15262,93,F,3262
15263,55,F,3263
15264,84,F,3264
15265,79,F,3265
15266,91,F,3266
15267,73,F,3267
15268,83,F,3268
15269,24,T,3269
15270,73,T,3270
15271,53,F,3271
15272,92,F,3272
15273,40,T,3273
15274,94,T,3274
15275,24,F,3275
15276,33,T,3276
15277,61,F,3277
15278,39,F,3278
15279,51,T,3279
15280,6,F,3280
15281,7,F,3281
15282,59,F,3282
15283,21,F,3283
15284,18,T,3284
15285,22,T,3285
15286,66,T,3286
15287,26,F,3287
15288,13,F,3288
15289,91,T,3289
15290,65,T,3290
15291,36,F,3291
15292,94,T,3292
15293,34,F,3293
15294,57,T,3294
15295,2,F,3295
15296,47,T,3296
15297,78,F,3297
15298,59,T,3298
15299,77,T,3299
15300,6,T,3300
15301,8,T,3301
15302,40,F,3302
15303,47,T,3303
15304,58,T,3304
15305,86,T,3305
15306,65,F,3306
15307,81,F,3307
15308,95,F,3308
15309,39,T,3309
15310,97,T,3310
15311,85,F,3311
15312,29,T,3312
15313,90,F,3313
15314,20,F,3314
15315,60,F,3315
15316,35,F,3316
15317,28,F,3317
15318,89,F,3318
15319,9,F,3319
15320,4,T,3320
15321,5,F,3321
15322,25,F,3322
15323,7,T,3323
15324,11,F,3324
15325,53,F,3325
15326,28,T,3326
15327,11,T,3327
15328,68,T,3328
15329,38,F,3329
15330,65,F,3330
15331,39,T,3331
15332,89,T,3332
15333,91,T,3333
15334,86,T,3334
15335,11,F,3335
15336,19,T,3336
15337,71,F,3337
15338,25,F,3338
15339,62,T,3339
15340,22,F,3340
15341,1,T,3341
15342,100,F,3342
15343,83,T,3343
15344,44,F,3344
15345,59,T,3345
15346,15,T,3346
15347,96,F,3347
15348,52,F,3348
15349,22,T,3349
15350,43,F,3350
15351,27,T,3351
15352,91,T,3352
15353,86,T,3353
15354,10,F,3354
15355,59,F,3355
15356,4,F,3356
15357,6,T,3357
15358,28,T,3358
15359,76,F,3359
15360,7,T,3360
15361,25,T,3361
15362,69,T,3362
15363,34,T,3363
15364,46,F,3364
15365,11,F,3365
15366,94,T,3366
15367,80,F,3367
15368,7,T,3368
15369,6,F,3369
15370,54,F,3370
15371,15,F,3371
15372,95,F,3372
15373,16,T,3373
15374,21,T,3374
15375,11,T,3375
15376,12,T,3376
15377,33,T,3377
15378,76,F,3378
15379,94,T,3379
15380,17,T,3380
15381,3,T,3381
15382,15,F,3382
15383,10,F,3383
15384,100,F,3384
15385,72,F,3385
15386,7,F,3386
15387,18,F,3387
15388,19,T,3388
15389,99,F,3389
15390,2,T,3390
15391,35,F,3391
15392,12,T,3392
15393,5,F,3393
15394,48,F,3394
15395,11,F,3395
15396,63,T,3396
15397,15,T,3397
15398,64,T,3398
15399,51,T,3399
15400,9,F,3400
15401,61,F,3401
15402,12,T,3402
15403,6,T,3403
15404,95,F,3404
15405,27,T,3405
15406,26,F,3406
15407,42,T,3407
15408,50,F,3408
15409,91,T,3409
15410,94,T,3410
15411,1,F,3411
15412,93,F,3412
15413,17,T,3413
15414,35,T,3414
15415,24,T,3415
15416,19,F,3416
15417,8,T,3417
15418,60,T,3418
15419,29,F,3419
15420,63,T,3420
15421,47,T,3421
15422,5,T,3422
15423,88,T,3423
15424,85,T,3424
15425,20,T,3425
15426,5,T,3426
15427,25,T,3427
15428,3,F,3428
15429,98,F,3429
15430,46,T,3430
15431,11,T,3431
15432,33,F,3432
15433,49,T,3433
15434,49,T,3434
15435,53,T,3435
15436,56,F,3436
15437,71,F,3437
15438,83,F,3438
15439,1,F,3439
15440,77,F,3440
15441,19,F,3441
15442,49,F,3442
15443,35,T,3443
15444,15,F,3444
15445,48,F,3445
15446,78,T,3446
15447,53,T,3447
15448,81,T,3448
15449,31,T,3449
15450,91,T,3450
15451,46,T,3451
15452,10,T,3452
15453,98,F,3453
15454,53,T,3454
15455,41,T,3455
15456,51,T,3456
15457,33,T,3457
15458,46,F,3458
15459,73,F,3459
15460,53,F,3460
15461,58,F,3461
15462,10,F,3462
15463,52,T,3463
15464,30,T,3464
15465,70,F,3465
15466,100,F,3466
15467,88,F,3467
15468,72,T,3468
15469,52,F,3469
15470,91,F,3470
15471,1,T,3471
15472,9,T,3472
15473,38,T,3473
15474,6,T,3474
15475,56,T,3475
15476,12,T,3476
15477,73,T,3477
15478,67,T,3478
15479,77,F,3479
15480,79,T,3480
15481,47,F,3481
15482,56,F,3482
15483,16,F,3483
15484,43,F,3484
15485,58,F,3485
15486,75,T,3486
15487,24,F,3487
15488,66,F,3488
15489,100,F,3489
15490,37,T,3490
15491,36,T,3491
15492,19,F,3492
15493,16,F,3493
15494,88,T,3494
15495,3,F,3495
15496,62,F,3496
15497,46,F,3497
15498,18,T,3498
15499,5,T,3499
15500,68,T,3500
15501,57,F,3501
15502,21,T,3502
15503,29,F,3503
15504,1,T,3504
15505,15,T,3505
15506,68,F,3506
15507,20,T,3507
15508,41,T,3508
15509,61,T,3509
15510,60,T,3510
15511,80,F,3511
15512,87,F,3512
15513,46,T,3513
15514,76,T,3514
15515,34,T,3515
15516,5,F,3516
15517,25,T,3517
15518,42,F,3518
15519,10,F,3519
15520,82,T,3520
15521,60,F,3521
15522,78,T,3522
15523,76,T,3523
15524,60,F,3524
15525,98,F,3525
15526,41,F,3526
15527,55,F,3527
15528,55,F,3528
15529,15,F,3529
15530,44,F,3530
15531,38,F,3531
15532,50,T,3532
15533,3,F,3533
15534,90,T,3534
15535,5,T,3535
15536,15,T,3536
15537,49,F,3537
15538,56,F,3538
15539,40,T,3539
15540,8,T,3540
15541,28,F,3541
15542,89,F,3542
15543,83,F,3543
15544,64,F,3544
15545,9,F,3545
15546,59,F,3546
15547,28,T,3547
15548,60,T,3548
15549,5,T,3549
15550,6,F,3550
15551,18,F,3551
15552,100,T,3552
15553,69,F,3553
15554,32,T,3554
15555,32,T,3555
15556,74,T,3556
15557,29,T,3557
15558,3,T,3558
15559,42,T,3559
15560,6,F,3560
15561,64,T,3561
15562,72,F,3562
15563,50,T,3563
15564,81,F,3564
15565,44,T,3565
15566,40,F,3566
15567,78,T,3567
15568,91,F,3568
15569,30,T,3569
15570,94,T,3570
15571,6,F,3571
15572,63,T,3572
15573,36,T,3573
15574,80,F,3574
15575,59,F,3575
15576,84,T,3576
15577,75,F,3577
15578,78,F,3578
15579,36,T,3579
15580,68,T,3580
15581,27,T,3581
15582,39,T,3582
15583,69,T,3583
15584,3,F,3584
15585,5,T,3585
15586,34,T,3586
15587,36,T,3587
15588,20,T,3588
15589,25,T,3589
15590,61,F,3590
15591,18,F,3591
15592,45,F,3592
15593,55,F,3593
15594,77,F,3594
15595,14,T,3595
15596,96,T,3596
15597,30,T,3597
15598,33,T,3598
15599,58,F,3599
15600,16,T,3600
