id,id_ips,habilitado,id_hospitalizacion
4801,5,T,1
4802,88,F,2
4803,31,T,3
4804,87,T,4
4805,44,T,5
4806,30,T,6
4807,72,T,7
4808,50,F,8
4809,28,T,9
4810,24,T,10
4811,88,T,11
4812,47,F,12
4813,35,F,13
4814,81,F,14
4815,24,F,15
4816,66,F,16
4817,2,T,17
4818,46,F,18
4819,87,T,19
4820,48,T,20
4821,25,F,21
4822,87,F,22
4823,47,F,23
4824,7,T,24
4825,59,T,25
4826,91,T,26
4827,27,F,27
4828,3,F,28
4829,8,T,29
4830,52,F,30
4831,16,T,31
4832,95,F,32
4833,100,T,33
4834,82,T,34
4835,26,F,35
4836,35,T,36
4837,86,F,37
4838,62,F,38
4839,51,T,39
4840,91,F,40
4841,8,T,41
4842,39,T,42
4843,83,T,43
4844,69,T,44
4845,16,T,45
4846,94,T,46
4847,97,T,47
4848,22,F,48
4849,95,T,49
4850,59,T,50
4851,33,F,51
4852,13,F,52
4853,50,T,53
4854,11,T,54
4855,76,T,55
4856,89,T,56
4857,79,F,57
4858,14,F,58
4859,46,T,59
4860,96,F,60
4861,69,F,61
4862,69,T,62
4863,38,T,63
4864,84,T,64
4865,24,T,65
4866,48,F,66
4867,75,T,67
4868,52,F,68
4869,95,F,69
4870,69,F,70
4871,30,T,71
4872,94,T,72
4873,32,F,73
4874,7,F,74
4875,63,T,75
4876,81,T,76
4877,69,F,77
4878,17,F,78
4879,60,F,79
4880,42,F,80
4881,82,T,81
4882,89,T,82
4883,21,T,83
4884,16,T,84
4885,90,F,85
4886,17,T,86
4887,25,T,87
4888,84,T,88
4889,36,F,89
4890,50,F,90
4891,37,T,91
4892,15,F,92
4893,20,T,93
4894,42,T,94
4895,76,T,95
4896,41,T,96
4897,17,F,97
4898,99,F,98
4899,58,T,99
4900,16,T,100
4901,16,F,101
4902,46,F,102
4903,22,F,103
4904,58,T,104
4905,66,T,105
4906,40,T,106
4907,92,T,107
4908,45,T,108
4909,69,F,109
4910,24,T,110
4911,49,T,111
4912,63,T,112
4913,95,T,113
4914,88,T,114
4915,87,F,115
4916,66,F,116
4917,14,F,117
4918,39,T,118
4919,45,T,119
4920,17,F,120
4921,44,F,121
4922,94,F,122
4923,100,F,123
4924,96,F,124
4925,4,F,125
4926,54,T,126
4927,79,T,127
4928,68,T,128
4929,46,T,129
4930,12,F,130
4931,31,T,131
4932,36,F,132
4933,11,T,133
4934,28,T,134
4935,23,F,135
4936,5,F,136
4937,30,T,137
4938,25,F,138
4939,18,F,139
4940,82,F,140
4941,35,F,141
4942,40,T,142
4943,70,T,143
4944,43,T,144
4945,2,T,145
4946,88,F,146
4947,94,F,147
4948,48,F,148
4949,25,T,149
4950,4,T,150
4951,20,F,151
4952,90,F,152
4953,18,F,153
4954,50,T,154
4955,40,T,155
4956,52,T,156
4957,95,T,157
4958,3,T,158
4959,88,F,159
4960,52,F,160
4961,82,F,161
4962,24,F,162
4963,11,F,163
4964,7,T,164
4965,95,T,165
4966,96,T,166
4967,100,T,167
4968,46,T,168
4969,3,T,169
4970,8,T,170
4971,98,T,171
4972,34,F,172
4973,49,T,173
4974,61,F,174
4975,73,T,175
4976,19,T,176
4977,27,F,177
4978,92,F,178
4979,72,T,179
4980,70,F,180
4981,86,T,181
4982,58,F,182
4983,94,F,183
4984,91,F,184
4985,26,F,185
4986,43,T,186
4987,36,F,187
4988,16,T,188
4989,93,T,189
4990,95,F,190
4991,34,F,191
4992,50,F,192
4993,44,F,193
4994,8,T,194
4995,77,F,195
4996,11,F,196
4997,71,F,197
4998,63,T,198
4999,68,T,199
5000,40,T,200
5001,45,F,201
5002,60,F,202
5003,74,T,203
5004,62,T,204
5005,37,F,205
5006,92,T,206
5007,86,T,207
5008,83,F,208
5009,96,F,209
5010,35,T,210
5011,18,T,211
5012,44,T,212
5013,83,T,213
5014,91,T,214
5015,90,T,215
5016,28,T,216
5017,19,T,217
5018,51,T,218
5019,45,F,219
5020,57,T,220
5021,52,T,221
5022,24,F,222
5023,84,T,223
5024,14,F,224
5025,52,T,225
5026,89,F,226
5027,60,T,227
5028,38,F,228
5029,39,T,229
5030,86,T,230
5031,77,F,231
5032,33,T,232
5033,65,T,233
5034,27,T,234
5035,51,T,235
5036,99,F,236
5037,9,T,237
5038,52,F,238
5039,71,F,239
5040,52,F,240
5041,86,T,241
5042,12,F,242
5043,25,F,243
5044,62,F,244
5045,33,T,245
5046,13,T,246
5047,16,T,247
5048,75,T,248
5049,61,T,249
5050,23,F,250
5051,98,T,251
5052,99,F,252
5053,48,F,253
5054,63,T,254
5055,46,T,255
5056,94,T,256
5057,72,F,257
5058,70,T,258
5059,90,T,259
5060,51,F,260
5061,42,T,261
5062,49,T,262
5063,26,T,263
5064,27,T,264
5065,80,T,265
5066,51,F,266
5067,40,F,267
5068,39,T,268
5069,31,F,269
5070,33,F,270
5071,11,F,271
5072,95,T,272
5073,30,T,273
5074,33,T,274
5075,84,T,275
5076,88,T,276
5077,65,F,277
5078,24,F,278
5079,7,F,279
5080,92,T,280
5081,4,F,281
5082,25,T,282
5083,87,F,283
5084,67,F,284
5085,65,T,285
5086,41,T,286
5087,17,T,287
5088,85,T,288
5089,17,T,289
5090,33,T,290
5091,56,F,291
5092,44,T,292
5093,41,F,293
5094,93,T,294
5095,67,F,295
5096,29,F,296
5097,17,F,297
5098,36,T,298
5099,58,F,299
5100,11,T,300
5101,100,F,301
5102,33,T,302
5103,19,F,303
5104,6,T,304
5105,50,T,305
5106,13,T,306
5107,54,T,307
5108,81,T,308
5109,63,F,309
5110,53,F,310
5111,74,F,311
5112,37,F,312
5113,87,T,313
5114,76,F,314
5115,31,T,315
5116,13,T,316
5117,25,T,317
5118,59,F,318
5119,70,F,319
5120,40,F,320
5121,46,F,321
5122,87,F,322
5123,7,F,323
5124,83,F,324
5125,70,T,325
5126,66,T,326
5127,56,F,327
5128,41,F,328
5129,69,T,329
5130,8,T,330
5131,75,T,331
5132,12,T,332
5133,95,T,333
5134,73,F,334
5135,27,F,335
5136,53,F,336
5137,99,T,337
5138,64,F,338
5139,38,F,339
5140,28,T,340
5141,37,F,341
5142,93,F,342
5143,30,F,343
5144,80,T,344
5145,90,F,345
5146,34,T,346
5147,93,F,347
5148,79,F,348
5149,83,T,349
5150,24,T,350
5151,88,F,351
5152,72,F,352
5153,43,T,353
5154,55,T,354
5155,48,F,355
5156,47,T,356
5157,23,F,357
5158,78,F,358
5159,45,T,359
5160,85,F,360
5161,76,T,361
5162,22,F,362
5163,34,T,363
5164,6,T,364
5165,45,T,365
5166,8,F,366
5167,25,F,367
5168,88,F,368
5169,72,F,369
5170,96,F,370
5171,40,F,371
5172,85,T,372
5173,2,F,373
5174,42,F,374
5175,53,T,375
5176,7,T,376
5177,91,F,377
5178,14,T,378
5179,14,F,379
5180,29,T,380
5181,74,T,381
5182,54,T,382
5183,88,F,383
5184,24,F,384
5185,86,F,385
5186,23,F,386
5187,86,F,387
5188,67,T,388
5189,99,F,389
5190,42,T,390
5191,50,F,391
5192,33,F,392
5193,98,T,393
5194,54,F,394
5195,39,T,395
5196,34,F,396
5197,59,F,397
5198,10,T,398
5199,72,T,399
5200,7,T,400
5201,10,F,401
5202,41,F,402
5203,90,F,403
5204,1,T,404
5205,10,F,405
5206,91,F,406
5207,12,F,407
5208,80,T,408
5209,87,F,409
5210,25,F,410
5211,39,F,411
5212,66,F,412
5213,18,T,413
5214,74,T,414
5215,89,T,415
5216,63,F,416
5217,60,F,417
5218,55,F,418
5219,13,T,419
5220,19,F,420
5221,66,T,421
5222,89,F,422
5223,35,F,423
5224,87,T,424
5225,61,T,425
5226,2,T,426
5227,53,F,427
5228,26,F,428
5229,26,T,429
5230,68,T,430
5231,47,F,431
5232,6,T,432
5233,59,F,433
5234,67,F,434
5235,5,T,435
5236,14,F,436
5237,59,T,437
5238,68,T,438
5239,97,F,439
5240,62,F,440
5241,54,T,441
5242,18,T,442
5243,100,T,443
5244,58,F,444
5245,84,F,445
5246,75,F,446
5247,24,T,447
5248,5,F,448
5249,49,F,449
5250,28,F,450
5251,8,T,451
5252,98,T,452
5253,55,T,453
5254,33,T,454
5255,11,F,455
5256,12,F,456
5257,92,F,457
5258,99,T,458
5259,32,T,459
5260,26,F,460
5261,53,F,461
5262,58,F,462
5263,27,F,463
5264,81,F,464
5265,86,F,465
5266,43,F,466
5267,52,T,467
5268,82,F,468
5269,33,F,469
5270,7,F,470
5271,82,T,471
5272,58,T,472
5273,16,T,473
5274,80,F,474
5275,23,T,475
5276,94,F,476
5277,77,T,477
5278,56,T,478
5279,97,T,479
5280,76,T,480
5281,2,F,481
5282,85,T,482
5283,63,F,483
5284,64,T,484
5285,12,F,485
5286,3,F,486
5287,17,F,487
5288,99,T,488
5289,100,F,489
5290,19,F,490
5291,95,T,491
5292,34,T,492
5293,10,F,493
5294,24,F,494
5295,83,F,495
5296,29,F,496
5297,27,F,497
5298,6,F,498
5299,18,F,499
5300,66,T,500
5301,14,T,501
5302,35,F,502
5303,46,F,503
5304,94,F,504
5305,39,F,505
5306,84,F,506
5307,11,F,507
5308,80,F,508
5309,41,F,509
5310,14,F,510
5311,92,T,511
5312,52,F,512
5313,58,F,513
5314,99,T,514
5315,18,T,515
5316,38,T,516
5317,88,F,517
5318,39,T,518
5319,52,F,519
5320,56,T,520
5321,63,F,521
5322,66,F,522
5323,58,T,523
5324,77,T,524
5325,62,F,525
5326,47,T,526
5327,17,T,527
5328,28,T,528
5329,46,F,529
5330,46,F,530
5331,8,T,531
5332,64,F,532
5333,83,F,533
5334,72,T,534
5335,1,F,535
5336,94,T,536
5337,98,T,537
5338,87,T,538
5339,47,T,539
5340,18,T,540
5341,40,F,541
5342,4,T,542
5343,56,T,543
5344,66,T,544
5345,7,F,545
5346,78,F,546
5347,39,F,547
5348,37,T,548
5349,15,T,549
5350,58,F,550
5351,13,T,551
5352,82,T,552
5353,32,T,553
5354,43,T,554
5355,31,F,555
5356,70,F,556
5357,78,F,557
5358,17,T,558
5359,29,T,559
5360,32,T,560
5361,56,T,561
5362,13,T,562
5363,39,T,563
5364,48,F,564
5365,14,F,565
5366,83,T,566
5367,55,F,567
5368,27,F,568
5369,92,T,569
5370,88,F,570
5371,51,F,571
5372,27,T,572
5373,52,F,573
5374,14,F,574
5375,68,T,575
5376,21,T,576
5377,39,T,577
5378,47,F,578
5379,68,F,579
5380,59,F,580
5381,38,F,581
5382,40,F,582
5383,63,T,583
5384,43,F,584
5385,55,F,585
5386,90,T,586
5387,77,T,587
5388,31,F,588
5389,27,T,589
5390,87,F,590
5391,24,F,591
5392,51,F,592
5393,99,T,593
5394,75,F,594
5395,30,T,595
5396,36,T,596
5397,97,F,597
5398,13,F,598
5399,35,T,599
5400,78,T,600
5401,98,T,601
5402,55,T,602
5403,15,T,603
5404,60,F,604
5405,33,T,605
5406,33,T,606
5407,54,T,607
5408,82,T,608
5409,22,F,609
5410,72,T,610
5411,62,F,611
5412,24,F,612
5413,59,T,613
5414,67,F,614
5415,88,T,615
5416,77,F,616
5417,68,T,617
5418,80,F,618
5419,39,T,619
5420,92,F,620
5421,71,F,621
5422,18,T,622
5423,32,T,623
5424,16,F,624
5425,81,F,625
5426,21,F,626
5427,80,F,627
5428,75,T,628
5429,72,F,629
5430,90,T,630
5431,1,T,631
5432,16,F,632
5433,70,F,633
5434,60,F,634
5435,77,T,635
5436,79,T,636
5437,47,F,637
5438,89,T,638
5439,71,F,639
5440,45,F,640
5441,10,T,641
5442,33,T,642
5443,54,F,643
5444,83,T,644
5445,34,T,645
5446,69,T,646
5447,48,T,647
5448,53,T,648
5449,76,F,649
5450,25,T,650
5451,13,F,651
5452,54,F,652
5453,49,T,653
5454,4,T,654
5455,76,F,655
5456,35,T,656
5457,40,T,657
5458,29,F,658
5459,16,T,659
5460,4,T,660
5461,36,T,661
5462,19,F,662
5463,64,F,663
5464,43,T,664
5465,69,T,665
5466,37,F,666
5467,87,F,667
5468,19,T,668
5469,68,F,669
5470,21,T,670
5471,6,F,671
5472,65,F,672
5473,40,F,673
5474,39,T,674
5475,52,F,675
5476,27,F,676
5477,49,F,677
5478,83,T,678
5479,96,F,679
5480,18,F,680
5481,46,F,681
5482,51,F,682
5483,8,F,683
5484,4,F,684
5485,22,T,685
5486,98,T,686
5487,29,T,687
5488,49,T,688
5489,93,F,689
5490,85,F,690
5491,59,T,691
5492,62,F,692
5493,14,T,693
5494,57,T,694
5495,92,T,695
5496,25,F,696
5497,97,F,697
5498,16,T,698
5499,95,F,699
5500,100,T,700
5501,69,F,701
5502,99,F,702
5503,31,F,703
5504,64,T,704
5505,79,F,705
5506,43,T,706
5507,47,T,707
5508,40,F,708
5509,58,T,709
5510,71,T,710
5511,20,F,711
5512,88,F,712
5513,2,T,713
5514,94,F,714
5515,42,T,715
5516,75,F,716
5517,51,T,717
5518,93,T,718
5519,52,T,719
5520,36,T,720
5521,75,T,721
5522,19,T,722
5523,25,F,723
5524,51,T,724
5525,19,F,725
5526,89,T,726
5527,34,T,727
5528,93,T,728
5529,19,T,729
5530,18,T,730
5531,8,T,731
5532,62,T,732
5533,42,T,733
5534,66,T,734
5535,28,F,735
5536,50,F,736
5537,41,T,737
5538,88,T,738
5539,94,F,739
5540,68,T,740
5541,91,F,741
5542,45,F,742
5543,44,T,743
5544,23,T,744
5545,65,F,745
5546,45,T,746
5547,54,F,747
5548,6,F,748
5549,84,T,749
5550,46,T,750
5551,10,F,751
5552,22,F,752
5553,12,F,753
5554,24,T,754
5555,7,T,755
5556,34,F,756
5557,93,F,757
5558,14,T,758
5559,99,F,759
5560,29,T,760
5561,76,F,761
5562,92,T,762
5563,90,T,763
5564,76,T,764
5565,22,F,765
5566,50,T,766
5567,48,T,767
5568,73,T,768
5569,75,F,769
5570,22,T,770
5571,77,F,771
5572,55,F,772
5573,9,F,773
5574,17,T,774
5575,73,T,775
5576,48,T,776
5577,37,F,777
5578,61,F,778
5579,74,T,779
5580,84,F,780
5581,95,T,781
5582,61,T,782
5583,16,T,783
5584,92,T,784
5585,17,T,785
5586,17,F,786
5587,35,F,787
5588,55,F,788
5589,29,F,789
5590,89,F,790
5591,38,T,791
5592,74,T,792
5593,18,F,793
5594,61,T,794
5595,80,F,795
5596,97,T,796
5597,64,T,797
5598,26,T,798
5599,4,T,799
5600,37,T,800
5601,75,F,801
5602,90,T,802
5603,6,T,803
5604,30,F,804
5605,55,T,805
5606,7,T,806
5607,15,F,807
5608,10,T,808
5609,35,F,809
5610,46,F,810
5611,22,F,811
5612,69,T,812
5613,15,T,813
5614,28,T,814
5615,63,T,815
5616,69,T,816
5617,47,T,817
5618,22,F,818
5619,25,T,819
5620,11,F,820
5621,45,T,821
5622,10,F,822
5623,100,F,823
5624,19,F,824
5625,19,T,825
5626,4,F,826
5627,20,F,827
5628,83,T,828
5629,25,T,829
5630,9,F,830
5631,30,F,831
5632,8,F,832
5633,4,F,833
5634,75,F,834
5635,92,T,835
5636,24,T,836
5637,80,F,837
5638,51,T,838
5639,90,T,839
5640,97,T,840
5641,73,F,841
5642,55,T,842
5643,18,T,843
5644,46,F,844
5645,46,F,845
5646,10,F,846
5647,30,F,847
5648,49,F,848
5649,87,F,849
5650,53,T,850
5651,86,T,851
5652,65,F,852
5653,55,T,853
5654,18,F,854
5655,48,T,855
5656,80,F,856
5657,60,F,857
5658,37,F,858
5659,66,T,859
5660,1,F,860
5661,28,F,861
5662,86,F,862
5663,86,T,863
5664,63,F,864
5665,22,F,865
5666,53,T,866
5667,57,T,867
5668,52,T,868
5669,17,F,869
5670,23,F,870
5671,22,T,871
5672,100,F,872
5673,52,T,873
5674,54,F,874
5675,94,T,875
5676,38,F,876
5677,69,F,877
5678,31,F,878
5679,75,F,879
5680,10,F,880
5681,34,T,881
5682,42,F,882
5683,36,T,883
5684,77,T,884
5685,88,T,885
5686,55,F,886
5687,22,F,887
5688,12,F,888
5689,78,T,889
5690,22,T,890
5691,1,F,891
5692,64,F,892
5693,23,T,893
5694,71,F,894
5695,37,F,895
5696,8,F,896
5697,60,F,897
5698,85,F,898
5699,27,F,899
5700,6,F,900
5701,59,F,901
5702,23,F,902
5703,64,T,903
5704,68,F,904
5705,27,F,905
5706,23,F,906
5707,90,F,907
5708,90,F,908
5709,30,T,909
5710,50,T,910
5711,73,F,911
5712,79,T,912
5713,6,F,913
5714,45,F,914
5715,18,F,915
5716,62,T,916
5717,76,T,917
5718,53,T,918
5719,35,F,919
5720,57,T,920
5721,25,F,921
5722,81,F,922
5723,25,T,923
5724,70,T,924
5725,98,T,925
5726,67,F,926
5727,48,F,927
5728,7,F,928
5729,12,T,929
5730,75,F,930
5731,76,T,931
5732,31,T,932
5733,62,F,933
5734,76,T,934
5735,24,F,935
5736,33,T,936
5737,40,F,937
5738,77,F,938
5739,31,F,939
5740,79,T,940
5741,53,T,941
5742,51,F,942
5743,54,F,943
5744,13,F,944
5745,2,T,945
5746,90,F,946
5747,86,T,947
5748,54,T,948
5749,34,F,949
5750,2,T,950
5751,2,T,951
5752,23,T,952
5753,83,F,953
5754,79,F,954
5755,64,T,955
5756,72,T,956
5757,81,T,957
5758,32,T,958
5759,20,T,959
5760,61,T,960
5761,46,F,961
5762,74,T,962
5763,38,T,963
5764,100,T,964
5765,95,F,965
5766,97,T,966
5767,73,F,967
5768,100,T,968
5769,56,F,969
5770,48,F,970
5771,97,F,971
5772,8,F,972
5773,15,T,973
5774,92,F,974
5775,37,F,975
5776,3,F,976
5777,61,F,977
5778,92,T,978
5779,30,T,979
5780,7,T,980
5781,32,F,981
5782,25,F,982
5783,7,F,983
5784,31,F,984
5785,98,F,985
5786,62,T,986
5787,34,T,987
5788,59,F,988
5789,43,T,989
5790,89,F,990
5791,29,F,991
5792,8,T,992
5793,25,F,993
5794,66,T,994
5795,37,F,995
5796,89,T,996
5797,27,T,997
5798,52,F,998
5799,22,F,999
5800,95,T,1000
5801,71,T,1001
5802,24,T,1002
5803,83,F,1003
5804,58,F,1004
5805,84,F,1005
5806,97,F,1006
5807,7,F,1007
5808,6,T,1008
5809,62,F,1009
5810,80,F,1010
5811,43,F,1011
5812,85,T,1012
5813,75,T,1013
5814,40,T,1014
5815,100,F,1015
5816,40,T,1016
5817,60,T,1017
5818,17,T,1018
5819,28,F,1019
5820,35,F,1020
5821,76,T,1021
5822,75,F,1022
5823,23,T,1023
5824,73,T,1024
5825,54,T,1025
5826,87,T,1026
5827,96,F,1027
5828,8,F,1028
5829,87,T,1029
5830,54,T,1030
5831,89,F,1031
5832,13,T,1032
5833,86,F,1033
5834,16,F,1034
5835,58,F,1035
5836,39,T,1036
5837,24,F,1037
5838,9,T,1038
5839,67,F,1039
5840,98,F,1040
5841,15,F,1041
5842,50,F,1042
5843,4,F,1043
5844,25,T,1044
5845,53,F,1045
5846,30,T,1046
5847,94,F,1047
5848,52,F,1048
5849,86,T,1049
5850,39,T,1050
5851,17,F,1051
5852,78,F,1052
5853,3,F,1053
5854,67,F,1054
5855,31,T,1055
5856,92,T,1056
5857,87,T,1057
5858,43,F,1058
5859,58,T,1059
5860,9,F,1060
5861,100,T,1061
5862,99,F,1062
5863,48,F,1063
5864,74,T,1064
5865,92,T,1065
5866,21,T,1066
5867,42,F,1067
5868,2,F,1068
5869,24,F,1069
5870,56,T,1070
5871,8,F,1071
5872,100,F,1072
5873,39,F,1073
5874,40,F,1074
5875,89,F,1075
5876,10,F,1076
5877,87,F,1077
5878,25,T,1078
5879,20,T,1079
5880,9,F,1080
5881,16,F,1081
5882,93,T,1082
5883,25,F,1083
5884,54,F,1084
5885,78,F,1085
5886,38,T,1086
5887,62,T,1087
5888,36,T,1088
5889,48,F,1089
5890,90,T,1090
5891,58,F,1091
5892,100,F,1092
5893,40,T,1093
5894,23,F,1094
5895,68,F,1095
5896,21,T,1096
5897,10,F,1097
5898,90,F,1098
5899,35,T,1099
5900,28,T,1100
5901,28,F,1101
5902,89,F,1102
5903,18,T,1103
5904,91,F,1104
5905,12,F,1105
5906,18,T,1106
5907,13,T,1107
5908,98,F,1108
5909,52,T,1109
5910,65,T,1110
5911,12,T,1111
5912,90,F,1112
5913,48,F,1113
5914,43,F,1114
5915,93,T,1115
5916,88,F,1116
5917,43,T,1117
5918,50,F,1118
5919,80,T,1119
5920,36,T,1120
5921,75,F,1121
5922,99,F,1122
5923,34,T,1123
5924,40,F,1124
5925,12,F,1125
5926,49,F,1126
5927,74,T,1127
5928,57,T,1128
5929,99,F,1129
5930,6,T,1130
5931,42,F,1131
5932,91,T,1132
5933,30,F,1133
5934,51,T,1134
5935,15,T,1135
5936,25,T,1136
5937,91,T,1137
5938,10,F,1138
5939,27,F,1139
5940,75,F,1140
5941,1,T,1141
5942,12,T,1142
5943,23,F,1143
5944,4,F,1144
5945,34,T,1145
5946,16,F,1146
5947,90,F,1147
5948,33,T,1148
5949,94,F,1149
5950,84,T,1150
5951,34,F,1151
5952,44,T,1152
5953,66,T,1153
5954,97,F,1154
5955,97,T,1155
5956,98,T,1156
5957,74,F,1157
5958,73,F,1158
5959,41,F,1159
5960,96,F,1160
5961,62,T,1161
5962,78,T,1162
5963,74,F,1163
5964,79,F,1164
5965,94,T,1165
5966,71,T,1166
5967,99,F,1167
5968,46,F,1168
5969,12,T,1169
5970,5,F,1170
5971,8,F,1171
5972,5,F,1172
5973,88,F,1173
5974,22,F,1174
5975,10,F,1175
5976,5,T,1176
5977,40,F,1177
5978,35,T,1178
5979,41,F,1179
5980,87,T,1180
5981,6,T,1181
5982,68,T,1182
5983,30,F,1183
5984,39,F,1184
5985,47,T,1185
5986,89,F,1186
5987,43,F,1187
5988,34,F,1188
5989,43,T,1189
5990,56,T,1190
5991,60,T,1191
5992,20,T,1192
5993,58,F,1193
5994,19,T,1194
5995,14,F,1195
5996,2,F,1196
5997,79,F,1197
5998,89,F,1198
5999,86,T,1199
6000,52,F,1200
6001,45,T,1201
6002,11,T,1202
6003,56,T,1203
6004,45,T,1204
6005,65,F,1205
6006,69,T,1206
6007,21,T,1207
6008,84,T,1208
6009,93,F,1209
6010,74,F,1210
6011,30,T,1211
6012,14,F,1212
6013,54,T,1213
6014,57,T,1214
6015,100,T,1215
6016,21,F,1216
6017,88,F,1217
6018,37,F,1218
6019,23,F,1219
6020,90,F,1220
6021,64,T,1221
6022,86,T,1222
6023,86,F,1223
6024,13,T,1224
6025,34,F,1225
6026,31,F,1226
6027,56,F,1227
6028,54,T,1228
6029,28,T,1229
6030,92,T,1230
6031,50,T,1231
6032,64,F,1232
6033,96,T,1233
6034,3,F,1234
6035,93,T,1235
6036,73,T,1236
6037,34,T,1237
6038,51,T,1238
6039,33,F,1239
6040,23,F,1240
6041,75,F,1241
6042,5,F,1242
6043,56,T,1243
6044,34,F,1244
6045,79,F,1245
6046,78,T,1246
6047,52,F,1247
6048,71,F,1248
6049,26,T,1249
6050,64,T,1250
6051,6,T,1251
6052,23,T,1252
6053,96,F,1253
6054,28,T,1254
6055,15,F,1255
6056,80,T,1256
6057,40,F,1257
6058,97,F,1258
6059,3,T,1259
6060,18,F,1260
6061,43,T,1261
6062,30,F,1262
6063,81,T,1263
6064,78,F,1264
6065,76,F,1265
6066,98,F,1266
6067,41,T,1267
6068,23,T,1268
6069,53,F,1269
6070,64,T,1270
6071,16,F,1271
6072,48,T,1272
6073,29,F,1273
6074,90,T,1274
6075,23,F,1275
6076,93,T,1276
6077,79,T,1277
6078,73,T,1278
6079,95,T,1279
6080,29,F,1280
6081,30,F,1281
6082,86,F,1282
6083,29,T,1283
6084,25,T,1284
6085,61,T,1285
6086,66,T,1286
6087,57,F,1287
6088,70,T,1288
6089,91,T,1289
6090,41,T,1290
6091,31,T,1291
6092,100,F,1292
6093,33,F,1293
6094,61,F,1294
6095,39,F,1295
6096,43,F,1296
6097,70,T,1297
6098,44,T,1298
6099,100,T,1299
6100,90,F,1300
6101,92,F,1301
6102,30,F,1302
6103,16,T,1303
6104,7,T,1304
6105,17,T,1305
6106,100,T,1306
6107,78,T,1307
6108,51,F,1308
6109,98,F,1309
6110,88,F,1310
6111,49,F,1311
6112,39,F,1312
6113,58,T,1313
6114,44,F,1314
6115,68,T,1315
6116,100,F,1316
6117,61,T,1317
6118,85,F,1318
6119,45,F,1319
6120,78,F,1320
6121,4,F,1321
6122,48,T,1322
6123,31,F,1323
6124,11,F,1324
6125,55,T,1325
6126,77,F,1326
6127,65,F,1327
6128,62,F,1328
6129,60,F,1329
6130,16,T,1330
6131,85,F,1331
6132,1,T,1332
6133,48,F,1333
6134,48,T,1334
6135,45,F,1335
6136,59,T,1336
6137,10,F,1337
6138,76,T,1338
6139,99,T,1339
6140,52,T,1340
6141,16,F,1341
6142,84,F,1342
6143,70,F,1343
6144,3,T,1344
6145,84,F,1345
6146,40,T,1346
6147,22,T,1347
6148,77,T,1348
6149,12,F,1349
6150,25,F,1350
6151,70,F,1351
6152,71,T,1352
6153,9,F,1353
6154,1,F,1354
6155,19,T,1355
6156,36,T,1356
6157,87,T,1357
6158,63,F,1358
6159,30,F,1359
6160,58,T,1360
6161,82,T,1361
6162,83,F,1362
6163,83,T,1363
6164,68,F,1364
6165,31,F,1365
6166,59,T,1366
6167,74,T,1367
6168,84,T,1368
6169,19,T,1369
6170,35,T,1370
6171,6,F,1371
6172,17,T,1372
6173,49,T,1373
6174,33,F,1374
6175,75,T,1375
6176,92,T,1376
6177,59,F,1377
6178,50,F,1378
6179,27,F,1379
6180,58,T,1380
6181,54,T,1381
6182,28,T,1382
6183,17,F,1383
6184,70,T,1384
6185,69,T,1385
6186,37,T,1386
6187,57,F,1387
6188,77,F,1388
6189,94,T,1389
6190,91,T,1390
6191,84,F,1391
6192,29,T,1392
6193,44,T,1393
6194,47,T,1394
6195,30,F,1395
6196,100,F,1396
6197,96,T,1397
6198,82,F,1398
6199,22,T,1399
6200,63,T,1400
6201,51,F,1401
6202,55,T,1402
6203,74,F,1403
6204,14,F,1404
6205,5,T,1405
6206,99,T,1406
6207,66,T,1407
6208,43,F,1408
6209,99,T,1409
6210,72,T,1410
6211,14,T,1411
6212,26,F,1412
6213,13,F,1413
6214,30,F,1414
6215,33,F,1415
6216,88,T,1416
6217,57,F,1417
6218,38,F,1418
6219,6,F,1419
6220,25,F,1420
6221,69,F,1421
6222,58,T,1422
6223,7,T,1423
6224,57,T,1424
6225,25,F,1425
6226,81,T,1426
6227,70,F,1427
6228,52,T,1428
6229,73,T,1429
6230,67,F,1430
6231,79,T,1431
6232,95,F,1432
6233,64,F,1433
6234,83,T,1434
6235,82,T,1435
6236,94,F,1436
6237,47,T,1437
6238,97,F,1438
6239,2,F,1439
6240,9,T,1440
6241,58,T,1441
6242,88,T,1442
6243,92,F,1443
6244,8,F,1444
6245,15,T,1445
6246,37,T,1446
6247,27,F,1447
6248,8,F,1448
6249,51,F,1449
6250,25,F,1450
6251,47,T,1451
6252,25,T,1452
6253,54,F,1453
6254,38,T,1454
6255,92,F,1455
6256,67,T,1456
6257,39,F,1457
6258,72,F,1458
6259,40,T,1459
6260,72,F,1460
6261,47,F,1461
6262,59,F,1462
6263,15,T,1463
6264,10,T,1464
6265,69,F,1465
6266,82,F,1466
6267,18,T,1467
6268,16,T,1468
6269,68,T,1469
6270,19,T,1470
6271,95,T,1471
6272,67,F,1472
6273,50,T,1473
6274,47,F,1474
6275,11,T,1475
6276,92,T,1476
6277,29,F,1477
6278,20,F,1478
6279,46,F,1479
6280,67,T,1480
6281,45,F,1481
6282,5,F,1482
6283,28,T,1483
6284,91,F,1484
6285,70,F,1485
6286,62,T,1486
6287,93,F,1487
6288,39,T,1488
6289,36,F,1489
6290,29,T,1490
6291,7,T,1491
6292,39,F,1492
6293,42,T,1493
6294,98,T,1494
6295,23,T,1495
6296,11,F,1496
6297,39,T,1497
6298,78,T,1498
6299,4,T,1499
6300,10,F,1500
6301,22,T,1501
6302,37,F,1502
6303,88,T,1503
6304,6,T,1504
6305,86,T,1505
6306,50,F,1506
6307,34,F,1507
6308,44,T,1508
6309,2,F,1509
6310,35,F,1510
6311,23,T,1511
6312,51,T,1512
6313,71,T,1513
6314,54,F,1514
6315,20,F,1515
6316,46,F,1516
6317,64,F,1517
6318,57,T,1518
6319,56,F,1519
6320,92,F,1520
6321,26,T,1521
6322,89,T,1522
6323,28,F,1523
6324,55,T,1524
6325,97,T,1525
6326,27,F,1526
6327,18,F,1527
6328,18,T,1528
6329,67,T,1529
6330,49,F,1530
6331,24,T,1531
6332,78,F,1532
6333,3,F,1533
6334,75,F,1534
6335,46,F,1535
6336,70,T,1536
6337,84,F,1537
6338,77,T,1538
6339,94,T,1539
6340,59,T,1540
6341,26,T,1541
6342,56,T,1542
6343,17,T,1543
6344,71,T,1544
6345,85,F,1545
6346,3,F,1546
6347,44,F,1547
6348,40,F,1548
6349,1,T,1549
6350,69,F,1550
6351,64,T,1551
6352,15,T,1552
6353,93,T,1553
6354,57,F,1554
6355,91,F,1555
6356,65,T,1556
6357,45,F,1557
6358,34,T,1558
6359,52,T,1559
6360,79,T,1560
6361,92,T,1561
6362,29,T,1562
6363,18,F,1563
6364,59,F,1564
6365,12,T,1565
6366,52,T,1566
6367,45,T,1567
6368,6,T,1568
6369,12,T,1569
6370,80,T,1570
6371,52,F,1571
6372,71,T,1572
6373,75,F,1573
6374,82,T,1574
6375,54,T,1575
6376,81,T,1576
6377,34,F,1577
6378,19,F,1578
6379,95,F,1579
6380,89,T,1580
6381,3,T,1581
6382,95,F,1582
6383,42,F,1583
6384,82,T,1584
6385,10,T,1585
6386,54,T,1586
6387,24,T,1587
6388,84,T,1588
6389,10,F,1589
6390,47,T,1590
6391,53,T,1591
6392,85,T,1592
6393,79,T,1593
6394,69,F,1594
6395,15,F,1595
6396,84,T,1596
6397,30,T,1597
6398,14,T,1598
6399,42,F,1599
6400,43,F,1600
6401,36,F,1601
6402,85,T,1602
6403,89,F,1603
6404,26,T,1604
6405,9,T,1605
6406,34,T,1606
6407,80,F,1607
6408,61,T,1608
6409,23,T,1609
6410,36,F,1610
6411,66,T,1611
6412,21,T,1612
6413,16,F,1613
6414,51,T,1614
6415,82,T,1615
6416,72,T,1616
6417,17,F,1617
6418,45,T,1618
6419,3,F,1619
6420,43,F,1620
6421,13,F,1621
6422,26,T,1622
6423,73,T,1623
6424,97,T,1624
6425,73,T,1625
6426,79,T,1626
6427,59,T,1627
6428,25,F,1628
6429,28,T,1629
6430,23,T,1630
6431,90,T,1631
6432,16,F,1632
6433,39,F,1633
6434,23,F,1634
6435,63,T,1635
6436,95,T,1636
6437,60,T,1637
6438,31,T,1638
6439,56,F,1639
6440,50,F,1640
6441,39,T,1641
6442,61,F,1642
6443,73,F,1643
6444,43,T,1644
6445,18,F,1645
6446,90,T,1646
6447,16,T,1647
6448,34,T,1648
6449,25,F,1649
6450,16,F,1650
6451,64,F,1651
6452,8,F,1652
6453,69,F,1653
6454,66,T,1654
6455,1,F,1655
6456,45,F,1656
6457,44,T,1657
6458,89,T,1658
6459,20,F,1659
6460,32,T,1660
6461,27,F,1661
6462,36,F,1662
6463,10,F,1663
6464,53,F,1664
6465,5,F,1665
6466,35,T,1666
6467,32,F,1667
6468,59,F,1668
6469,29,T,1669
6470,84,F,1670
6471,50,T,1671
6472,97,T,1672
6473,4,F,1673
6474,97,F,1674
6475,91,T,1675
6476,32,T,1676
6477,93,F,1677
6478,37,T,1678
6479,32,F,1679
6480,84,F,1680
6481,67,F,1681
6482,99,F,1682
6483,62,T,1683
6484,7,T,1684
6485,67,T,1685
6486,37,F,1686
6487,29,T,1687
6488,37,F,1688
6489,53,T,1689
6490,13,T,1690
6491,19,F,1691
6492,19,F,1692
6493,34,F,1693
6494,63,F,1694
6495,95,T,1695
6496,71,F,1696
6497,86,T,1697
6498,37,T,1698
6499,3,F,1699
6500,94,F,1700
6501,74,F,1701
6502,47,F,1702
6503,31,T,1703
6504,28,T,1704
6505,50,T,1705
6506,71,F,1706
6507,20,F,1707
6508,53,F,1708
6509,40,T,1709
6510,95,T,1710
6511,100,T,1711
6512,87,T,1712
6513,18,F,1713
6514,53,F,1714
6515,97,F,1715
6516,34,F,1716
6517,26,F,1717
6518,50,T,1718
6519,65,T,1719
6520,12,T,1720
6521,10,F,1721
6522,59,T,1722
6523,48,F,1723
6524,21,F,1724
6525,46,F,1725
6526,30,T,1726
6527,21,T,1727
6528,16,F,1728
6529,75,F,1729
6530,42,T,1730
6531,82,T,1731
6532,45,F,1732
6533,51,F,1733
6534,55,T,1734
6535,77,T,1735
6536,76,T,1736
6537,4,F,1737
6538,4,T,1738
6539,77,F,1739
6540,63,F,1740
6541,30,F,1741
6542,1,F,1742
6543,42,T,1743
6544,1,F,1744
6545,57,T,1745
6546,7,T,1746
6547,55,T,1747
6548,6,F,1748
6549,94,T,1749
6550,87,F,1750
6551,48,T,1751
6552,53,F,1752
6553,35,T,1753
6554,35,F,1754
6555,40,F,1755
6556,1,F,1756
6557,79,F,1757
6558,7,T,1758
6559,35,F,1759
6560,12,F,1760
6561,60,T,1761
6562,75,F,1762
6563,52,T,1763
6564,52,F,1764
6565,63,F,1765
6566,3,F,1766
6567,31,T,1767
6568,7,F,1768
6569,29,F,1769
6570,30,F,1770
6571,41,F,1771
6572,82,F,1772
6573,79,T,1773
6574,1,T,1774
6575,46,T,1775
6576,26,F,1776
6577,78,F,1777
6578,7,T,1778
6579,90,F,1779
6580,21,T,1780
6581,25,F,1781
6582,78,T,1782
6583,55,T,1783
6584,83,F,1784
6585,16,T,1785
6586,87,F,1786
6587,80,F,1787
6588,21,F,1788
6589,80,F,1789
6590,98,T,1790
6591,90,T,1791
6592,50,F,1792
6593,87,T,1793
6594,17,F,1794
6595,75,T,1795
6596,70,T,1796
6597,60,T,1797
6598,81,F,1798
6599,24,T,1799
6600,84,T,1800
6601,80,T,1801
6602,18,F,1802
6603,3,T,1803
6604,95,T,1804
6605,56,F,1805
6606,93,F,1806
6607,30,F,1807
6608,75,T,1808
6609,12,T,1809
6610,39,F,1810
6611,31,T,1811
6612,27,F,1812
6613,76,T,1813
6614,4,T,1814
6615,25,F,1815
6616,83,T,1816
6617,21,T,1817
6618,45,F,1818
6619,86,F,1819
6620,76,T,1820
6621,11,T,1821
6622,27,F,1822
6623,19,T,1823
6624,27,F,1824
6625,82,T,1825
6626,45,F,1826
6627,48,F,1827
6628,89,F,1828
6629,36,F,1829
6630,62,F,1830
6631,34,F,1831
6632,64,T,1832
6633,61,F,1833
6634,66,T,1834
6635,12,T,1835
6636,73,T,1836
6637,91,F,1837
6638,1,F,1838
6639,26,T,1839
6640,96,F,1840
6641,38,F,1841
6642,57,F,1842
6643,42,T,1843
6644,5,F,1844
6645,2,F,1845
6646,56,F,1846
6647,87,T,1847
6648,83,F,1848
6649,29,F,1849
6650,71,F,1850
6651,94,T,1851
6652,31,F,1852
6653,82,T,1853
6654,79,T,1854
6655,26,T,1855
6656,80,F,1856
6657,75,F,1857
6658,98,F,1858
6659,49,F,1859
6660,98,T,1860
6661,98,T,1861
6662,81,F,1862
6663,74,F,1863
6664,40,T,1864
6665,83,T,1865
6666,63,T,1866
6667,95,T,1867
6668,59,F,1868
6669,70,F,1869
6670,7,T,1870
6671,83,F,1871
6672,28,T,1872
6673,69,T,1873
6674,55,T,1874
6675,98,T,1875
6676,75,F,1876
6677,48,F,1877
6678,75,F,1878
6679,67,F,1879
6680,49,F,1880
6681,23,T,1881
6682,1,T,1882
6683,91,F,1883
6684,76,T,1884
6685,56,F,1885
6686,2,T,1886
6687,70,T,1887
6688,84,T,1888
6689,18,T,1889
6690,95,F,1890
6691,65,T,1891
6692,77,F,1892
6693,65,F,1893
6694,2,F,1894
6695,88,F,1895
6696,46,T,1896
6697,73,T,1897
6698,35,F,1898
6699,14,F,1899
6700,33,T,1900
6701,71,F,1901
6702,73,F,1902
6703,72,T,1903
6704,39,T,1904
6705,73,F,1905
6706,88,F,1906
6707,91,F,1907
6708,90,F,1908
6709,76,T,1909
6710,53,F,1910
6711,3,F,1911
6712,21,T,1912
6713,13,T,1913
6714,23,F,1914
6715,1,T,1915
6716,53,T,1916
6717,25,F,1917
6718,50,T,1918
6719,27,F,1919
6720,31,F,1920
6721,22,F,1921
6722,52,T,1922
6723,79,T,1923
6724,8,F,1924
6725,44,T,1925
6726,39,F,1926
6727,16,T,1927
6728,60,F,1928
6729,88,F,1929
6730,92,F,1930
6731,26,F,1931
6732,95,F,1932
6733,93,F,1933
6734,24,F,1934
6735,43,T,1935
6736,99,F,1936
6737,87,F,1937
6738,50,F,1938
6739,22,F,1939
6740,88,F,1940
6741,87,T,1941
6742,20,F,1942
6743,13,T,1943
6744,34,T,1944
6745,57,F,1945
6746,10,F,1946
6747,67,T,1947
6748,84,F,1948
6749,62,T,1949
6750,11,F,1950
6751,63,T,1951
6752,35,F,1952
6753,72,T,1953
6754,86,T,1954
6755,22,F,1955
6756,4,T,1956
6757,15,T,1957
6758,66,T,1958
6759,61,T,1959
6760,38,T,1960
6761,65,T,1961
6762,52,T,1962
6763,82,T,1963
6764,36,T,1964
6765,32,F,1965
6766,52,F,1966
6767,37,F,1967
6768,52,F,1968
6769,88,T,1969
6770,27,T,1970
6771,73,F,1971
6772,35,F,1972
6773,89,T,1973
6774,7,F,1974
6775,14,T,1975
6776,56,T,1976
6777,7,T,1977
6778,64,F,1978
6779,73,F,1979
6780,98,F,1980
6781,26,F,1981
6782,38,T,1982
6783,17,F,1983
6784,51,T,1984
6785,42,T,1985
6786,44,F,1986
6787,3,F,1987
6788,8,F,1988
6789,78,T,1989
6790,29,T,1990
6791,35,F,1991
6792,46,T,1992
6793,66,F,1993
6794,75,F,1994
6795,71,F,1995
6796,62,F,1996
6797,23,T,1997
6798,23,F,1998
6799,58,F,1999
6800,4,T,2000
6801,70,F,2001
6802,76,F,2002
6803,85,T,2003
6804,78,F,2004
6805,82,F,2005
6806,53,T,2006
6807,31,F,2007
6808,20,F,2008
6809,70,T,2009
6810,95,T,2010
6811,30,F,2011
6812,79,F,2012
6813,67,F,2013
6814,68,T,2014
6815,48,F,2015
6816,25,F,2016
6817,78,T,2017
6818,2,F,2018
6819,93,F,2019
6820,15,T,2020
6821,15,T,2021
6822,50,T,2022
6823,60,F,2023
6824,42,T,2024
6825,27,T,2025
6826,96,T,2026
6827,84,T,2027
6828,86,F,2028
6829,19,F,2029
6830,19,T,2030
6831,96,F,2031
6832,16,F,2032
6833,6,T,2033
6834,77,T,2034
6835,37,T,2035
6836,51,T,2036
6837,22,T,2037
6838,12,T,2038
6839,28,F,2039
6840,8,T,2040
6841,48,F,2041
6842,83,T,2042
6843,3,T,2043
6844,68,T,2044
6845,1,T,2045
6846,87,F,2046
6847,62,F,2047
6848,98,F,2048
6849,69,F,2049
6850,32,F,2050
6851,89,F,2051
6852,50,F,2052
6853,71,T,2053
6854,17,T,2054
6855,86,F,2055
6856,36,T,2056
6857,9,T,2057
6858,89,F,2058
6859,37,T,2059
6860,96,T,2060
6861,58,F,2061
6862,67,F,2062
6863,75,T,2063
6864,73,F,2064
6865,77,F,2065
6866,1,F,2066
6867,57,T,2067
6868,72,F,2068
6869,25,F,2069
6870,54,F,2070
6871,40,F,2071
6872,57,F,2072
6873,95,F,2073
6874,5,T,2074
6875,72,T,2075
6876,63,T,2076
6877,68,F,2077
6878,2,T,2078
6879,20,T,2079
6880,49,F,2080
6881,5,T,2081
6882,73,T,2082
6883,84,F,2083
6884,18,F,2084
6885,28,T,2085
6886,75,F,2086
6887,55,F,2087
6888,51,T,2088
6889,11,F,2089
6890,92,F,2090
6891,100,T,2091
6892,41,T,2092
6893,71,F,2093
6894,39,T,2094
6895,86,F,2095
6896,41,F,2096
6897,36,F,2097
6898,37,F,2098
6899,60,T,2099
6900,33,F,2100
6901,60,T,2101
6902,98,T,2102
6903,72,F,2103
6904,10,T,2104
6905,63,T,2105
6906,52,T,2106
6907,40,T,2107
6908,44,T,2108
6909,28,F,2109
6910,90,F,2110
6911,14,T,2111
6912,9,T,2112
6913,48,F,2113
6914,65,T,2114
6915,41,T,2115
6916,66,T,2116
6917,22,T,2117
6918,81,F,2118
6919,74,F,2119
6920,77,T,2120
6921,28,T,2121
6922,9,T,2122
6923,38,T,2123
6924,61,T,2124
6925,22,T,2125
6926,60,T,2126
6927,48,T,2127
6928,56,T,2128
6929,88,T,2129
6930,60,F,2130
6931,19,T,2131
6932,28,F,2132
6933,47,F,2133
6934,77,T,2134
6935,32,F,2135
6936,88,T,2136
6937,82,F,2137
6938,50,T,2138
6939,87,F,2139
6940,67,T,2140
6941,77,T,2141
6942,50,T,2142
6943,36,F,2143
6944,43,T,2144
6945,30,F,2145
6946,90,F,2146
6947,40,F,2147
6948,23,F,2148
6949,76,T,2149
6950,43,F,2150
6951,75,T,2151
6952,53,T,2152
6953,26,F,2153
6954,90,T,2154
6955,71,T,2155
6956,83,F,2156
6957,7,F,2157
6958,26,T,2158
6959,32,T,2159
6960,2,T,2160
6961,77,F,2161
6962,54,T,2162
6963,1,F,2163
6964,87,T,2164
6965,31,T,2165
6966,30,F,2166
6967,17,T,2167
6968,64,T,2168
6969,69,T,2169
6970,22,T,2170
6971,66,F,2171
6972,55,F,2172
6973,70,F,2173
6974,98,T,2174
6975,13,T,2175
6976,92,T,2176
6977,7,F,2177
6978,61,F,2178
6979,94,T,2179
6980,18,T,2180
6981,83,T,2181
6982,63,T,2182
6983,93,F,2183
6984,82,F,2184
6985,37,F,2185
6986,64,F,2186
6987,59,T,2187
6988,70,F,2188
6989,49,F,2189
6990,96,T,2190
6991,45,T,2191
6992,10,T,2192
6993,66,T,2193
6994,48,T,2194
6995,38,T,2195
6996,58,F,2196
6997,52,F,2197
6998,43,T,2198
6999,100,F,2199
7000,25,T,2200
7001,18,F,2201
7002,70,T,2202
7003,49,T,2203
7004,42,T,2204
7005,60,T,2205
7006,95,T,2206
7007,48,T,2207
7008,3,F,2208
7009,38,F,2209
7010,100,F,2210
7011,34,F,2211
7012,7,F,2212
7013,40,F,2213
7014,43,T,2214
7015,24,T,2215
7016,23,T,2216
7017,84,T,2217
7018,86,T,2218
7019,64,F,2219
7020,21,F,2220
7021,40,T,2221
7022,36,T,2222
7023,29,T,2223
7024,32,F,2224
7025,84,T,2225
7026,33,T,2226
7027,74,T,2227
7028,77,F,2228
7029,58,F,2229
7030,18,F,2230
7031,31,F,2231
7032,36,T,2232
7033,84,T,2233
7034,50,T,2234
7035,94,F,2235
7036,45,T,2236
7037,65,T,2237
7038,75,T,2238
7039,33,F,2239
7040,99,T,2240
7041,100,T,2241
7042,92,T,2242
7043,62,F,2243
7044,73,T,2244
7045,51,T,2245
7046,79,F,2246
7047,33,F,2247
7048,47,F,2248
7049,36,T,2249
7050,13,F,2250
7051,19,T,2251
7052,15,T,2252
7053,77,F,2253
7054,3,T,2254
7055,63,T,2255
7056,47,T,2256
7057,59,T,2257
7058,63,F,2258
7059,30,T,2259
7060,54,F,2260
7061,71,T,2261
7062,97,T,2262
7063,33,F,2263
7064,80,T,2264
7065,32,T,2265
7066,28,F,2266
7067,57,F,2267
7068,56,F,2268
7069,85,T,2269
7070,56,F,2270
7071,93,T,2271
7072,11,F,2272
7073,9,F,2273
7074,46,T,2274
7075,60,F,2275
7076,57,T,2276
7077,15,F,2277
7078,30,F,2278
7079,65,F,2279
7080,94,F,2280
7081,90,T,2281
7082,67,F,2282
7083,84,F,2283
7084,49,F,2284
7085,68,T,2285
7086,18,T,2286
7087,96,F,2287
7088,35,F,2288
7089,81,T,2289
7090,89,T,2290
7091,75,T,2291
7092,77,F,2292
7093,46,T,2293
7094,47,F,2294
7095,98,F,2295
7096,31,T,2296
7097,11,F,2297
7098,49,F,2298
7099,63,F,2299
7100,13,F,2300
7101,80,T,2301
7102,83,T,2302
7103,97,F,2303
7104,3,F,2304
7105,73,F,2305
7106,14,T,2306
7107,78,F,2307
7108,54,F,2308
7109,48,F,2309
7110,45,F,2310
7111,20,T,2311
7112,37,T,2312
7113,52,T,2313
7114,8,F,2314
7115,22,F,2315
7116,20,F,2316
7117,6,T,2317
7118,98,F,2318
7119,52,F,2319
7120,64,F,2320
7121,44,T,2321
7122,13,T,2322
7123,1,T,2323
7124,51,T,2324
7125,15,T,2325
7126,39,F,2326
7127,63,F,2327
7128,79,T,2328
7129,99,F,2329
7130,89,F,2330
7131,94,T,2331
7132,34,T,2332
7133,67,F,2333
7134,80,T,2334
7135,24,F,2335
7136,71,F,2336
7137,45,F,2337
7138,91,F,2338
7139,7,T,2339
7140,4,T,2340
7141,83,F,2341
7142,51,T,2342
7143,6,F,2343
7144,84,F,2344
7145,34,F,2345
7146,32,T,2346
7147,73,F,2347
7148,88,F,2348
7149,71,T,2349
7150,84,T,2350
7151,68,T,2351
7152,47,F,2352
7153,84,F,2353
7154,82,T,2354
7155,64,F,2355
7156,5,F,2356
7157,72,T,2357
7158,73,F,2358
7159,20,T,2359
7160,91,F,2360
7161,72,T,2361
7162,44,F,2362
7163,24,T,2363
7164,41,T,2364
7165,68,T,2365
7166,89,F,2366
7167,91,F,2367
7168,60,F,2368
7169,15,T,2369
7170,3,T,2370
7171,40,T,2371
7172,78,F,2372
7173,5,T,2373
7174,13,T,2374
7175,18,F,2375
7176,95,F,2376
7177,78,F,2377
7178,15,F,2378
7179,85,T,2379
7180,6,T,2380
7181,55,T,2381
7182,28,T,2382
7183,38,F,2383
7184,2,F,2384
7185,60,T,2385
7186,100,F,2386
7187,88,T,2387
7188,21,F,2388
7189,93,F,2389
7190,64,T,2390
7191,44,T,2391
7192,12,F,2392
7193,88,F,2393
7194,45,T,2394
7195,43,F,2395
7196,53,T,2396
7197,10,F,2397
7198,56,T,2398
7199,93,T,2399
7200,87,F,2400
7201,73,T,2401
7202,57,F,2402
7203,42,F,2403
7204,38,F,2404
7205,57,F,2405
7206,22,T,2406
7207,73,T,2407
7208,30,T,2408
7209,87,F,2409
7210,93,F,2410
7211,73,F,2411
7212,36,F,2412
7213,82,T,2413
7214,57,F,2414
7215,51,T,2415
7216,93,T,2416
7217,27,F,2417
7218,98,F,2418
7219,54,F,2419
7220,43,F,2420
7221,71,F,2421
7222,37,F,2422
7223,68,T,2423
7224,23,T,2424
7225,2,T,2425
7226,99,T,2426
7227,92,T,2427
7228,57,T,2428
7229,55,T,2429
7230,46,F,2430
7231,76,F,2431
7232,59,F,2432
7233,67,T,2433
7234,41,F,2434
7235,3,F,2435
7236,38,F,2436
7237,17,T,2437
7238,84,T,2438
7239,70,F,2439
7240,32,F,2440
7241,46,T,2441
7242,3,T,2442
7243,26,T,2443
7244,91,F,2444
7245,64,T,2445
7246,38,T,2446
7247,60,F,2447
7248,89,F,2448
7249,27,T,2449
7250,94,F,2450
7251,35,F,2451
7252,50,F,2452
7253,28,F,2453
7254,21,T,2454
7255,45,F,2455
7256,54,F,2456
7257,55,T,2457
7258,52,F,2458
7259,53,F,2459
7260,23,T,2460
7261,97,T,2461
7262,5,T,2462
7263,16,T,2463
7264,9,F,2464
7265,72,F,2465
7266,65,F,2466
7267,9,T,2467
7268,78,T,2468
7269,67,T,2469
7270,7,T,2470
7271,50,F,2471
7272,49,F,2472
7273,50,F,2473
7274,65,T,2474
7275,49,F,2475
7276,55,F,2476
7277,34,F,2477
7278,90,T,2478
7279,95,T,2479
7280,46,T,2480
7281,68,T,2481
7282,51,F,2482
7283,34,T,2483
7284,55,F,2484
7285,90,F,2485
7286,9,F,2486
7287,9,F,2487
7288,80,T,2488
7289,73,T,2489
7290,55,T,2490
7291,44,F,2491
7292,36,T,2492
7293,98,F,2493
7294,71,T,2494
7295,60,F,2495
7296,90,T,2496
7297,57,T,2497
7298,19,T,2498
7299,24,F,2499
7300,19,T,2500
7301,24,F,2501
7302,40,T,2502
7303,55,F,2503
7304,1,F,2504
7305,67,F,2505
7306,18,T,2506
7307,91,F,2507
7308,99,T,2508
7309,59,F,2509
7310,77,T,2510
7311,34,F,2511
7312,21,F,2512
7313,58,T,2513
7314,73,F,2514
7315,65,F,2515
7316,79,T,2516
7317,19,T,2517
7318,92,T,2518
7319,21,T,2519
7320,31,F,2520
7321,61,F,2521
7322,100,F,2522
7323,75,T,2523
7324,26,T,2524
7325,80,T,2525
7326,19,F,2526
7327,95,F,2527
7328,34,T,2528
7329,56,T,2529
7330,4,T,2530
7331,56,T,2531
7332,90,F,2532
7333,73,F,2533
7334,24,T,2534
7335,37,T,2535
7336,77,T,2536
7337,17,T,2537
7338,28,F,2538
7339,62,F,2539
7340,24,F,2540
7341,54,T,2541
7342,43,F,2542
7343,60,F,2543
7344,43,T,2544
7345,84,T,2545
7346,75,F,2546
7347,18,F,2547
7348,13,F,2548
7349,60,T,2549
7350,66,T,2550
7351,76,T,2551
7352,98,F,2552
7353,81,F,2553
7354,48,F,2554
7355,71,T,2555
7356,25,T,2556
7357,14,F,2557
7358,17,F,2558
7359,32,F,2559
7360,44,F,2560
7361,54,T,2561
7362,55,T,2562
7363,78,F,2563
7364,72,F,2564
7365,33,F,2565
7366,66,T,2566
7367,47,F,2567
7368,35,F,2568
7369,27,F,2569
7370,38,F,2570
7371,42,F,2571
7372,49,F,2572
7373,71,F,2573
7374,15,F,2574
7375,93,F,2575
7376,15,F,2576
7377,28,F,2577
7378,90,F,2578
7379,36,T,2579
7380,78,T,2580
7381,39,T,2581
7382,66,T,2582
7383,70,F,2583
7384,21,T,2584
7385,47,F,2585
7386,68,F,2586
7387,18,T,2587
7388,62,F,2588
7389,91,T,2589
7390,26,T,2590
7391,100,F,2591
7392,45,F,2592
7393,14,F,2593
7394,80,T,2594
7395,90,T,2595
7396,19,T,2596
7397,60,T,2597
7398,32,F,2598
7399,82,T,2599
7400,37,T,2600
7401,7,T,2601
7402,64,F,2602
7403,37,F,2603
7404,11,F,2604
7405,48,T,2605
7406,26,T,2606
7407,79,F,2607
7408,84,T,2608
7409,76,T,2609
7410,13,T,2610
7411,11,T,2611
7412,51,F,2612
7413,69,F,2613
7414,25,F,2614
7415,95,F,2615
7416,74,F,2616
7417,81,T,2617
7418,25,F,2618
7419,2,T,2619
7420,40,T,2620
7421,57,T,2621
7422,32,F,2622
7423,43,F,2623
7424,56,F,2624
7425,36,F,2625
7426,79,F,2626
7427,84,T,2627
7428,41,F,2628
7429,49,T,2629
7430,29,T,2630
7431,81,F,2631
7432,36,F,2632
7433,47,F,2633
7434,81,T,2634
7435,81,F,2635
7436,77,T,2636
7437,1,F,2637
7438,45,F,2638
7439,47,F,2639
7440,89,T,2640
7441,91,T,2641
7442,48,F,2642
7443,38,F,2643
7444,99,F,2644
7445,72,F,2645
7446,24,F,2646
7447,57,F,2647
7448,83,T,2648
7449,48,F,2649
7450,56,T,2650
7451,88,T,2651
7452,53,F,2652
7453,42,T,2653
7454,54,F,2654
7455,2,F,2655
7456,10,T,2656
7457,17,F,2657
7458,72,T,2658
7459,89,F,2659
7460,45,F,2660
7461,25,F,2661
7462,31,F,2662
7463,88,F,2663
7464,5,T,2664
7465,21,T,2665
7466,5,T,2666
7467,96,T,2667
7468,54,F,2668
7469,54,F,2669
7470,71,T,2670
7471,31,T,2671
7472,83,T,2672
7473,6,F,2673
7474,53,T,2674
7475,40,F,2675
7476,44,T,2676
7477,4,F,2677
7478,77,F,2678
7479,79,T,2679
7480,81,T,2680
7481,87,T,2681
7482,12,F,2682
7483,56,T,2683
7484,3,F,2684
7485,6,F,2685
7486,8,F,2686
7487,56,F,2687
7488,13,F,2688
7489,20,F,2689
7490,1,T,2690
7491,93,F,2691
7492,69,T,2692
7493,44,T,2693
7494,13,T,2694
7495,56,T,2695
7496,41,F,2696
7497,100,T,2697
7498,93,T,2698
7499,98,T,2699
7500,92,T,2700
7501,4,F,2701
7502,15,T,2702
7503,9,T,2703
7504,56,T,2704
7505,79,T,2705
7506,48,F,2706
7507,40,F,2707
7508,93,F,2708
7509,26,T,2709
7510,39,F,2710
7511,7,T,2711
7512,62,T,2712
7513,76,F,2713
7514,53,T,2714
7515,44,T,2715
7516,5,T,2716
7517,18,T,2717
7518,29,F,2718
7519,41,F,2719
7520,5,F,2720
7521,58,T,2721
7522,64,F,2722
7523,29,T,2723
7524,19,T,2724
7525,10,T,2725
7526,47,F,2726
7527,43,F,2727
7528,26,F,2728
7529,39,F,2729
7530,7,T,2730
7531,47,T,2731
7532,39,F,2732
7533,22,F,2733
7534,98,T,2734
7535,19,F,2735
7536,99,T,2736
7537,10,T,2737
7538,56,F,2738
7539,79,T,2739
7540,50,T,2740
7541,15,T,2741
7542,83,F,2742
7543,74,T,2743
7544,86,T,2744
7545,98,F,2745
7546,19,F,2746
7547,51,F,2747
7548,37,F,2748
7549,64,F,2749
7550,26,F,2750
7551,50,F,2751
7552,71,F,2752
7553,9,T,2753
7554,45,F,2754
7555,29,F,2755
7556,18,T,2756
7557,61,T,2757
7558,4,F,2758
7559,81,F,2759
7560,93,F,2760
7561,96,F,2761
7562,74,T,2762
7563,39,F,2763
7564,40,F,2764
7565,84,F,2765
7566,74,F,2766
7567,56,F,2767
7568,27,F,2768
7569,1,F,2769
7570,78,F,2770
7571,21,T,2771
7572,66,F,2772
7573,6,T,2773
7574,68,T,2774
7575,90,T,2775
7576,29,F,2776
7577,2,F,2777
7578,26,T,2778
7579,96,F,2779
7580,21,T,2780
7581,28,T,2781
7582,63,T,2782
7583,34,T,2783
7584,39,T,2784
7585,15,F,2785
7586,2,F,2786
7587,56,T,2787
7588,26,T,2788
7589,43,T,2789
7590,30,F,2790
7591,46,F,2791
7592,62,T,2792
7593,3,T,2793
7594,84,T,2794
7595,97,F,2795
7596,92,T,2796
7597,80,F,2797
7598,14,F,2798
7599,43,F,2799
7600,44,T,2800
7601,46,F,2801
7602,1,F,2802
7603,47,T,2803
7604,8,T,2804
7605,82,T,2805
7606,51,T,2806
7607,27,T,2807
7608,96,T,2808
7609,88,F,2809
7610,96,T,2810
7611,48,F,2811
7612,10,T,2812
7613,5,F,2813
7614,94,F,2814
7615,28,T,2815
7616,66,T,2816
7617,13,F,2817
7618,86,T,2818
7619,28,T,2819
7620,73,F,2820
7621,28,T,2821
7622,70,T,2822
7623,92,F,2823
7624,80,T,2824
7625,13,T,2825
7626,87,T,2826
7627,77,T,2827
7628,38,F,2828
7629,7,F,2829
7630,39,T,2830
7631,53,T,2831
7632,18,T,2832
7633,67,T,2833
7634,48,T,2834
7635,64,F,2835
7636,31,T,2836
7637,19,F,2837
7638,43,F,2838
7639,73,T,2839
7640,69,T,2840
7641,43,T,2841
7642,93,F,2842
7643,66,T,2843
7644,4,F,2844
7645,28,T,2845
7646,3,F,2846
7647,42,F,2847
7648,70,T,2848
7649,47,T,2849
7650,67,F,2850
7651,42,T,2851
7652,68,F,2852
7653,63,F,2853
7654,100,T,2854
7655,80,T,2855
7656,18,T,2856
7657,18,T,2857
7658,73,F,2858
7659,48,T,2859
7660,43,F,2860
7661,90,F,2861
7662,14,F,2862
7663,68,F,2863
7664,63,F,2864
7665,94,F,2865
7666,80,F,2866
7667,86,T,2867
7668,52,T,2868
7669,100,T,2869
7670,28,F,2870
7671,70,F,2871
7672,45,T,2872
7673,86,F,2873
7674,65,T,2874
7675,47,T,2875
7676,47,F,2876
7677,20,F,2877
7678,1,F,2878
7679,2,F,2879
7680,86,F,2880
7681,52,F,2881
7682,7,F,2882
7683,47,F,2883
7684,94,T,2884
7685,62,T,2885
7686,54,F,2886
7687,26,T,2887
7688,24,T,2888
7689,17,F,2889
7690,38,T,2890
7691,9,T,2891
7692,13,F,2892
7693,73,T,2893
7694,41,F,2894
7695,86,F,2895
7696,49,F,2896
7697,5,T,2897
7698,32,F,2898
7699,38,T,2899
7700,9,F,2900
7701,78,T,2901
7702,86,F,2902
7703,49,F,2903
7704,5,T,2904
7705,90,F,2905
7706,57,F,2906
7707,68,F,2907
7708,98,F,2908
7709,11,T,2909
7710,71,T,2910
7711,55,F,2911
7712,67,T,2912
7713,60,F,2913
7714,26,F,2914
7715,25,F,2915
7716,38,F,2916
7717,30,F,2917
7718,68,T,2918
7719,70,T,2919
7720,62,T,2920
7721,79,T,2921
7722,96,T,2922
7723,8,F,2923
7724,24,F,2924
7725,80,T,2925
7726,29,F,2926
7727,28,F,2927
7728,17,F,2928
7729,93,F,2929
7730,11,F,2930
7731,31,T,2931
7732,34,T,2932
7733,72,T,2933
7734,75,F,2934
7735,96,T,2935
7736,87,F,2936
7737,92,F,2937
7738,60,F,2938
7739,73,T,2939
7740,23,F,2940
7741,15,F,2941
7742,31,T,2942
7743,44,T,2943
7744,58,T,2944
7745,70,T,2945
7746,91,T,2946
7747,14,T,2947
7748,2,F,2948
7749,43,T,2949
7750,35,F,2950
7751,37,F,2951
7752,30,F,2952
7753,37,F,2953
7754,92,T,2954
7755,92,F,2955
7756,14,T,2956
7757,35,T,2957
7758,74,T,2958
7759,40,T,2959
7760,28,F,2960
7761,93,T,2961
7762,76,F,2962
7763,50,T,2963
7764,43,T,2964
7765,56,T,2965
7766,21,T,2966
7767,26,F,2967
7768,79,F,2968
7769,72,T,2969
7770,69,F,2970
7771,71,F,2971
7772,62,T,2972
7773,8,F,2973
7774,43,F,2974
7775,7,F,2975
7776,91,F,2976
7777,24,T,2977
7778,40,T,2978
7779,79,F,2979
7780,6,F,2980
7781,42,T,2981
7782,79,F,2982
7783,4,F,2983
7784,41,T,2984
7785,6,T,2985
7786,51,T,2986
7787,24,T,2987
7788,4,F,2988
7789,88,T,2989
7790,69,T,2990
7791,87,T,2991
7792,42,T,2992
7793,71,T,2993
7794,16,T,2994
7795,87,T,2995
7796,13,F,2996
7797,92,T,2997
7798,33,T,2998
7799,28,T,2999
7800,86,T,3000
7801,27,T,3001
7802,79,T,3002
7803,52,F,3003
7804,75,F,3004
7805,51,F,3005
7806,63,F,3006
7807,65,F,3007
7808,75,T,3008
7809,32,T,3009
7810,26,F,3010
7811,8,T,3011
7812,50,F,3012
7813,31,F,3013
7814,44,F,3014
7815,91,F,3015
7816,17,T,3016
7817,35,T,3017
7818,16,T,3018
7819,91,T,3019
7820,100,F,3020
7821,17,T,3021
7822,62,F,3022
7823,2,T,3023
7824,4,F,3024
7825,14,F,3025
7826,27,T,3026
7827,68,F,3027
7828,45,F,3028
7829,1,T,3029
7830,91,T,3030
7831,75,F,3031
7832,8,F,3032
7833,45,F,3033
7834,22,T,3034
7835,63,F,3035
7836,28,F,3036
7837,74,F,3037
7838,19,T,3038
7839,100,T,3039
7840,85,T,3040
7841,83,F,3041
7842,77,T,3042
7843,3,F,3043
7844,11,T,3044
7845,82,F,3045
7846,39,T,3046
7847,77,F,3047
7848,33,T,3048
7849,21,T,3049
7850,12,T,3050
7851,64,T,3051
7852,8,F,3052
7853,85,F,3053
7854,30,F,3054
7855,96,T,3055
7856,23,T,3056
7857,70,F,3057
7858,90,T,3058
7859,62,F,3059
7860,89,T,3060
7861,93,T,3061
7862,42,F,3062
7863,13,F,3063
7864,35,F,3064
7865,98,F,3065
7866,68,F,3066
7867,80,F,3067
7868,95,F,3068
7869,44,F,3069
7870,96,T,3070
7871,22,F,3071
7872,42,F,3072
7873,88,F,3073
7874,54,F,3074
7875,46,F,3075
7876,55,F,3076
7877,27,F,3077
7878,45,F,3078
7879,50,F,3079
7880,91,T,3080
7881,26,F,3081
7882,29,T,3082
7883,32,T,3083
7884,70,T,3084
7885,60,F,3085
7886,23,F,3086
7887,62,T,3087
7888,88,F,3088
7889,18,F,3089
7890,47,T,3090
7891,29,T,3091
7892,36,T,3092
7893,8,F,3093
7894,48,T,3094
7895,52,F,3095
7896,59,F,3096
7897,63,T,3097
7898,57,F,3098
7899,20,T,3099
7900,61,F,3100
7901,81,F,3101
7902,74,F,3102
7903,81,F,3103
7904,15,T,3104
7905,32,F,3105
7906,66,T,3106
7907,47,T,3107
7908,57,F,3108
7909,93,T,3109
7910,77,T,3110
7911,6,F,3111
7912,39,T,3112
7913,15,T,3113
7914,37,F,3114
7915,34,F,3115
7916,63,T,3116
7917,78,F,3117
7918,50,F,3118
7919,18,T,3119
7920,87,F,3120
7921,46,T,3121
7922,49,T,3122
7923,78,T,3123
7924,64,T,3124
7925,12,T,3125
7926,100,T,3126
7927,9,T,3127
7928,46,T,3128
7929,38,F,3129
7930,76,T,3130
7931,86,T,3131
7932,4,T,3132
7933,62,T,3133
7934,18,T,3134
7935,36,F,3135
7936,11,T,3136
7937,21,T,3137
7938,35,F,3138
7939,42,F,3139
7940,86,T,3140
7941,60,T,3141
7942,70,F,3142
7943,8,T,3143
7944,33,F,3144
7945,8,F,3145
7946,11,T,3146
7947,53,F,3147
7948,74,F,3148
7949,68,T,3149
7950,72,T,3150
7951,35,F,3151
7952,5,F,3152
7953,43,T,3153
7954,87,F,3154
7955,43,T,3155
7956,88,T,3156
7957,27,T,3157
7958,79,T,3158
7959,65,T,3159
7960,70,T,3160
7961,54,T,3161
7962,1,F,3162
7963,5,F,3163
7964,17,T,3164
7965,9,F,3165
7966,37,T,3166
7967,4,F,3167
7968,58,F,3168
7969,65,T,3169
7970,85,F,3170
7971,36,T,3171
7972,2,T,3172
7973,57,F,3173
7974,62,T,3174
7975,90,F,3175
7976,47,T,3176
7977,84,F,3177
7978,52,F,3178
7979,25,F,3179
7980,59,T,3180
7981,93,F,3181
7982,61,F,3182
7983,52,F,3183
7984,86,F,3184
7985,5,T,3185
7986,79,F,3186
7987,8,F,3187
7988,51,T,3188
7989,36,F,3189
7990,18,F,3190
7991,59,F,3191
7992,8,F,3192
7993,30,T,3193
7994,46,T,3194
7995,15,F,3195
7996,19,F,3196
7997,35,T,3197
7998,86,T,3198
7999,61,F,3199
8000,51,T,3200
8001,52,F,3201
8002,46,F,3202
8003,30,F,3203
8004,7,T,3204
8005,16,T,3205
8006,28,F,3206
8007,19,F,3207
8008,63,T,3208
8009,26,T,3209
8010,35,T,3210
8011,15,T,3211
8012,54,F,3212
8013,16,F,3213
8014,93,F,3214
8015,11,F,3215
8016,93,F,3216
8017,94,T,3217
8018,86,T,3218
8019,32,F,3219
8020,6,T,3220
8021,32,F,3221
8022,15,F,3222
8023,80,T,3223
8024,31,F,3224
8025,59,F,3225
8026,39,T,3226
8027,79,T,3227
8028,96,F,3228
8029,62,F,3229
8030,22,F,3230
8031,34,F,3231
8032,78,F,3232
8033,30,F,3233
8034,90,T,3234
8035,8,F,3235
8036,46,F,3236
8037,51,F,3237
8038,90,F,3238
8039,33,F,3239
8040,31,T,3240
8041,30,T,3241
8042,61,T,3242
8043,93,T,3243
8044,12,F,3244
8045,10,F,3245
8046,5,F,3246
8047,45,F,3247
8048,94,T,3248
8049,45,F,3249
8050,76,T,3250
8051,64,T,3251
8052,49,T,3252
8053,16,T,3253
8054,9,T,3254
8055,68,F,3255
8056,86,T,3256
8057,39,T,3257
8058,28,F,3258
8059,20,F,3259
8060,57,F,3260
8061,83,F,3261
8062,30,F,3262
8063,42,T,3263
8064,28,F,3264
8065,39,T,3265
8066,27,T,3266
8067,10,F,3267
8068,37,F,3268
8069,73,F,3269
8070,23,F,3270
8071,64,F,3271
8072,20,T,3272
8073,47,F,3273
8074,76,F,3274
8075,42,T,3275
8076,26,F,3276
8077,42,F,3277
8078,62,T,3278
8079,5,F,3279
8080,70,T,3280
8081,84,F,3281
8082,50,F,3282
8083,18,T,3283
8084,27,F,3284
8085,95,T,3285
8086,98,T,3286
8087,52,T,3287
8088,43,T,3288
8089,40,T,3289
8090,82,T,3290
8091,40,T,3291
8092,13,T,3292
8093,42,F,3293
8094,19,T,3294
8095,74,T,3295
8096,81,F,3296
8097,66,F,3297
8098,93,T,3298
8099,35,F,3299
8100,48,T,3300
8101,51,F,3301
8102,80,F,3302
8103,14,F,3303
8104,6,T,3304
8105,5,T,3305
8106,19,T,3306
8107,32,T,3307
8108,64,T,3308
8109,42,F,3309
8110,91,F,3310
8111,47,T,3311
8112,5,F,3312
8113,16,F,3313
8114,31,T,3314
8115,41,F,3315
8116,83,T,3316
8117,72,F,3317
8118,28,F,3318
8119,17,T,3319
8120,54,F,3320
8121,75,F,3321
8122,27,T,3322
8123,85,F,3323
8124,4,F,3324
8125,66,F,3325
8126,60,T,3326
8127,20,F,3327
8128,40,T,3328
8129,78,F,3329
8130,18,T,3330
8131,44,T,3331
8132,78,T,3332
8133,98,F,3333
8134,12,F,3334
8135,65,F,3335
8136,88,T,3336
8137,21,F,3337
8138,31,F,3338
8139,41,T,3339
8140,1,F,3340
8141,78,T,3341
8142,12,T,3342
8143,89,F,3343
8144,3,F,3344
8145,16,T,3345
8146,49,F,3346
8147,99,F,3347
8148,62,F,3348
8149,21,F,3349
8150,54,T,3350
8151,61,F,3351
8152,12,F,3352
8153,3,T,3353
8154,77,T,3354
8155,71,T,3355
8156,71,T,3356
8157,78,F,3357
8158,36,T,3358
8159,97,F,3359
8160,65,F,3360
8161,64,F,3361
8162,73,F,3362
8163,76,F,3363
8164,88,F,3364
8165,56,T,3365
8166,12,F,3366
8167,29,T,3367
8168,2,T,3368
8169,55,F,3369
8170,86,F,3370
8171,100,T,3371
8172,45,T,3372
8173,56,T,3373
8174,22,T,3374
8175,11,T,3375
8176,63,F,3376
8177,43,F,3377
8178,31,T,3378
8179,91,F,3379
8180,84,T,3380
8181,100,F,3381
8182,30,F,3382
8183,95,T,3383
8184,50,T,3384
8185,25,T,3385
8186,19,T,3386
8187,17,T,3387
8188,41,T,3388
8189,69,F,3389
8190,78,T,3390
8191,45,F,3391
8192,31,F,3392
8193,46,F,3393
8194,25,F,3394
8195,64,T,3395
8196,91,T,3396
8197,65,F,3397
8198,72,F,3398
8199,12,T,3399
8200,46,F,3400
8201,46,T,3401
8202,94,T,3402
8203,59,F,3403
8204,51,F,3404
8205,36,T,3405
8206,45,T,3406
8207,98,T,3407
8208,17,F,3408
8209,59,F,3409
8210,71,F,3410
8211,19,F,3411
8212,76,F,3412
8213,32,T,3413
8214,50,F,3414
8215,31,T,3415
8216,60,F,3416
8217,62,F,3417
8218,90,F,3418
8219,14,T,3419
8220,62,T,3420
8221,83,F,3421
8222,5,T,3422
8223,14,T,3423
8224,30,T,3424
8225,1,T,3425
8226,85,T,3426
8227,73,F,3427
8228,89,T,3428
8229,1,T,3429
8230,48,F,3430
8231,99,T,3431
8232,78,F,3432
8233,86,T,3433
8234,83,F,3434
8235,3,F,3435
8236,74,F,3436
8237,56,T,3437
8238,94,F,3438
8239,40,F,3439
8240,5,T,3440
8241,92,F,3441
8242,13,F,3442
8243,40,T,3443
8244,69,T,3444
8245,43,T,3445
8246,15,F,3446
8247,48,F,3447
8248,47,F,3448
8249,74,F,3449
8250,51,T,3450
8251,14,F,3451
8252,40,F,3452
8253,91,F,3453
8254,68,T,3454
8255,39,T,3455
8256,44,T,3456
8257,29,T,3457
8258,31,T,3458
8259,8,F,3459
8260,44,T,3460
8261,52,T,3461
8262,71,T,3462
8263,7,T,3463
8264,11,T,3464
8265,19,F,3465
8266,86,T,3466
8267,41,T,3467
8268,90,F,3468
8269,64,F,3469
8270,56,T,3470
8271,25,F,3471
8272,73,F,3472
8273,51,T,3473
8274,73,F,3474
8275,66,T,3475
8276,87,T,3476
8277,64,T,3477
8278,23,T,3478
8279,17,F,3479
8280,8,F,3480
8281,81,T,3481
8282,25,F,3482
8283,8,F,3483
8284,61,T,3484
8285,4,T,3485
8286,3,T,3486
8287,94,F,3487
8288,50,T,3488
8289,24,F,3489
8290,84,F,3490
8291,90,T,3491
8292,16,T,3492
8293,68,T,3493
8294,23,F,3494
8295,35,F,3495
8296,90,T,3496
8297,67,T,3497
8298,59,T,3498
8299,23,T,3499
8300,40,T,3500
8301,23,T,3501
8302,60,T,3502
8303,39,F,3503
8304,15,T,3504
8305,46,F,3505
8306,61,T,3506
8307,57,T,3507
8308,93,T,3508
8309,74,F,3509
8310,21,T,3510
8311,59,F,3511
8312,62,F,3512
8313,30,T,3513
8314,48,F,3514
8315,49,F,3515
8316,90,T,3516
8317,22,F,3517
8318,19,F,3518
8319,22,T,3519
8320,18,T,3520
8321,1,F,3521
8322,15,T,3522
8323,28,T,3523
8324,2,F,3524
8325,87,F,3525
8326,8,T,3526
8327,47,T,3527
8328,79,F,3528
8329,44,T,3529
8330,78,T,3530
8331,19,T,3531
8332,65,T,3532
8333,40,F,3533
8334,99,F,3534
8335,37,F,3535
8336,72,F,3536
8337,93,F,3537
8338,65,T,3538
8339,74,F,3539
8340,30,T,3540
8341,90,F,3541
8342,44,T,3542
8343,68,T,3543
8344,55,T,3544
8345,64,F,3545
8346,41,T,3546
8347,21,F,3547
8348,79,T,3548
8349,84,F,3549
8350,89,T,3550
8351,33,T,3551
8352,90,F,3552
8353,11,F,3553
8354,10,F,3554
8355,97,F,3555
8356,75,T,3556
8357,51,T,3557
8358,42,T,3558
8359,41,T,3559
8360,88,T,3560
8361,49,T,3561
8362,78,F,3562
8363,47,F,3563
8364,65,F,3564
8365,71,T,3565
8366,62,F,3566
8367,31,F,3567
8368,13,F,3568
8369,32,F,3569
8370,51,T,3570
8371,82,T,3571
8372,32,F,3572
8373,91,F,3573
8374,10,F,3574
8375,22,F,3575
8376,96,T,3576
8377,31,F,3577
8378,74,T,3578
8379,94,F,3579
8380,14,T,3580
8381,40,F,3581
8382,62,F,3582
8383,30,F,3583
8384,5,T,3584
8385,17,F,3585
8386,6,T,3586
8387,27,T,3587
8388,64,F,3588
8389,97,F,3589
8390,81,T,3590
8391,94,F,3591
8392,84,F,3592
8393,48,T,3593
8394,93,T,3594
8395,73,F,3595
8396,71,T,3596
8397,72,T,3597
8398,29,F,3598
8399,83,F,3599
8400,5,T,3600
