id,id_ips,habilitado,id_procedimiento_especializado
15601,61,T,1
15602,35,T,2
15603,39,F,3
15604,77,F,4
15605,57,T,5
15606,37,T,6
15607,88,T,7
15608,3,T,8
15609,57,T,9
15610,15,T,10
15611,25,F,11
15612,65,T,12
15613,22,F,13
15614,15,T,14
15615,15,T,15
15616,18,T,16
15617,6,F,17
15618,46,F,18
15619,1,F,19
15620,26,F,20
15621,86,T,21
15622,20,T,22
15623,7,F,23
15624,57,F,24
15625,97,T,25
15626,9,T,26
15627,80,F,27
15628,7,T,28
15629,53,T,29
15630,100,T,30
15631,42,T,31
15632,7,F,32
15633,31,F,33
15634,2,T,34
15635,32,T,35
15636,36,T,36
15637,83,T,37
15638,85,T,38
15639,86,F,39
15640,25,T,40
15641,91,T,41
15642,84,T,42
15643,76,T,43
15644,52,T,44
15645,58,F,45
15646,43,F,46
15647,65,T,47
15648,5,F,48
15649,22,T,49
15650,78,T,50
15651,38,F,51
15652,68,F,52
15653,42,F,53
15654,27,F,54
15655,84,F,55
15656,95,F,56
15657,97,T,57
15658,85,T,58
15659,95,F,59
15660,6,T,60
15661,72,T,61
15662,96,F,62
15663,32,F,63
15664,13,T,64
15665,95,F,65
15666,44,F,66
15667,94,T,67
15668,7,T,68
15669,37,T,69
15670,87,T,70
15671,98,F,71
15672,22,T,72
15673,84,F,73
15674,67,F,74
15675,77,T,75
15676,56,F,76
15677,96,T,77
15678,69,T,78
15679,33,F,79
15680,90,F,80
15681,59,F,81
15682,97,T,82
15683,75,T,83
15684,91,F,84
15685,27,F,85
15686,72,F,86
15687,34,F,87
15688,35,F,88
15689,56,F,89
15690,74,F,90
15691,5,T,91
15692,31,F,92
15693,62,F,93
15694,67,F,94
15695,88,F,95
15696,78,F,96
15697,31,F,97
15698,30,F,98
15699,53,F,99
15700,31,T,100
15701,39,T,101
15702,2,T,102
15703,44,T,103
15704,65,F,104
15705,11,F,105
15706,83,F,106
15707,13,T,107
15708,10,T,108
15709,96,F,109
15710,19,T,110
15711,85,T,111
15712,21,F,112
15713,58,T,113
15714,17,T,114
15715,37,T,115
15716,47,T,116
15717,30,F,117
15718,30,F,118
15719,90,T,119
15720,19,T,120
15721,76,F,121
15722,23,T,122
15723,46,F,123
15724,84,T,124
15725,65,T,125
15726,33,T,126
15727,12,F,127
15728,23,T,128
15729,14,F,129
15730,90,F,130
15731,51,T,131
15732,87,F,132
15733,41,F,133
15734,37,T,134
15735,31,T,135
15736,81,T,136
15737,4,T,137
15738,62,T,138
15739,45,T,139
15740,89,T,140
15741,14,F,141
15742,66,F,142
15743,69,T,143
15744,100,F,144
15745,62,F,145
15746,24,T,146
15747,94,T,147
15748,47,T,148
15749,82,F,149
15750,1,F,150
15751,7,F,151
15752,56,F,152
15753,5,F,153
15754,2,T,154
15755,13,F,155
15756,99,T,156
15757,55,F,157
15758,99,T,158
15759,37,T,159
15760,92,T,160
15761,97,F,161
15762,91,T,162
15763,94,F,163
15764,49,F,164
15765,67,F,165
15766,19,F,166
15767,36,T,167
15768,51,F,168
15769,96,T,169
15770,81,T,170
15771,59,T,171
15772,59,F,172
15773,17,F,173
15774,45,T,174
15775,33,T,175
15776,85,F,176
15777,58,F,177
15778,27,T,178
15779,86,T,179
15780,51,T,180
15781,52,T,181
15782,38,T,182
15783,81,T,183
15784,85,T,184
15785,2,F,185
15786,53,T,186
15787,91,F,187
15788,7,T,188
15789,61,T,189
15790,67,T,190
15791,90,F,191
15792,16,T,192
15793,68,F,193
15794,12,F,194
15795,74,F,195
15796,23,F,196
15797,66,T,197
15798,45,T,198
15799,47,F,199
15800,55,T,200
15801,49,F,201
15802,90,F,202
15803,98,F,203
15804,92,T,204
15805,91,T,205
15806,35,F,206
15807,28,T,207
15808,2,T,208
15809,80,F,209
15810,95,F,210
15811,64,F,211
15812,31,F,212
15813,32,F,213
15814,81,T,214
15815,68,T,215
15816,71,F,216
15817,85,T,217
15818,97,T,218
15819,12,T,219
15820,27,T,220
15821,19,T,221
15822,99,F,222
15823,90,F,223
15824,15,F,224
15825,48,F,225
15826,91,F,226
15827,59,F,227
15828,5,T,228
15829,34,F,229
15830,38,T,230
15831,41,F,231
15832,49,F,232
15833,4,F,233
15834,98,T,234
15835,36,T,235
15836,53,T,236
15837,84,F,237
15838,56,T,238
15839,68,F,239
15840,5,F,240
15841,41,F,241
15842,14,T,242
15843,85,T,243
15844,42,T,244
15845,7,T,245
15846,60,F,246
15847,69,T,247
15848,1,T,248
15849,92,T,249
15850,12,F,250
15851,55,F,251
15852,3,F,252
15853,10,F,253
15854,72,T,254
15855,84,F,255
15856,81,F,256
15857,26,F,257
15858,18,T,258
15859,63,F,259
15860,4,T,260
15861,55,F,261
15862,51,F,262
15863,34,T,263
15864,94,F,264
15865,26,F,265
15866,28,T,266
15867,37,F,267
15868,86,T,268
15869,80,T,269
15870,74,F,270
15871,68,F,271
15872,56,F,272
15873,87,F,273
15874,28,F,274
15875,96,F,275
15876,8,T,276
15877,64,F,277
15878,48,F,278
15879,8,F,279
15880,93,F,280
15881,49,T,281
15882,46,F,282
15883,36,F,283
15884,49,T,284
15885,95,T,285
15886,13,T,286
15887,55,F,287
15888,68,F,288
15889,92,F,289
15890,56,F,290
15891,37,F,291
15892,2,T,292
15893,52,T,293
15894,83,F,294
15895,32,T,295
15896,74,F,296
15897,52,T,297
15898,26,F,298
15899,14,F,299
15900,36,T,300
15901,57,T,301
15902,54,T,302
15903,57,F,303
15904,52,T,304
15905,97,T,305
15906,21,T,306
15907,61,F,307
15908,82,T,308
15909,79,F,309
15910,48,F,310
15911,5,T,311
15912,8,F,312
15913,42,T,313
15914,71,F,314
15915,94,F,315
15916,10,F,316
15917,6,F,317
15918,22,T,318
15919,56,F,319
15920,69,T,320
15921,17,T,321
15922,5,F,322
15923,25,F,323
15924,22,F,324
15925,92,T,325
15926,6,T,326
15927,6,F,327
15928,13,T,328
15929,49,F,329
15930,46,F,330
15931,98,T,331
15932,92,F,332
15933,82,F,333
15934,5,F,334
15935,36,T,335
15936,65,F,336
15937,44,F,337
15938,49,F,338
15939,46,F,339
15940,35,F,340
15941,86,F,341
15942,21,F,342
15943,75,F,343
15944,44,T,344
15945,8,F,345
15946,98,F,346
15947,66,F,347
15948,55,F,348
15949,100,F,349
15950,16,F,350
15951,40,T,351
15952,21,F,352
15953,29,T,353
15954,66,F,354
15955,24,F,355
15956,5,F,356
15957,6,T,357
15958,67,F,358
15959,57,F,359
15960,23,T,360
15961,32,T,361
15962,43,T,362
15963,64,F,363
15964,48,F,364
15965,43,T,365
15966,11,F,366
15967,88,F,367
15968,42,F,368
15969,8,F,369
15970,21,T,370
15971,51,T,371
15972,69,F,372
15973,94,T,373
15974,23,T,374
15975,21,T,375
15976,37,T,376
15977,79,F,377
15978,77,T,378
15979,19,F,379
15980,85,F,380
15981,80,T,381
15982,85,T,382
15983,66,F,383
15984,44,T,384
15985,1,T,385
15986,70,T,386
15987,28,F,387
15988,8,F,388
15989,80,T,389
15990,31,T,390
15991,18,F,391
15992,70,T,392
15993,82,T,393
15994,81,T,394
15995,50,F,395
15996,91,F,396
15997,33,T,397
15998,64,T,398
15999,53,T,399
16000,58,F,400
16001,59,F,401
16002,2,T,402
16003,81,T,403
16004,44,F,404
16005,45,T,405
16006,65,T,406
16007,65,T,407
16008,69,T,408
16009,33,T,409
16010,2,T,410
16011,91,F,411
16012,84,F,412
16013,36,F,413
16014,44,T,414
16015,49,T,415
16016,42,F,416
16017,55,T,417
16018,95,F,418
16019,4,T,419
16020,17,F,420
16021,91,T,421
16022,87,T,422
16023,13,T,423
16024,53,F,424
16025,21,T,425
16026,3,F,426
16027,24,T,427
16028,94,T,428
16029,14,T,429
16030,22,T,430
16031,99,F,431
16032,15,T,432
16033,79,F,433
16034,34,T,434
16035,48,F,435
16036,67,F,436
16037,5,T,437
16038,24,T,438
16039,81,T,439
16040,44,F,440
16041,46,T,441
16042,86,T,442
16043,47,T,443
16044,43,F,444
16045,99,T,445
16046,65,T,446
16047,34,F,447
16048,90,F,448
16049,14,F,449
16050,20,F,450
16051,35,T,451
16052,26,F,452
16053,11,T,453
16054,56,F,454
16055,4,F,455
16056,78,F,456
16057,84,T,457
16058,31,T,458
16059,51,T,459
16060,53,F,460
16061,20,T,461
16062,11,F,462
16063,94,T,463
16064,61,F,464
16065,7,T,465
16066,69,T,466
16067,10,T,467
16068,65,T,468
16069,49,T,469
16070,77,T,470
16071,60,F,471
16072,23,T,472
16073,82,T,473
16074,54,T,474
16075,84,T,475
16076,76,T,476
16077,36,F,477
16078,5,T,478
16079,17,F,479
16080,85,T,480
16081,38,T,481
16082,8,F,482
16083,59,T,483
16084,17,T,484
16085,58,F,485
16086,31,F,486
16087,5,T,487
16088,26,F,488
16089,97,F,489
16090,43,F,490
16091,94,F,491
16092,53,F,492
16093,93,F,493
16094,90,T,494
16095,63,F,495
16096,80,T,496
16097,78,T,497
16098,75,F,498
16099,23,F,499
16100,49,T,500
16101,93,T,501
16102,49,F,502
16103,15,T,503
16104,10,F,504
16105,58,F,505
16106,77,T,506
16107,48,T,507
16108,77,F,508
16109,34,T,509
16110,65,F,510
16111,21,F,511
16112,51,F,512
16113,98,F,513
16114,39,T,514
16115,14,T,515
16116,39,T,516
16117,91,T,517
16118,44,T,518
16119,97,T,519
16120,78,T,520
16121,51,T,521
16122,1,F,522
16123,67,F,523
16124,60,F,524
16125,39,T,525
16126,30,T,526
16127,25,F,527
16128,79,F,528
16129,79,T,529
16130,85,T,530
16131,84,F,531
16132,12,T,532
16133,27,T,533
16134,37,T,534
16135,4,T,535
16136,62,T,536
16137,61,T,537
16138,96,T,538
16139,38,T,539
16140,16,F,540
16141,49,F,541
16142,43,T,542
16143,23,F,543
16144,72,T,544
16145,20,F,545
16146,69,F,546
16147,19,F,547
16148,70,F,548
16149,40,F,549
16150,51,F,550
16151,80,T,551
16152,51,T,552
16153,35,F,553
16154,91,F,554
16155,69,F,555
16156,25,F,556
16157,52,F,557
16158,94,F,558
16159,31,F,559
16160,2,F,560
16161,6,T,561
16162,89,F,562
16163,50,F,563
16164,55,F,564
16165,42,F,565
16166,17,F,566
16167,78,F,567
16168,16,F,568
16169,44,F,569
16170,27,F,570
16171,38,T,571
16172,63,T,572
16173,41,T,573
16174,63,T,574
16175,47,T,575
16176,100,F,576
16177,74,T,577
16178,10,F,578
16179,47,T,579
16180,35,F,580
16181,76,T,581
16182,66,F,582
16183,75,F,583
16184,31,F,584
16185,52,F,585
16186,29,F,586
16187,58,T,587
16188,30,F,588
16189,79,F,589
16190,68,T,590
16191,19,F,591
16192,72,T,592
16193,27,T,593
16194,50,F,594
16195,39,T,595
16196,74,F,596
16197,69,F,597
16198,100,T,598
16199,81,F,599
16200,65,T,600
16201,30,F,601
16202,51,T,602
16203,21,T,603
16204,3,F,604
16205,12,F,605
16206,61,T,606
16207,49,T,607
16208,30,T,608
16209,95,F,609
16210,21,F,610
16211,39,F,611
16212,95,T,612
16213,84,T,613
16214,9,F,614
16215,80,F,615
16216,46,T,616
16217,54,T,617
16218,63,F,618
16219,96,T,619
16220,15,F,620
16221,79,F,621
16222,20,F,622
16223,91,F,623
16224,56,T,624
16225,22,T,625
16226,19,F,626
16227,17,F,627
16228,31,T,628
16229,84,F,629
16230,72,T,630
16231,68,T,631
16232,69,T,632
16233,78,F,633
16234,33,F,634
16235,38,T,635
16236,39,F,636
16237,25,F,637
16238,42,T,638
16239,18,T,639
16240,98,F,640
16241,92,F,641
16242,17,F,642
16243,24,F,643
16244,73,T,644
16245,80,T,645
16246,43,F,646
16247,16,F,647
16248,24,F,648
16249,20,T,649
16250,35,T,650
16251,36,F,651
16252,24,T,652
16253,44,F,653
16254,82,F,654
16255,36,F,655
16256,7,F,656
16257,93,T,657
16258,71,F,658
16259,63,F,659
16260,68,T,660
16261,71,T,661
16262,18,F,662
16263,10,T,663
16264,35,F,664
16265,94,T,665
16266,72,F,666
16267,8,T,667
16268,66,T,668
16269,28,T,669
16270,58,F,670
16271,46,F,671
16272,10,F,672
16273,13,T,673
16274,22,T,674
16275,27,F,675
16276,21,F,676
16277,83,F,677
16278,85,F,678
16279,8,T,679
16280,43,F,680
16281,81,F,681
16282,78,T,682
16283,15,F,683
16284,61,F,684
16285,37,T,685
16286,4,T,686
16287,65,F,687
16288,53,T,688
16289,48,T,689
16290,38,F,690
16291,75,T,691
16292,38,T,692
16293,78,T,693
16294,17,T,694
16295,32,T,695
16296,95,F,696
16297,4,T,697
16298,36,T,698
16299,28,F,699
16300,67,T,700
16301,40,F,701
16302,2,T,702
16303,86,T,703
16304,77,F,704
16305,91,T,705
16306,80,T,706
16307,12,F,707
16308,97,F,708
16309,56,F,709
16310,35,F,710
16311,26,T,711
16312,78,T,712
16313,3,T,713
16314,75,F,714
16315,10,T,715
16316,50,T,716
16317,24,F,717
16318,33,F,718
16319,96,T,719
16320,41,T,720
16321,76,T,721
16322,25,T,722
16323,16,T,723
16324,8,F,724
16325,47,F,725
16326,73,T,726
16327,47,F,727
16328,4,F,728
16329,24,F,729
16330,47,T,730
16331,84,F,731
16332,45,F,732
16333,39,T,733
16334,62,F,734
16335,50,T,735
16336,93,F,736
16337,66,T,737
16338,18,F,738
16339,75,T,739
16340,43,T,740
16341,94,T,741
16342,86,F,742
16343,48,T,743
16344,64,F,744
16345,40,F,745
16346,33,T,746
16347,49,T,747
16348,80,T,748
16349,30,T,749
16350,13,T,750
16351,44,T,751
16352,78,F,752
16353,64,T,753
16354,4,F,754
16355,12,T,755
16356,73,T,756
16357,77,T,757
16358,74,F,758
16359,71,T,759
16360,33,T,760
16361,87,T,761
16362,19,T,762
16363,25,T,763
16364,74,F,764
16365,73,F,765
16366,83,F,766
16367,97,T,767
16368,51,T,768
16369,71,F,769
16370,60,T,770
16371,72,T,771
16372,35,T,772
16373,91,F,773
16374,50,T,774
16375,35,F,775
16376,87,T,776
16377,23,F,777
16378,67,F,778
16379,52,F,779
16380,34,T,780
16381,41,F,781
16382,31,F,782
16383,13,T,783
16384,17,F,784
16385,46,T,785
16386,12,T,786
16387,40,F,787
16388,65,F,788
16389,97,T,789
16390,35,T,790
16391,42,T,791
16392,1,F,792
16393,48,F,793
16394,35,F,794
16395,8,T,795
16396,48,T,796
16397,83,T,797
16398,20,F,798
16399,87,T,799
16400,33,T,800
16401,58,F,801
16402,14,T,802
16403,58,T,803
16404,18,T,804
16405,14,T,805
16406,52,F,806
16407,73,F,807
16408,70,F,808
16409,49,T,809
16410,89,F,810
16411,68,F,811
16412,14,F,812
16413,26,F,813
16414,61,F,814
16415,51,T,815
16416,92,T,816
16417,13,F,817
16418,72,T,818
16419,93,T,819
16420,4,T,820
16421,52,F,821
16422,54,F,822
16423,95,F,823
16424,60,T,824
16425,28,T,825
16426,87,F,826
16427,3,T,827
16428,23,T,828
16429,33,F,829
16430,30,F,830
16431,43,F,831
16432,53,F,832
16433,36,F,833
16434,43,F,834
16435,37,T,835
16436,70,T,836
16437,13,T,837
16438,81,F,838
16439,88,F,839
16440,11,T,840
16441,80,F,841
16442,85,T,842
16443,45,F,843
16444,7,F,844
16445,10,T,845
16446,91,T,846
16447,1,T,847
16448,20,T,848
16449,44,T,849
16450,57,T,850
16451,80,T,851
16452,57,F,852
16453,27,T,853
16454,8,T,854
16455,57,F,855
16456,51,F,856
16457,27,T,857
16458,59,T,858
16459,18,F,859
16460,81,F,860
16461,53,F,861
16462,91,T,862
16463,96,F,863
16464,65,T,864
16465,45,F,865
16466,53,T,866
16467,1,T,867
16468,40,T,868
16469,51,F,869
16470,63,T,870
16471,23,T,871
16472,28,T,872
16473,37,F,873
16474,24,F,874
16475,46,F,875
16476,38,T,876
16477,23,F,877
16478,90,F,878
16479,85,T,879
16480,76,T,880
16481,92,F,881
16482,90,F,882
16483,94,F,883
16484,8,T,884
16485,12,F,885
16486,25,F,886
16487,43,T,887
16488,37,T,888
16489,39,F,889
16490,66,T,890
16491,34,T,891
16492,65,F,892
16493,78,T,893
16494,87,F,894
16495,92,T,895
16496,3,T,896
16497,68,T,897
16498,50,F,898
16499,67,F,899
16500,63,T,900
16501,1,T,901
16502,73,F,902
16503,19,T,903
16504,56,F,904
16505,11,T,905
16506,4,F,906
16507,96,F,907
16508,96,T,908
16509,23,F,909
16510,96,T,910
16511,84,F,911
16512,33,F,912
16513,65,T,913
16514,5,F,914
16515,35,T,915
16516,31,T,916
16517,81,T,917
16518,95,T,918
16519,35,T,919
16520,1,F,920
16521,71,F,921
16522,27,F,922
16523,71,T,923
16524,38,T,924
16525,21,T,925
16526,39,T,926
16527,27,T,927
16528,66,T,928
16529,66,T,929
16530,24,T,930
16531,23,T,931
16532,41,F,932
16533,95,F,933
16534,60,T,934
16535,53,T,935
16536,94,T,936
16537,42,F,937
16538,7,T,938
16539,92,F,939
16540,94,F,940
16541,99,T,941
16542,83,F,942
16543,35,F,943
16544,1,T,944
16545,84,T,945
16546,14,F,946
16547,41,F,947
16548,94,T,948
16549,89,F,949
16550,16,F,950
16551,98,T,951
16552,25,T,952
16553,91,T,953
16554,65,T,954
16555,82,T,955
16556,63,T,956
16557,75,F,957
16558,33,T,958
16559,33,F,959
16560,97,T,960
16561,50,F,961
16562,40,T,962
16563,8,T,963
16564,41,F,964
16565,100,F,965
16566,75,F,966
16567,78,F,967
16568,63,F,968
16569,73,T,969
16570,57,F,970
16571,1,T,971
16572,36,T,972
16573,29,T,973
16574,50,F,974
16575,23,T,975
16576,31,F,976
16577,12,F,977
16578,97,F,978
16579,59,F,979
16580,94,T,980
16581,56,T,981
16582,31,F,982
16583,95,F,983
16584,65,F,984
16585,56,T,985
16586,88,F,986
16587,20,F,987
16588,15,F,988
16589,75,F,989
16590,75,T,990
16591,78,T,991
16592,7,F,992
16593,46,T,993
16594,53,F,994
16595,43,T,995
16596,92,T,996
16597,26,T,997
16598,13,T,998
16599,13,T,999
16600,70,F,1000
16601,37,F,1001
16602,19,F,1002
16603,36,F,1003
16604,7,T,1004
16605,37,T,1005
16606,16,F,1006
16607,87,F,1007
16608,80,F,1008
16609,44,T,1009
16610,37,F,1010
16611,91,T,1011
16612,41,F,1012
16613,9,F,1013
16614,56,F,1014
16615,19,T,1015
16616,16,T,1016
16617,83,F,1017
16618,15,F,1018
16619,66,T,1019
16620,37,F,1020
16621,83,F,1021
16622,26,T,1022
16623,65,T,1023
16624,84,T,1024
16625,38,T,1025
16626,67,T,1026
16627,96,T,1027
16628,27,F,1028
16629,100,F,1029
16630,11,T,1030
16631,86,T,1031
16632,100,F,1032
16633,13,F,1033
16634,31,F,1034
16635,14,F,1035
16636,8,T,1036
16637,30,T,1037
16638,45,F,1038
16639,45,T,1039
16640,98,F,1040
16641,38,T,1041
16642,70,F,1042
16643,35,F,1043
16644,44,T,1044
16645,22,F,1045
16646,41,F,1046
16647,46,T,1047
16648,95,T,1048
16649,24,F,1049
16650,55,F,1050
16651,46,F,1051
16652,30,F,1052
16653,34,T,1053
16654,100,F,1054
16655,100,F,1055
16656,9,F,1056
16657,11,T,1057
16658,80,F,1058
16659,42,T,1059
16660,47,F,1060
16661,30,F,1061
16662,96,T,1062
16663,94,F,1063
16664,39,T,1064
16665,77,T,1065
16666,57,F,1066
16667,5,T,1067
16668,23,T,1068
16669,99,F,1069
16670,94,F,1070
16671,90,T,1071
16672,96,T,1072
16673,63,T,1073
16674,10,F,1074
16675,40,T,1075
16676,13,F,1076
16677,10,F,1077
16678,76,F,1078
16679,74,F,1079
16680,31,F,1080
16681,85,F,1081
16682,60,F,1082
16683,68,T,1083
16684,43,F,1084
16685,10,T,1085
16686,71,T,1086
16687,20,F,1087
16688,10,F,1088
16689,70,T,1089
16690,65,F,1090
16691,57,F,1091
16692,38,T,1092
16693,80,F,1093
16694,43,F,1094
16695,13,F,1095
16696,20,F,1096
16697,1,F,1097
16698,98,T,1098
16699,30,T,1099
16700,96,F,1100
16701,27,T,1101
16702,79,T,1102
16703,13,T,1103
16704,42,T,1104
16705,89,F,1105
16706,93,T,1106
16707,100,F,1107
16708,76,F,1108
16709,9,T,1109
16710,68,T,1110
16711,44,F,1111
16712,60,F,1112
16713,23,T,1113
16714,61,F,1114
16715,100,T,1115
16716,62,F,1116
16717,37,F,1117
16718,51,F,1118
16719,80,T,1119
16720,90,T,1120
16721,17,F,1121
16722,67,T,1122
16723,24,F,1123
16724,62,F,1124
16725,2,F,1125
16726,44,F,1126
16727,70,F,1127
16728,73,T,1128
16729,20,F,1129
16730,17,F,1130
16731,55,T,1131
16732,23,F,1132
16733,2,T,1133
16734,20,F,1134
16735,93,T,1135
16736,59,F,1136
16737,76,F,1137
16738,87,F,1138
16739,97,T,1139
16740,41,F,1140
16741,81,F,1141
16742,71,F,1142
16743,52,T,1143
16744,98,T,1144
16745,25,T,1145
16746,64,T,1146
16747,71,F,1147
16748,17,F,1148
16749,97,T,1149
16750,6,T,1150
16751,69,T,1151
16752,79,F,1152
16753,36,T,1153
16754,26,T,1154
16755,24,F,1155
16756,53,F,1156
16757,49,T,1157
16758,79,T,1158
16759,65,T,1159
16760,98,T,1160
16761,23,T,1161
16762,62,T,1162
16763,21,T,1163
16764,33,F,1164
16765,3,F,1165
16766,26,F,1166
16767,53,F,1167
16768,33,T,1168
16769,21,T,1169
16770,11,F,1170
16771,74,F,1171
16772,24,T,1172
16773,46,F,1173
16774,6,T,1174
16775,14,F,1175
16776,60,F,1176
16777,66,T,1177
16778,94,T,1178
16779,84,F,1179
16780,77,T,1180
16781,69,F,1181
16782,88,F,1182
16783,25,F,1183
16784,29,T,1184
16785,88,T,1185
16786,73,F,1186
16787,67,F,1187
16788,74,F,1188
16789,50,F,1189
16790,30,F,1190
16791,1,F,1191
16792,61,F,1192
16793,62,T,1193
16794,81,T,1194
16795,10,T,1195
16796,12,T,1196
16797,46,F,1197
16798,26,T,1198
16799,13,T,1199
16800,53,T,1200
16801,90,T,1201
16802,51,T,1202
16803,53,T,1203
16804,87,T,1204
16805,27,T,1205
16806,88,T,1206
16807,96,T,1207
16808,87,T,1208
16809,76,F,1209
16810,57,F,1210
16811,35,F,1211
16812,25,F,1212
16813,14,F,1213
16814,11,F,1214
16815,40,T,1215
16816,70,F,1216
16817,6,T,1217
16818,90,T,1218
16819,57,T,1219
16820,95,T,1220
16821,42,F,1221
16822,47,T,1222
16823,3,T,1223
16824,81,F,1224
16825,74,T,1225
16826,57,T,1226
16827,66,F,1227
16828,25,F,1228
16829,47,T,1229
16830,25,F,1230
16831,10,T,1231
16832,49,F,1232
16833,69,F,1233
16834,98,F,1234
16835,43,T,1235
16836,26,T,1236
16837,85,T,1237
16838,88,F,1238
16839,34,T,1239
16840,64,F,1240
16841,70,F,1241
16842,83,T,1242
16843,66,F,1243
16844,51,F,1244
16845,72,T,1245
16846,85,T,1246
16847,65,F,1247
16848,98,F,1248
16849,88,T,1249
16850,48,F,1250
16851,68,F,1251
16852,47,F,1252
16853,49,F,1253
16854,48,F,1254
16855,64,T,1255
16856,35,T,1256
16857,39,F,1257
16858,100,T,1258
16859,31,F,1259
16860,31,F,1260
16861,4,F,1261
16862,64,T,1262
16863,74,F,1263
16864,73,F,1264
16865,13,F,1265
16866,2,F,1266
16867,37,T,1267
16868,17,T,1268
16869,41,F,1269
16870,100,T,1270
16871,50,F,1271
16872,62,T,1272
16873,38,F,1273
16874,1,F,1274
16875,100,T,1275
16876,29,F,1276
16877,30,F,1277
16878,79,T,1278
16879,94,F,1279
16880,13,T,1280
16881,67,T,1281
16882,71,T,1282
16883,41,F,1283
16884,22,T,1284
16885,18,T,1285
16886,35,F,1286
16887,3,F,1287
16888,19,F,1288
16889,63,T,1289
16890,60,T,1290
16891,4,F,1291
16892,81,F,1292
16893,61,F,1293
16894,60,F,1294
16895,69,T,1295
16896,22,T,1296
16897,19,T,1297
16898,7,T,1298
16899,54,F,1299
16900,24,F,1300
16901,79,T,1301
16902,78,F,1302
16903,29,F,1303
16904,40,F,1304
16905,41,T,1305
16906,66,F,1306
16907,83,F,1307
16908,60,F,1308
16909,29,F,1309
16910,30,F,1310
16911,21,F,1311
16912,75,T,1312
16913,20,T,1313
16914,67,T,1314
16915,57,F,1315
16916,26,T,1316
16917,31,F,1317
16918,9,T,1318
16919,8,F,1319
16920,43,T,1320
16921,17,F,1321
16922,72,F,1322
16923,67,T,1323
16924,37,F,1324
16925,56,T,1325
16926,72,F,1326
16927,38,T,1327
16928,80,T,1328
16929,51,T,1329
16930,72,F,1330
16931,71,T,1331
16932,29,F,1332
16933,39,F,1333
16934,96,F,1334
16935,85,F,1335
16936,23,F,1336
16937,28,T,1337
16938,59,F,1338
16939,67,T,1339
16940,79,F,1340
16941,66,T,1341
16942,2,T,1342
16943,40,F,1343
16944,71,F,1344
16945,86,T,1345
16946,6,T,1346
16947,44,T,1347
16948,78,F,1348
16949,89,F,1349
16950,53,F,1350
16951,72,T,1351
16952,77,T,1352
16953,38,T,1353
16954,16,T,1354
16955,78,F,1355
16956,80,F,1356
16957,16,F,1357
16958,86,T,1358
16959,82,F,1359
16960,30,T,1360
16961,37,T,1361
16962,16,F,1362
16963,40,F,1363
16964,6,T,1364
16965,53,T,1365
16966,72,F,1366
16967,83,T,1367
16968,62,F,1368
16969,96,T,1369
16970,45,T,1370
16971,7,F,1371
16972,66,F,1372
16973,87,F,1373
16974,60,T,1374
16975,40,T,1375
16976,80,T,1376
16977,35,T,1377
16978,15,F,1378
16979,74,F,1379
16980,87,T,1380
16981,83,F,1381
16982,71,T,1382
16983,10,T,1383
16984,97,T,1384
16985,53,T,1385
16986,60,T,1386
16987,73,T,1387
16988,23,F,1388
16989,33,T,1389
16990,10,T,1390
16991,9,F,1391
16992,65,F,1392
16993,69,F,1393
16994,88,T,1394
16995,39,T,1395
16996,25,T,1396
16997,78,T,1397
16998,20,F,1398
16999,43,F,1399
17000,66,T,1400
17001,34,F,1401
17002,74,F,1402
17003,70,T,1403
17004,54,F,1404
17005,59,T,1405
17006,60,F,1406
17007,12,F,1407
17008,29,F,1408
17009,87,F,1409
17010,38,F,1410
17011,60,F,1411
17012,35,T,1412
17013,53,T,1413
17014,29,F,1414
17015,33,F,1415
17016,39,F,1416
17017,64,T,1417
17018,93,T,1418
17019,75,F,1419
17020,67,T,1420
17021,89,F,1421
17022,64,F,1422
17023,42,F,1423
17024,54,F,1424
17025,2,F,1425
17026,80,F,1426
17027,63,F,1427
17028,68,T,1428
17029,44,T,1429
17030,97,F,1430
17031,93,T,1431
17032,25,T,1432
17033,77,F,1433
17034,41,T,1434
17035,57,F,1435
17036,45,F,1436
17037,16,F,1437
17038,38,F,1438
17039,65,T,1439
17040,18,F,1440
17041,31,F,1441
17042,98,F,1442
17043,44,F,1443
17044,67,F,1444
17045,21,F,1445
17046,59,F,1446
17047,91,T,1447
17048,95,F,1448
17049,54,F,1449
17050,30,F,1450
17051,63,T,1451
17052,29,T,1452
17053,4,T,1453
17054,1,F,1454
17055,13,T,1455
17056,24,F,1456
17057,35,T,1457
17058,4,F,1458
17059,38,F,1459
17060,63,F,1460
17061,94,F,1461
17062,79,T,1462
17063,97,T,1463
17064,21,T,1464
17065,61,T,1465
17066,7,F,1466
17067,1,F,1467
17068,94,F,1468
17069,56,F,1469
17070,62,F,1470
17071,92,F,1471
17072,4,T,1472
17073,44,T,1473
17074,35,T,1474
17075,26,F,1475
17076,47,T,1476
17077,73,F,1477
17078,90,T,1478
17079,39,F,1479
17080,80,F,1480
17081,31,F,1481
17082,16,T,1482
17083,81,T,1483
17084,96,F,1484
17085,6,T,1485
17086,33,T,1486
17087,81,T,1487
17088,25,F,1488
17089,74,F,1489
17090,18,F,1490
17091,100,F,1491
17092,71,F,1492
17093,78,F,1493
17094,62,F,1494
17095,17,T,1495
17096,55,F,1496
17097,87,F,1497
17098,31,F,1498
17099,51,T,1499
17100,21,T,1500
17101,98,F,1501
17102,25,F,1502
17103,49,T,1503
17104,94,F,1504
17105,14,T,1505
17106,39,T,1506
17107,18,T,1507
17108,27,F,1508
17109,84,F,1509
17110,27,T,1510
17111,81,T,1511
17112,16,T,1512
17113,89,F,1513
17114,26,F,1514
17115,11,F,1515
17116,91,T,1516
17117,77,F,1517
17118,86,F,1518
17119,32,F,1519
17120,59,T,1520
17121,5,F,1521
17122,79,T,1522
17123,3,F,1523
17124,82,T,1524
17125,38,T,1525
17126,18,T,1526
17127,93,T,1527
17128,4,F,1528
17129,58,T,1529
17130,25,F,1530
17131,55,T,1531
17132,87,T,1532
17133,14,F,1533
17134,75,T,1534
17135,58,F,1535
17136,79,F,1536
17137,75,T,1537
17138,58,F,1538
17139,73,T,1539
17140,74,T,1540
17141,35,T,1541
17142,57,F,1542
17143,75,F,1543
17144,98,T,1544
17145,48,T,1545
17146,50,T,1546
17147,26,T,1547
17148,53,F,1548
17149,27,T,1549
17150,37,T,1550
17151,4,T,1551
17152,19,T,1552
17153,61,F,1553
17154,26,F,1554
17155,11,F,1555
17156,92,F,1556
17157,79,F,1557
17158,94,T,1558
17159,59,T,1559
17160,63,T,1560
17161,16,T,1561
17162,95,T,1562
17163,86,T,1563
17164,77,T,1564
17165,16,T,1565
17166,7,F,1566
17167,73,T,1567
17168,42,T,1568
17169,71,F,1569
17170,16,T,1570
17171,23,T,1571
17172,62,F,1572
17173,10,T,1573
17174,9,T,1574
17175,14,T,1575
17176,80,F,1576
17177,30,T,1577
17178,11,F,1578
17179,97,F,1579
17180,51,F,1580
17181,38,F,1581
17182,74,F,1582
17183,39,F,1583
17184,12,T,1584
17185,10,T,1585
17186,54,F,1586
17187,4,T,1587
17188,8,T,1588
17189,53,F,1589
17190,78,F,1590
17191,74,T,1591
17192,80,T,1592
17193,16,F,1593
17194,59,F,1594
17195,86,F,1595
17196,66,F,1596
17197,22,T,1597
17198,43,F,1598
17199,18,F,1599
17200,62,F,1600
17201,77,F,1601
17202,96,T,1602
17203,76,F,1603
17204,57,F,1604
17205,93,T,1605
17206,17,T,1606
17207,54,T,1607
17208,15,F,1608
17209,29,T,1609
17210,38,F,1610
17211,27,F,1611
17212,26,T,1612
17213,56,T,1613
17214,60,T,1614
17215,56,T,1615
17216,34,F,1616
17217,16,T,1617
17218,81,F,1618
17219,20,T,1619
17220,13,T,1620
17221,49,F,1621
17222,64,T,1622
17223,12,T,1623
17224,10,F,1624
17225,9,F,1625
17226,80,T,1626
17227,32,F,1627
17228,39,F,1628
17229,63,F,1629
17230,54,F,1630
17231,71,F,1631
17232,57,F,1632
17233,1,T,1633
17234,63,F,1634
17235,44,F,1635
17236,49,F,1636
17237,75,T,1637
17238,63,T,1638
17239,76,F,1639
17240,7,F,1640
17241,7,T,1641
17242,38,T,1642
17243,61,F,1643
17244,13,T,1644
17245,1,T,1645
17246,17,T,1646
17247,2,F,1647
17248,59,T,1648
17249,87,T,1649
17250,21,F,1650
17251,84,F,1651
17252,36,T,1652
17253,2,T,1653
17254,37,T,1654
17255,43,T,1655
17256,82,F,1656
17257,21,F,1657
17258,66,F,1658
17259,97,T,1659
17260,85,F,1660
17261,23,T,1661
17262,19,T,1662
17263,70,T,1663
17264,79,F,1664
17265,27,T,1665
17266,73,T,1666
17267,48,F,1667
17268,13,T,1668
17269,54,F,1669
17270,23,T,1670
17271,36,F,1671
17272,65,T,1672
17273,75,F,1673
17274,95,T,1674
17275,63,F,1675
17276,32,F,1676
17277,7,T,1677
17278,52,T,1678
17279,39,T,1679
17280,14,T,1680
17281,1,F,1681
17282,38,T,1682
17283,46,F,1683
17284,53,F,1684
17285,45,T,1685
17286,76,F,1686
17287,12,T,1687
17288,54,T,1688
17289,88,T,1689
17290,64,T,1690
17291,83,F,1691
17292,52,F,1692
17293,66,F,1693
17294,4,F,1694
17295,26,T,1695
17296,48,F,1696
17297,33,T,1697
17298,19,F,1698
17299,85,T,1699
17300,35,F,1700
17301,5,F,1701
17302,8,F,1702
17303,26,T,1703
17304,94,T,1704
17305,86,F,1705
17306,67,F,1706
17307,27,F,1707
17308,6,T,1708
17309,29,F,1709
17310,59,T,1710
17311,91,T,1711
17312,43,F,1712
17313,82,F,1713
17314,24,F,1714
17315,64,T,1715
17316,43,F,1716
17317,60,F,1717
17318,26,T,1718
17319,88,T,1719
17320,30,T,1720
17321,18,T,1721
17322,8,T,1722
17323,15,T,1723
17324,78,F,1724
17325,57,F,1725
17326,27,F,1726
17327,2,T,1727
17328,16,T,1728
17329,59,T,1729
17330,14,F,1730
17331,77,F,1731
17332,97,F,1732
17333,93,F,1733
17334,21,T,1734
17335,67,F,1735
17336,1,T,1736
17337,34,F,1737
17338,22,T,1738
17339,60,T,1739
17340,16,F,1740
17341,92,T,1741
17342,73,F,1742
17343,87,F,1743
17344,61,T,1744
17345,69,T,1745
17346,48,F,1746
17347,63,F,1747
17348,28,F,1748
17349,64,F,1749
17350,95,F,1750
17351,92,F,1751
17352,13,F,1752
17353,32,T,1753
17354,21,T,1754
17355,16,F,1755
17356,94,T,1756
17357,4,T,1757
17358,34,T,1758
17359,9,T,1759
17360,47,T,1760
17361,87,F,1761
17362,30,T,1762
17363,29,F,1763
17364,53,F,1764
17365,13,T,1765
17366,73,F,1766
17367,62,F,1767
17368,99,T,1768
17369,12,T,1769
17370,17,F,1770
17371,1,T,1771
17372,70,F,1772
17373,43,T,1773
17374,88,T,1774
17375,68,F,1775
17376,69,T,1776
17377,82,F,1777
17378,45,T,1778
17379,61,F,1779
17380,88,F,1780
17381,20,F,1781
17382,16,T,1782
17383,60,T,1783
17384,50,F,1784
17385,78,T,1785
17386,13,T,1786
17387,49,T,1787
17388,7,T,1788
17389,65,T,1789
17390,68,T,1790
17391,93,T,1791
17392,29,T,1792
17393,65,T,1793
17394,6,T,1794
17395,29,F,1795
17396,46,F,1796
17397,95,T,1797
17398,55,F,1798
17399,78,T,1799
17400,94,F,1800
17401,30,F,1801
17402,17,T,1802
17403,68,F,1803
17404,67,F,1804
17405,16,T,1805
17406,3,T,1806
17407,19,T,1807
17408,70,F,1808
17409,59,T,1809
17410,37,T,1810
17411,37,T,1811
17412,25,T,1812
17413,88,T,1813
17414,98,F,1814
17415,34,F,1815
17416,91,T,1816
17417,89,F,1817
17418,54,T,1818
17419,12,T,1819
17420,58,F,1820
17421,95,F,1821
17422,59,T,1822
17423,11,T,1823
17424,10,T,1824
17425,22,F,1825
17426,91,T,1826
17427,5,F,1827
17428,52,F,1828
17429,32,T,1829
17430,67,T,1830
17431,7,F,1831
17432,51,F,1832
17433,48,F,1833
17434,94,F,1834
17435,96,T,1835
17436,13,F,1836
17437,98,F,1837
17438,73,F,1838
17439,98,F,1839
17440,5,F,1840
17441,71,F,1841
17442,99,T,1842
17443,100,T,1843
17444,86,F,1844
17445,59,F,1845
17446,53,T,1846
17447,75,T,1847
17448,4,F,1848
17449,99,F,1849
17450,97,T,1850
17451,11,F,1851
17452,88,F,1852
17453,20,T,1853
17454,18,T,1854
17455,17,F,1855
17456,70,F,1856
17457,79,F,1857
17458,2,F,1858
17459,80,F,1859
17460,100,T,1860
17461,50,T,1861
17462,74,T,1862
17463,83,T,1863
17464,37,T,1864
17465,47,T,1865
17466,8,T,1866
17467,24,F,1867
17468,27,F,1868
17469,65,F,1869
17470,54,F,1870
17471,14,F,1871
17472,93,T,1872
17473,3,T,1873
17474,64,T,1874
17475,93,T,1875
17476,61,F,1876
17477,76,F,1877
17478,40,F,1878
17479,80,F,1879
17480,95,T,1880
17481,50,F,1881
17482,22,T,1882
17483,57,T,1883
17484,58,T,1884
17485,8,T,1885
17486,63,T,1886
17487,95,T,1887
17488,77,F,1888
17489,28,F,1889
17490,86,T,1890
17491,56,F,1891
17492,71,F,1892
17493,60,F,1893
17494,21,T,1894
17495,67,T,1895
17496,32,T,1896
17497,31,F,1897
17498,74,T,1898
17499,97,T,1899
17500,38,T,1900
17501,43,T,1901
17502,29,F,1902
17503,73,F,1903
17504,21,F,1904
17505,16,F,1905
17506,98,F,1906
17507,75,T,1907
17508,98,T,1908
17509,80,F,1909
17510,93,T,1910
17511,25,T,1911
17512,67,T,1912
17513,40,T,1913
17514,88,T,1914
17515,59,T,1915
17516,71,T,1916
17517,95,F,1917
17518,81,T,1918
17519,31,T,1919
17520,54,F,1920
17521,68,F,1921
17522,56,F,1922
17523,31,T,1923
17524,71,F,1924
17525,90,F,1925
17526,45,T,1926
17527,33,T,1927
17528,34,T,1928
17529,6,F,1929
17530,87,F,1930
17531,61,T,1931
17532,68,F,1932
17533,59,F,1933
17534,83,T,1934
17535,51,T,1935
17536,76,T,1936
17537,11,T,1937
17538,45,T,1938
17539,33,F,1939
17540,4,F,1940
17541,98,F,1941
17542,85,F,1942
17543,64,F,1943
17544,20,F,1944
17545,41,F,1945
17546,99,T,1946
17547,21,F,1947
17548,88,T,1948
17549,49,F,1949
17550,60,T,1950
17551,16,T,1951
17552,4,T,1952
17553,20,T,1953
17554,90,F,1954
17555,13,F,1955
17556,58,T,1956
17557,92,T,1957
17558,41,T,1958
17559,84,F,1959
17560,82,F,1960
17561,74,T,1961
17562,13,T,1962
17563,30,T,1963
17564,36,F,1964
17565,54,F,1965
17566,78,F,1966
17567,83,T,1967
17568,1,T,1968
17569,70,F,1969
17570,24,F,1970
17571,99,F,1971
17572,33,F,1972
17573,38,F,1973
17574,22,F,1974
17575,28,T,1975
17576,69,F,1976
17577,10,F,1977
17578,49,T,1978
17579,15,T,1979
17580,98,T,1980
17581,97,F,1981
17582,19,F,1982
17583,14,T,1983
17584,21,T,1984
17585,55,T,1985
17586,65,F,1986
17587,82,F,1987
17588,47,T,1988
17589,55,T,1989
17590,75,F,1990
17591,89,F,1991
17592,88,T,1992
17593,58,T,1993
17594,72,T,1994
17595,98,F,1995
17596,100,T,1996
17597,37,F,1997
17598,22,T,1998
17599,87,T,1999
17600,77,F,2000
17601,34,F,2001
17602,85,T,2002
17603,69,F,2003
17604,23,T,2004
17605,37,F,2005
17606,89,F,2006
17607,74,F,2007
17608,61,F,2008
17609,32,T,2009
17610,29,F,2010
17611,12,F,2011
17612,35,F,2012
17613,59,T,2013
17614,16,T,2014
17615,56,F,2015
17616,41,T,2016
17617,83,T,2017
17618,21,F,2018
17619,7,F,2019
17620,55,T,2020
17621,58,F,2021
17622,84,T,2022
17623,97,F,2023
17624,67,T,2024
17625,68,T,2025
17626,31,F,2026
17627,6,F,2027
17628,13,F,2028
17629,46,T,2029
17630,88,F,2030
17631,19,F,2031
17632,83,T,2032
17633,44,T,2033
17634,93,F,2034
17635,34,T,2035
17636,87,F,2036
17637,6,T,2037
17638,35,F,2038
17639,49,F,2039
17640,39,T,2040
17641,8,T,2041
17642,35,T,2042
17643,58,T,2043
17644,18,F,2044
17645,49,F,2045
17646,52,F,2046
17647,11,F,2047
17648,10,F,2048
17649,41,T,2049
17650,46,T,2050
17651,22,F,2051
17652,7,F,2052
17653,92,T,2053
17654,7,T,2054
17655,35,F,2055
17656,28,T,2056
17657,69,F,2057
17658,42,F,2058
17659,27,T,2059
17660,26,T,2060
17661,5,T,2061
17662,12,F,2062
17663,50,T,2063
17664,36,T,2064
17665,4,T,2065
17666,16,F,2066
17667,36,T,2067
17668,11,F,2068
17669,84,T,2069
17670,61,F,2070
17671,28,T,2071
17672,44,T,2072
17673,27,F,2073
17674,84,T,2074
17675,67,T,2075
17676,42,F,2076
17677,5,T,2077
17678,73,T,2078
17679,48,T,2079
17680,20,F,2080
17681,5,T,2081
17682,62,F,2082
17683,71,F,2083
17684,71,F,2084
17685,34,F,2085
17686,31,T,2086
17687,64,F,2087
17688,88,T,2088
17689,64,F,2089
17690,67,T,2090
17691,85,T,2091
17692,76,T,2092
17693,41,F,2093
17694,52,F,2094
17695,39,T,2095
17696,20,F,2096
17697,13,F,2097
17698,54,T,2098
17699,9,T,2099
17700,98,T,2100
17701,61,T,2101
17702,41,F,2102
17703,23,T,2103
17704,79,T,2104
17705,82,T,2105
17706,65,T,2106
17707,56,T,2107
17708,99,F,2108
17709,71,F,2109
17710,50,F,2110
17711,82,T,2111
17712,39,T,2112
17713,85,T,2113
17714,95,T,2114
17715,62,T,2115
17716,15,T,2116
17717,47,T,2117
17718,70,T,2118
17719,63,F,2119
17720,7,T,2120
17721,28,F,2121
17722,29,F,2122
17723,61,F,2123
17724,14,F,2124
17725,37,F,2125
17726,23,F,2126
17727,61,F,2127
17728,54,T,2128
17729,99,F,2129
17730,92,T,2130
17731,96,T,2131
17732,77,T,2132
17733,82,F,2133
17734,100,F,2134
17735,3,F,2135
17736,16,T,2136
17737,80,T,2137
17738,13,F,2138
17739,27,T,2139
17740,59,F,2140
17741,18,F,2141
17742,7,F,2142
17743,54,T,2143
17744,28,F,2144
17745,7,F,2145
17746,53,F,2146
17747,8,T,2147
17748,3,T,2148
17749,39,F,2149
17750,20,F,2150
17751,83,T,2151
17752,52,T,2152
17753,70,F,2153
17754,9,F,2154
17755,18,T,2155
17756,84,F,2156
17757,89,F,2157
17758,58,F,2158
17759,30,T,2159
17760,13,T,2160
17761,6,F,2161
17762,63,F,2162
17763,13,F,2163
17764,97,T,2164
17765,74,F,2165
17766,11,T,2166
17767,96,F,2167
17768,77,T,2168
17769,57,T,2169
17770,63,F,2170
17771,6,T,2171
17772,4,F,2172
17773,13,F,2173
17774,5,F,2174
17775,3,F,2175
17776,16,F,2176
17777,71,T,2177
17778,8,T,2178
17779,10,F,2179
17780,18,T,2180
17781,5,T,2181
17782,26,T,2182
17783,71,T,2183
17784,32,F,2184
17785,68,F,2185
17786,69,F,2186
17787,68,F,2187
17788,83,F,2188
17789,88,T,2189
17790,59,F,2190
17791,30,F,2191
17792,62,T,2192
17793,94,F,2193
17794,3,T,2194
17795,43,F,2195
17796,7,T,2196
17797,82,T,2197
17798,24,F,2198
17799,15,F,2199
17800,24,F,2200
17801,48,F,2201
17802,93,T,2202
17803,21,T,2203
17804,91,F,2204
17805,1,T,2205
17806,31,F,2206
17807,67,T,2207
17808,30,F,2208
17809,41,T,2209
17810,74,F,2210
17811,8,F,2211
17812,49,T,2212
17813,75,F,2213
17814,81,T,2214
17815,56,F,2215
17816,20,F,2216
17817,88,T,2217
17818,42,F,2218
17819,6,T,2219
17820,74,T,2220
17821,87,T,2221
17822,22,T,2222
17823,77,F,2223
17824,31,F,2224
17825,79,T,2225
17826,99,F,2226
17827,6,F,2227
17828,30,T,2228
17829,66,T,2229
17830,43,F,2230
17831,45,T,2231
17832,26,F,2232
17833,12,F,2233
17834,58,F,2234
17835,72,T,2235
17836,88,T,2236
17837,44,T,2237
17838,74,T,2238
17839,84,F,2239
17840,7,T,2240
17841,41,T,2241
17842,47,T,2242
17843,66,F,2243
17844,76,F,2244
17845,12,F,2245
17846,50,F,2246
17847,71,F,2247
17848,83,F,2248
17849,36,F,2249
17850,39,F,2250
17851,47,T,2251
17852,15,T,2252
17853,59,F,2253
17854,91,T,2254
17855,22,T,2255
17856,27,F,2256
17857,65,T,2257
17858,54,F,2258
17859,36,F,2259
17860,12,F,2260
17861,95,F,2261
17862,1,T,2262
17863,31,F,2263
17864,53,F,2264
17865,4,F,2265
17866,18,F,2266
17867,94,T,2267
17868,42,F,2268
17869,16,T,2269
17870,49,T,2270
17871,99,T,2271
17872,19,T,2272
17873,32,F,2273
17874,59,F,2274
17875,23,F,2275
17876,21,F,2276
17877,38,F,2277
17878,75,F,2278
17879,15,F,2279
17880,88,T,2280
17881,84,F,2281
17882,38,F,2282
17883,85,F,2283
17884,4,F,2284
17885,15,T,2285
17886,42,F,2286
17887,98,T,2287
17888,30,T,2288
17889,57,T,2289
17890,83,T,2290
17891,14,F,2291
17892,28,T,2292
17893,91,T,2293
17894,54,T,2294
17895,49,T,2295
17896,94,F,2296
17897,89,F,2297
17898,12,F,2298
17899,88,T,2299
17900,79,T,2300
17901,66,F,2301
17902,29,F,2302
17903,88,T,2303
17904,48,T,2304
17905,3,T,2305
17906,71,F,2306
17907,52,T,2307
17908,38,F,2308
17909,56,T,2309
17910,92,T,2310
17911,76,T,2311
17912,3,F,2312
17913,87,F,2313
17914,47,F,2314
17915,94,T,2315
17916,20,F,2316
17917,9,T,2317
17918,99,F,2318
17919,11,F,2319
17920,75,F,2320
17921,1,F,2321
17922,92,F,2322
17923,75,T,2323
17924,66,T,2324
17925,62,F,2325
17926,54,F,2326
17927,14,F,2327
17928,94,F,2328
17929,52,T,2329
17930,20,T,2330
17931,41,T,2331
17932,13,T,2332
17933,23,F,2333
17934,92,T,2334
17935,33,T,2335
17936,71,T,2336
17937,45,T,2337
17938,32,F,2338
17939,19,T,2339
17940,90,F,2340
17941,64,T,2341
17942,8,T,2342
17943,72,F,2343
17944,80,T,2344
17945,42,F,2345
17946,17,F,2346
17947,69,T,2347
17948,72,F,2348
17949,50,T,2349
17950,43,F,2350
17951,9,F,2351
17952,97,T,2352
17953,22,F,2353
17954,8,F,2354
17955,32,T,2355
17956,89,T,2356
17957,81,F,2357
17958,5,F,2358
17959,62,T,2359
17960,55,F,2360
17961,79,F,2361
17962,4,T,2362
17963,89,T,2363
17964,40,F,2364
17965,38,T,2365
17966,56,T,2366
17967,23,T,2367
17968,47,F,2368
17969,68,F,2369
17970,80,F,2370
17971,74,T,2371
17972,10,F,2372
17973,21,F,2373
17974,3,T,2374
17975,18,T,2375
17976,83,F,2376
17977,9,F,2377
17978,14,T,2378
17979,63,F,2379
17980,35,T,2380
17981,16,F,2381
17982,88,T,2382
17983,43,F,2383
17984,80,F,2384
17985,5,F,2385
17986,99,T,2386
17987,10,T,2387
17988,89,F,2388
17989,46,T,2389
17990,14,T,2390
17991,35,T,2391
17992,14,F,2392
17993,24,F,2393
17994,69,F,2394
17995,99,F,2395
17996,90,F,2396
17997,4,T,2397
17998,92,T,2398
17999,30,F,2399
18000,29,T,2400
18001,23,T,2401
18002,39,T,2402
18003,72,T,2403
18004,66,T,2404
18005,3,T,2405
18006,21,T,2406
18007,27,T,2407
18008,33,T,2408
18009,62,F,2409
18010,76,F,2410
18011,86,T,2411
18012,43,F,2412
18013,73,F,2413
18014,39,F,2414
18015,28,T,2415
18016,41,T,2416
18017,8,F,2417
18018,79,F,2418
18019,47,F,2419
18020,30,F,2420
18021,41,T,2421
18022,15,F,2422
18023,88,T,2423
18024,72,F,2424
18025,25,F,2425
18026,60,F,2426
18027,4,T,2427
18028,55,T,2428
18029,13,T,2429
18030,27,F,2430
18031,4,F,2431
18032,23,F,2432
18033,96,F,2433
18034,60,T,2434
18035,97,F,2435
18036,1,T,2436
18037,58,F,2437
18038,24,F,2438
18039,20,T,2439
18040,33,T,2440
18041,5,T,2441
18042,18,T,2442
18043,49,F,2443
18044,49,F,2444
18045,81,F,2445
18046,20,T,2446
18047,80,T,2447
18048,87,F,2448
18049,15,T,2449
18050,81,T,2450
18051,84,F,2451
18052,99,T,2452
18053,36,T,2453
18054,29,T,2454
18055,85,F,2455
18056,8,T,2456
18057,49,T,2457
18058,84,F,2458
18059,36,T,2459
18060,30,T,2460
18061,30,T,2461
18062,85,T,2462
18063,24,F,2463
18064,24,T,2464
18065,86,T,2465
18066,32,F,2466
18067,16,T,2467
18068,4,T,2468
18069,76,F,2469
18070,71,F,2470
18071,39,F,2471
18072,29,F,2472
18073,35,F,2473
18074,88,T,2474
18075,2,F,2475
18076,65,T,2476
18077,42,F,2477
18078,31,F,2478
18079,89,F,2479
18080,25,F,2480
18081,21,T,2481
18082,64,F,2482
18083,7,T,2483
18084,7,F,2484
18085,15,T,2485
18086,66,T,2486
18087,66,T,2487
18088,94,F,2488
18089,32,T,2489
18090,19,T,2490
18091,34,F,2491
18092,77,F,2492
18093,1,F,2493
18094,34,F,2494
18095,17,F,2495
18096,24,T,2496
18097,54,F,2497
18098,60,T,2498
18099,15,F,2499
18100,57,T,2500
18101,27,T,2501
18102,65,F,2502
18103,65,F,2503
18104,32,F,2504
18105,66,F,2505
18106,52,F,2506
18107,50,F,2507
18108,20,T,2508
18109,90,F,2509
18110,17,F,2510
18111,74,T,2511
18112,57,T,2512
18113,74,F,2513
18114,30,F,2514
18115,27,T,2515
18116,4,F,2516
18117,38,F,2517
18118,39,F,2518
18119,74,F,2519
18120,52,T,2520
18121,29,F,2521
18122,49,T,2522
18123,75,F,2523
18124,24,F,2524
18125,4,F,2525
18126,34,T,2526
18127,73,F,2527
18128,90,F,2528
18129,50,T,2529
18130,73,T,2530
18131,66,T,2531
18132,29,F,2532
18133,55,T,2533
18134,49,T,2534
18135,3,T,2535
18136,58,T,2536
18137,56,F,2537
18138,30,T,2538
18139,53,T,2539
18140,75,F,2540
18141,95,F,2541
18142,80,T,2542
18143,13,T,2543
18144,49,F,2544
18145,39,T,2545
18146,45,F,2546
18147,35,F,2547
18148,9,T,2548
18149,53,T,2549
18150,44,F,2550
18151,80,T,2551
18152,62,F,2552
18153,20,F,2553
18154,98,T,2554
18155,7,F,2555
18156,13,T,2556
18157,98,F,2557
18158,28,F,2558
18159,65,F,2559
18160,26,T,2560
18161,35,T,2561
18162,7,F,2562
18163,40,T,2563
18164,12,T,2564
18165,16,F,2565
18166,61,F,2566
18167,4,F,2567
18168,64,F,2568
18169,70,T,2569
18170,98,F,2570
18171,33,F,2571
18172,61,F,2572
18173,72,F,2573
18174,77,T,2574
18175,3,T,2575
18176,93,F,2576
18177,85,T,2577
18178,12,T,2578
18179,16,T,2579
18180,23,F,2580
18181,98,T,2581
18182,82,T,2582
18183,98,F,2583
18184,62,T,2584
18185,5,F,2585
18186,49,F,2586
18187,84,F,2587
18188,99,F,2588
18189,94,T,2589
18190,88,F,2590
18191,15,F,2591
18192,88,F,2592
18193,69,F,2593
18194,58,T,2594
18195,5,T,2595
18196,82,F,2596
18197,65,T,2597
18198,93,T,2598
18199,5,T,2599
18200,13,F,2600
18201,15,F,2601
18202,47,F,2602
18203,33,T,2603
18204,43,F,2604
18205,84,F,2605
18206,70,F,2606
18207,39,F,2607
18208,15,F,2608
18209,43,F,2609
18210,22,F,2610
18211,65,F,2611
18212,59,T,2612
18213,64,T,2613
18214,18,T,2614
18215,76,F,2615
18216,58,T,2616
18217,84,F,2617
18218,96,F,2618
18219,84,T,2619
18220,34,F,2620
18221,72,F,2621
18222,6,F,2622
18223,6,T,2623
18224,100,F,2624
18225,90,T,2625
18226,50,T,2626
18227,71,F,2627
18228,99,F,2628
18229,85,T,2629
18230,80,F,2630
18231,66,T,2631
18232,95,F,2632
18233,99,T,2633
18234,92,F,2634
18235,27,T,2635
18236,1,F,2636
18237,55,F,2637
18238,64,F,2638
18239,22,T,2639
18240,91,F,2640
18241,60,F,2641
18242,8,F,2642
18243,12,F,2643
18244,69,F,2644
18245,96,F,2645
18246,61,T,2646
18247,60,T,2647
18248,92,T,2648
18249,43,T,2649
18250,70,T,2650
18251,41,F,2651
18252,53,T,2652
18253,69,F,2653
18254,20,T,2654
18255,36,T,2655
18256,81,T,2656
18257,31,F,2657
18258,55,F,2658
18259,94,T,2659
18260,23,F,2660
18261,34,F,2661
18262,80,T,2662
18263,28,T,2663
18264,56,F,2664
18265,31,F,2665
18266,96,T,2666
18267,34,T,2667
18268,21,T,2668
18269,81,T,2669
18270,60,T,2670
18271,59,T,2671
18272,48,F,2672
18273,100,T,2673
18274,68,F,2674
18275,90,F,2675
18276,40,T,2676
18277,33,T,2677
18278,50,T,2678
18279,27,T,2679
18280,22,T,2680
18281,10,F,2681
18282,78,T,2682
18283,42,T,2683
18284,99,T,2684
18285,99,T,2685
18286,88,T,2686
18287,85,T,2687
18288,24,F,2688
18289,6,T,2689
18290,94,T,2690
18291,79,T,2691
18292,14,F,2692
18293,85,F,2693
18294,9,F,2694
18295,24,F,2695
18296,73,F,2696
18297,35,T,2697
18298,18,F,2698
18299,33,T,2699
18300,70,F,2700
18301,31,T,2701
18302,85,F,2702
18303,43,T,2703
18304,52,T,2704
18305,9,F,2705
18306,76,T,2706
18307,31,T,2707
18308,93,F,2708
18309,64,T,2709
18310,38,F,2710
18311,92,F,2711
18312,91,T,2712
18313,30,T,2713
18314,67,T,2714
18315,45,T,2715
18316,3,T,2716
18317,52,F,2717
18318,78,F,2718
18319,32,F,2719
18320,5,F,2720
18321,6,F,2721
18322,65,F,2722
18323,65,F,2723
18324,93,T,2724
18325,17,F,2725
18326,85,T,2726
18327,61,F,2727
18328,53,F,2728
18329,65,F,2729
18330,67,F,2730
18331,47,F,2731
18332,81,T,2732
18333,92,F,2733
18334,2,F,2734
18335,93,T,2735
18336,36,T,2736
18337,67,F,2737
18338,85,F,2738
18339,97,T,2739
18340,27,F,2740
18341,42,F,2741
18342,6,F,2742
18343,41,T,2743
18344,41,T,2744
18345,4,F,2745
18346,84,F,2746
18347,54,F,2747
18348,22,T,2748
18349,30,F,2749
18350,1,F,2750
18351,94,T,2751
18352,66,T,2752
18353,14,F,2753
18354,70,T,2754
18355,39,F,2755
18356,66,T,2756
18357,68,F,2757
18358,57,T,2758
18359,63,T,2759
18360,85,F,2760
18361,54,T,2761
18362,98,F,2762
18363,74,F,2763
18364,57,F,2764
18365,61,T,2765
18366,54,T,2766
18367,40,T,2767
18368,68,F,2768
18369,50,F,2769
18370,96,T,2770
18371,36,T,2771
18372,52,F,2772
18373,60,T,2773
18374,35,T,2774
18375,38,T,2775
18376,38,F,2776
18377,85,T,2777
18378,40,F,2778
18379,80,F,2779
18380,6,F,2780
18381,5,F,2781
18382,11,F,2782
18383,13,T,2783
18384,63,T,2784
18385,99,F,2785
18386,98,T,2786
18387,18,F,2787
18388,39,T,2788
18389,28,F,2789
18390,68,T,2790
18391,31,F,2791
18392,45,T,2792
18393,32,T,2793
18394,96,T,2794
18395,87,F,2795
18396,64,F,2796
18397,71,F,2797
18398,64,T,2798
18399,47,T,2799
18400,48,T,2800
18401,78,T,2801
18402,60,T,2802
18403,85,T,2803
18404,30,F,2804
18405,56,T,2805
18406,70,F,2806
18407,69,F,2807
18408,29,F,2808
18409,56,F,2809
18410,84,T,2810
18411,81,T,2811
18412,22,F,2812
18413,87,F,2813
18414,15,T,2814
18415,78,F,2815
18416,25,T,2816
18417,2,T,2817
18418,42,T,2818
18419,24,F,2819
18420,65,T,2820
18421,97,T,2821
18422,4,F,2822
18423,96,F,2823
18424,15,T,2824
18425,23,T,2825
18426,18,F,2826
18427,55,F,2827
18428,54,T,2828
18429,6,F,2829
18430,70,F,2830
18431,84,T,2831
18432,100,T,2832
18433,32,F,2833
18434,32,T,2834
18435,59,T,2835
18436,42,T,2836
18437,2,F,2837
18438,84,F,2838
18439,98,F,2839
18440,71,T,2840
18441,17,T,2841
18442,11,F,2842
18443,42,F,2843
18444,92,F,2844
18445,74,F,2845
18446,75,F,2846
18447,56,F,2847
18448,37,F,2848
18449,87,T,2849
18450,85,F,2850
18451,97,F,2851
18452,69,F,2852
18453,51,F,2853
18454,40,F,2854
18455,7,T,2855
18456,42,F,2856
18457,56,T,2857
18458,93,F,2858
18459,54,T,2859
18460,82,F,2860
18461,92,T,2861
18462,77,F,2862
18463,46,F,2863
18464,98,F,2864
18465,66,T,2865
18466,76,F,2866
18467,33,F,2867
18468,58,T,2868
18469,36,T,2869
18470,57,T,2870
18471,14,T,2871
18472,91,F,2872
18473,9,F,2873
18474,96,F,2874
18475,31,F,2875
18476,91,T,2876
18477,79,T,2877
18478,61,F,2878
18479,79,T,2879
18480,4,F,2880
18481,51,F,2881
18482,15,T,2882
18483,15,T,2883
18484,55,F,2884
18485,75,F,2885
18486,41,T,2886
18487,64,F,2887
18488,37,T,2888
18489,58,F,2889
18490,66,T,2890
18491,46,F,2891
18492,36,T,2892
18493,40,F,2893
18494,15,F,2894
18495,9,F,2895
18496,19,F,2896
18497,99,T,2897
18498,42,T,2898
18499,74,F,2899
18500,60,T,2900
18501,62,T,2901
18502,42,F,2902
18503,50,F,2903
18504,44,F,2904
18505,83,F,2905
18506,83,F,2906
18507,86,F,2907
18508,25,F,2908
18509,36,T,2909
18510,71,F,2910
18511,39,T,2911
18512,60,F,2912
18513,21,T,2913
18514,53,F,2914
18515,61,F,2915
18516,17,F,2916
18517,19,T,2917
18518,2,F,2918
18519,90,T,2919
18520,84,F,2920
18521,89,F,2921
18522,61,T,2922
18523,78,F,2923
18524,20,F,2924
18525,45,T,2925
18526,13,T,2926
18527,53,F,2927
18528,57,F,2928
18529,90,T,2929
18530,60,F,2930
18531,65,T,2931
18532,88,F,2932
18533,97,F,2933
18534,31,F,2934
18535,89,F,2935
18536,82,F,2936
18537,83,F,2937
18538,99,F,2938
18539,36,T,2939
18540,6,T,2940
18541,97,F,2941
18542,21,F,2942
18543,19,T,2943
18544,48,T,2944
18545,86,T,2945
18546,62,T,2946
18547,74,F,2947
18548,36,T,2948
18549,24,T,2949
18550,43,F,2950
18551,49,T,2951
18552,23,F,2952
18553,62,F,2953
18554,64,F,2954
18555,46,F,2955
18556,87,T,2956
18557,92,F,2957
18558,15,T,2958
18559,71,T,2959
18560,5,T,2960
18561,42,T,2961
18562,29,F,2962
18563,21,T,2963
18564,8,F,2964
18565,37,F,2965
18566,92,F,2966
18567,57,F,2967
18568,67,F,2968
18569,92,F,2969
18570,37,T,2970
18571,6,T,2971
18572,36,F,2972
18573,100,T,2973
18574,19,T,2974
18575,18,T,2975
18576,70,F,2976
18577,16,F,2977
18578,30,T,2978
18579,91,T,2979
18580,77,F,2980
18581,30,T,2981
18582,8,F,2982
18583,9,F,2983
18584,49,F,2984
18585,87,F,2985
18586,73,F,2986
18587,13,F,2987
18588,53,T,2988
18589,30,F,2989
18590,61,F,2990
18591,56,T,2991
18592,37,F,2992
18593,88,F,2993
18594,32,F,2994
18595,3,F,2995
18596,11,F,2996
18597,79,T,2997
18598,3,F,2998
18599,7,F,2999
18600,23,T,3000
18601,31,T,3001
18602,34,T,3002
18603,27,T,3003
18604,52,F,3004
18605,19,T,3005
18606,3,F,3006
18607,55,T,3007
18608,72,T,3008
18609,82,T,3009
18610,51,T,3010
18611,19,F,3011
18612,67,F,3012
18613,54,F,3013
18614,3,T,3014
18615,100,T,3015
18616,8,T,3016
18617,46,T,3017
18618,49,F,3018
18619,62,T,3019
18620,82,T,3020
18621,94,T,3021
18622,40,F,3022
18623,93,F,3023
18624,33,T,3024
18625,90,T,3025
18626,97,T,3026
18627,43,F,3027
18628,24,T,3028
18629,29,T,3029
18630,85,T,3030
18631,44,F,3031
18632,34,F,3032
18633,96,T,3033
18634,9,T,3034
18635,81,T,3035
18636,11,F,3036
18637,12,F,3037
18638,41,T,3038
18639,6,F,3039
18640,10,F,3040
18641,92,F,3041
18642,54,T,3042
18643,42,T,3043
18644,13,F,3044
18645,85,F,3045
18646,78,F,3046
18647,17,T,3047
18648,46,T,3048
18649,78,F,3049
18650,99,F,3050
18651,88,F,3051
18652,79,T,3052
18653,7,F,3053
18654,15,F,3054
18655,63,F,3055
18656,30,F,3056
18657,77,T,3057
18658,65,F,3058
18659,23,F,3059
18660,100,F,3060
18661,73,F,3061
18662,99,T,3062
18663,93,F,3063
18664,60,F,3064
18665,79,F,3065
18666,68,F,3066
18667,39,F,3067
18668,34,T,3068
18669,99,F,3069
18670,94,F,3070
18671,61,F,3071
18672,32,F,3072
18673,3,T,3073
18674,13,T,3074
18675,1,T,3075
18676,25,T,3076
18677,35,F,3077
18678,45,F,3078
18679,69,F,3079
18680,96,F,3080
18681,72,F,3081
18682,56,T,3082
18683,3,T,3083
18684,75,T,3084
18685,6,F,3085
18686,86,F,3086
18687,49,T,3087
18688,52,F,3088
18689,75,F,3089
18690,32,T,3090
18691,41,T,3091
18692,18,T,3092
18693,32,T,3093
18694,14,F,3094
18695,18,T,3095
18696,46,F,3096
18697,77,F,3097
18698,32,F,3098
18699,66,T,3099
18700,9,F,3100
18701,35,F,3101
18702,89,T,3102
18703,40,F,3103
18704,33,T,3104
18705,73,F,3105
18706,18,F,3106
18707,20,F,3107
18708,91,T,3108
18709,56,T,3109
18710,57,F,3110
18711,84,T,3111
18712,98,T,3112
18713,12,F,3113
18714,60,T,3114
18715,90,F,3115
18716,72,F,3116
18717,51,T,3117
18718,80,F,3118
18719,32,T,3119
18720,71,T,3120
18721,99,F,3121
18722,3,T,3122
18723,77,F,3123
18724,80,T,3124
18725,36,F,3125
18726,7,F,3126
18727,22,T,3127
18728,43,T,3128
18729,72,T,3129
18730,76,F,3130
18731,21,F,3131
18732,75,F,3132
18733,77,F,3133
18734,68,F,3134
18735,56,F,3135
18736,75,T,3136
18737,86,F,3137
18738,67,F,3138
18739,94,T,3139
18740,64,F,3140
18741,79,T,3141
18742,77,F,3142
18743,97,T,3143
18744,16,F,3144
18745,1,T,3145
18746,30,T,3146
18747,28,T,3147
18748,15,F,3148
18749,90,T,3149
18750,64,T,3150
18751,50,F,3151
18752,25,T,3152
18753,19,T,3153
18754,3,F,3154
18755,50,F,3155
18756,16,F,3156
18757,58,F,3157
18758,8,F,3158
18759,65,T,3159
18760,58,T,3160
18761,56,T,3161
18762,8,F,3162
18763,46,F,3163
18764,63,T,3164
18765,53,F,3165
18766,93,F,3166
18767,20,F,3167
18768,12,F,3168
18769,93,F,3169
18770,37,T,3170
18771,45,T,3171
18772,43,T,3172
18773,72,F,3173
18774,100,F,3174
18775,18,F,3175
18776,18,F,3176
18777,64,T,3177
18778,61,F,3178
18779,97,F,3179
18780,97,T,3180
18781,31,F,3181
18782,56,T,3182
18783,14,T,3183
18784,60,T,3184
18785,80,F,3185
18786,91,T,3186
18787,82,F,3187
18788,39,F,3188
18789,42,T,3189
18790,91,T,3190
18791,25,T,3191
18792,19,F,3192
18793,73,F,3193
18794,76,F,3194
18795,88,F,3195
18796,65,T,3196
18797,48,F,3197
18798,62,T,3198
18799,65,F,3199
18800,39,F,3200
18801,25,F,3201
18802,32,T,3202
18803,64,T,3203
18804,84,F,3204
18805,16,T,3205
18806,4,F,3206
18807,46,F,3207
18808,17,T,3208
18809,90,T,3209
18810,33,T,3210
18811,12,F,3211
18812,16,F,3212
18813,79,F,3213
18814,4,F,3214
18815,50,F,3215
18816,81,T,3216
18817,78,F,3217
18818,12,F,3218
18819,98,T,3219
18820,64,F,3220
18821,19,F,3221
18822,99,F,3222
18823,1,T,3223
18824,57,T,3224
18825,90,T,3225
18826,39,F,3226
18827,30,F,3227
18828,84,F,3228
18829,30,T,3229
18830,18,T,3230
18831,78,F,3231
18832,92,T,3232
18833,58,F,3233
18834,53,T,3234
18835,25,T,3235
18836,87,F,3236
18837,60,F,3237
18838,19,T,3238
18839,84,T,3239
18840,51,F,3240
18841,85,T,3241
18842,1,F,3242
18843,26,F,3243
18844,83,F,3244
18845,11,T,3245
18846,10,F,3246
18847,32,T,3247
18848,26,F,3248
18849,78,T,3249
18850,57,T,3250
18851,100,F,3251
18852,26,F,3252
18853,11,T,3253
18854,11,F,3254
18855,29,F,3255
18856,29,F,3256
18857,11,F,3257
18858,5,T,3258
18859,43,F,3259
18860,42,T,3260
18861,39,T,3261
18862,65,F,3262
18863,33,T,3263
18864,62,F,3264
18865,66,F,3265
18866,71,F,3266
18867,5,F,3267
18868,27,T,3268
18869,63,T,3269
18870,91,T,3270
18871,8,F,3271
18872,70,F,3272
18873,12,T,3273
18874,68,F,3274
18875,28,T,3275
18876,9,T,3276
18877,19,F,3277
18878,14,F,3278
18879,21,F,3279
18880,26,F,3280
18881,70,T,3281
18882,57,T,3282
18883,91,F,3283
18884,31,T,3284
18885,48,T,3285
18886,45,T,3286
18887,83,F,3287
18888,81,F,3288
18889,56,F,3289
18890,49,F,3290
18891,65,F,3291
18892,42,T,3292
18893,33,F,3293
18894,38,F,3294
18895,23,T,3295
18896,98,T,3296
18897,1,F,3297
18898,59,T,3298
18899,19,T,3299
18900,88,T,3300
18901,84,F,3301
18902,31,F,3302
18903,98,T,3303
18904,45,T,3304
18905,95,F,3305
18906,33,T,3306
18907,5,T,3307
18908,95,T,3308
18909,45,T,3309
18910,47,T,3310
18911,37,T,3311
18912,23,F,3312
18913,93,T,3313
18914,2,T,3314
18915,49,T,3315
18916,94,T,3316
18917,60,F,3317
18918,55,T,3318
18919,64,F,3319
18920,27,F,3320
18921,2,F,3321
18922,14,T,3322
18923,10,T,3323
18924,32,T,3324
18925,23,T,3325
18926,2,T,3326
18927,39,F,3327
18928,14,T,3328
18929,56,F,3329
18930,71,F,3330
18931,56,T,3331
18932,47,F,3332
18933,40,F,3333
18934,47,F,3334
18935,48,F,3335
18936,100,T,3336
18937,36,T,3337
18938,6,F,3338
18939,53,T,3339
18940,93,F,3340
18941,62,F,3341
18942,38,F,3342
18943,66,T,3343
18944,88,F,3344
18945,26,T,3345
18946,83,T,3346
18947,18,T,3347
18948,56,F,3348
18949,44,F,3349
18950,74,F,3350
18951,42,F,3351
18952,16,F,3352
18953,7,T,3353
18954,46,T,3354
18955,44,T,3355
18956,82,F,3356
18957,41,T,3357
18958,37,T,3358
18959,92,F,3359
18960,25,F,3360
18961,10,T,3361
18962,91,T,3362
18963,41,T,3363
18964,100,T,3364
18965,42,F,3365
18966,81,T,3366
18967,2,T,3367
18968,40,F,3368
18969,92,F,3369
18970,21,F,3370
18971,62,F,3371
18972,72,F,3372
18973,76,T,3373
18974,80,F,3374
18975,70,T,3375
18976,2,T,3376
18977,18,F,3377
18978,39,F,3378
18979,99,F,3379
18980,42,F,3380
18981,60,F,3381
18982,97,T,3382
18983,44,T,3383
18984,12,F,3384
18985,79,F,3385
18986,64,F,3386
18987,32,F,3387
18988,69,T,3388
18989,82,F,3389
18990,86,F,3390
18991,78,T,3391
18992,38,T,3392
18993,16,F,3393
18994,96,F,3394
18995,77,T,3395
18996,49,T,3396
18997,98,T,3397
18998,52,F,3398
18999,15,T,3399
19000,53,F,3400
19001,15,F,3401
19002,58,F,3402
19003,12,T,3403
19004,84,T,3404
19005,44,F,3405
19006,58,F,3406
19007,20,T,3407
19008,23,F,3408
19009,35,T,3409
19010,19,T,3410
19011,25,F,3411
19012,98,F,3412
19013,50,F,3413
19014,12,F,3414
19015,64,F,3415
19016,36,F,3416
19017,29,T,3417
19018,87,T,3418
19019,83,F,3419
19020,4,F,3420
19021,40,T,3421
19022,37,F,3422
19023,99,T,3423
19024,54,F,3424
19025,15,T,3425
19026,22,T,3426
19027,76,T,3427
19028,75,F,3428
19029,52,T,3429
19030,38,T,3430
19031,95,F,3431
19032,95,F,3432
19033,23,F,3433
19034,57,F,3434
19035,38,F,3435
19036,73,F,3436
19037,16,T,3437
19038,25,F,3438
19039,41,F,3439
19040,92,T,3440
19041,85,T,3441
19042,55,T,3442
19043,18,T,3443
19044,46,T,3444
19045,6,F,3445
19046,59,T,3446
19047,4,T,3447
19048,90,F,3448
19049,71,F,3449
19050,6,T,3450
19051,30,T,3451
19052,87,F,3452
19053,10,F,3453
19054,29,T,3454
19055,75,F,3455
19056,54,T,3456
19057,97,F,3457
19058,91,F,3458
19059,85,T,3459
19060,44,F,3460
19061,87,F,3461
19062,81,T,3462
19063,52,T,3463
19064,67,F,3464
19065,84,T,3465
19066,90,F,3466
19067,80,F,3467
19068,74,T,3468
19069,3,T,3469
19070,98,T,3470
19071,35,T,3471
19072,43,F,3472
19073,9,T,3473
19074,62,F,3474
19075,25,T,3475
19076,12,T,3476
19077,81,T,3477
19078,44,T,3478
19079,50,F,3479
19080,75,F,3480
19081,74,T,3481
19082,81,T,3482
19083,93,F,3483
19084,10,F,3484
19085,87,F,3485
19086,97,F,3486
19087,73,F,3487
19088,91,T,3488
19089,34,T,3489
19090,16,F,3490
19091,44,T,3491
19092,67,F,3492
19093,16,F,3493
19094,65,T,3494
19095,94,T,3495
19096,13,T,3496
19097,10,F,3497
19098,42,T,3498
19099,30,T,3499
19100,12,F,3500
19101,20,F,3501
19102,72,T,3502
19103,17,F,3503
19104,29,T,3504
19105,39,F,3505
19106,24,F,3506
19107,40,F,3507
19108,83,T,3508
19109,6,T,3509
19110,13,F,3510
19111,66,F,3511
19112,100,T,3512
19113,66,T,3513
19114,59,F,3514
19115,50,T,3515
19116,30,F,3516
19117,62,F,3517
19118,90,T,3518
19119,44,T,3519
19120,13,F,3520
19121,35,F,3521
19122,53,F,3522
19123,2,T,3523
19124,89,T,3524
19125,97,F,3525
19126,19,T,3526
19127,17,F,3527
19128,69,F,3528
19129,51,F,3529
19130,9,F,3530
19131,5,F,3531
19132,74,F,3532
19133,93,T,3533
19134,89,T,3534
19135,91,T,3535
19136,11,T,3536
19137,73,T,3537
19138,99,F,3538
19139,96,F,3539
19140,49,T,3540
19141,41,F,3541
19142,64,F,3542
19143,95,F,3543
19144,2,F,3544
19145,85,F,3545
19146,65,T,3546
19147,59,F,3547
19148,4,F,3548
19149,27,F,3549
19150,35,F,3550
19151,49,T,3551
19152,30,F,3552
19153,41,F,3553
19154,84,F,3554
19155,95,T,3555
19156,5,F,3556
19157,98,F,3557
19158,29,F,3558
19159,37,F,3559
19160,4,T,3560
19161,8,T,3561
19162,89,F,3562
19163,32,F,3563
19164,53,F,3564
19165,98,F,3565
19166,54,F,3566
19167,51,F,3567
19168,61,T,3568
19169,76,F,3569
19170,99,T,3570
19171,2,F,3571
19172,32,F,3572
19173,59,T,3573
19174,63,T,3574
19175,48,T,3575
19176,37,T,3576
19177,55,T,3577
19178,89,F,3578
19179,21,T,3579
19180,70,F,3580
19181,76,T,3581
19182,92,F,3582
19183,21,T,3583
19184,99,F,3584
19185,63,T,3585
19186,76,T,3586
19187,67,F,3587
19188,32,F,3588
19189,27,T,3589
19190,36,T,3590
19191,73,F,3591
19192,16,T,3592
19193,97,T,3593
19194,94,T,3594
19195,61,T,3595
19196,17,F,3596
19197,73,T,3597
19198,42,T,3598
19199,54,T,3599
19200,56,T,3600
