id,id_ips,habilitado,id_examenes
8401,96,T,1
8402,60,F,2
8403,96,F,3
8404,60,F,4
8405,81,F,5
8406,97,F,6
8407,36,T,7
8408,94,T,8
8409,43,T,9
8410,55,T,10
8411,78,F,11
8412,94,F,12
8413,67,F,13
8414,60,T,14
8415,65,F,15
8416,11,F,16
8417,41,T,17
8418,74,T,18
8419,55,T,19
8420,93,F,20
8421,36,T,21
8422,50,T,22
8423,25,T,23
8424,50,T,24
8425,99,T,25
8426,39,F,26
8427,5,F,27
8428,53,F,28
8429,41,T,29
8430,24,F,30
8431,2,T,31
8432,56,F,32
8433,48,F,33
8434,52,T,34
8435,93,F,35
8436,28,T,36
8437,34,T,37
8438,65,F,38
8439,15,T,39
8440,65,F,40
8441,32,F,41
8442,87,F,42
8443,68,T,43
8444,5,T,44
8445,32,F,45
8446,94,F,46
8447,30,T,47
8448,11,T,48
8449,90,F,49
8450,18,T,50
8451,30,T,51
8452,51,T,52
8453,36,F,53
8454,9,F,54
8455,68,F,55
8456,73,F,56
8457,26,F,57
8458,54,T,58
8459,7,T,59
8460,93,F,60
8461,31,F,61
8462,97,F,62
8463,99,T,63
8464,91,T,64
8465,22,F,65
8466,57,T,66
8467,94,F,67
8468,42,F,68
8469,54,F,69
8470,27,T,70
8471,11,T,71
8472,56,T,72
8473,28,F,73
8474,38,F,74
8475,28,T,75
8476,32,T,76
8477,47,F,77
8478,61,T,78
8479,55,T,79
8480,70,F,80
8481,39,F,81
8482,48,T,82
8483,1,F,83
8484,27,T,84
8485,87,F,85
8486,57,T,86
8487,98,F,87
8488,93,F,88
8489,31,T,89
8490,30,F,90
8491,52,F,91
8492,96,F,92
8493,97,F,93
8494,30,T,94
8495,2,F,95
8496,27,F,96
8497,68,F,97
8498,64,T,98
8499,47,T,99
8500,22,T,100
8501,19,T,101
8502,52,T,102
8503,37,T,103
8504,98,F,104
8505,92,F,105
8506,64,T,106
8507,1,F,107
8508,81,T,108
8509,74,F,109
8510,7,F,110
8511,74,F,111
8512,67,F,112
8513,29,T,113
8514,75,T,114
8515,10,F,115
8516,41,F,116
8517,46,T,117
8518,56,F,118
8519,77,T,119
8520,96,T,120
8521,41,T,121
8522,64,F,122
8523,96,F,123
8524,52,T,124
8525,2,T,125
8526,79,F,126
8527,6,F,127
8528,15,T,128
8529,12,T,129
8530,60,T,130
8531,48,T,131
8532,80,T,132
8533,73,T,133
8534,27,T,134
8535,95,F,135
8536,95,T,136
8537,96,F,137
8538,25,F,138
8539,75,F,139
8540,89,T,140
8541,66,T,141
8542,10,T,142
8543,41,F,143
8544,83,F,144
8545,3,T,145
8546,34,F,146
8547,83,T,147
8548,14,T,148
8549,39,F,149
8550,27,F,150
8551,90,F,151
8552,10,F,152
8553,24,T,153
8554,7,F,154
8555,84,T,155
8556,63,T,156
8557,51,F,157
8558,9,T,158
8559,22,F,159
8560,17,F,160
8561,65,T,161
8562,33,T,162
8563,52,F,163
8564,99,F,164
8565,76,T,165
8566,73,T,166
8567,45,F,167
8568,62,F,168
8569,53,F,169
8570,97,T,170
8571,99,T,171
8572,86,F,172
8573,16,F,173
8574,18,T,174
8575,6,F,175
8576,85,F,176
8577,39,F,177
8578,37,T,178
8579,41,T,179
8580,25,F,180
8581,86,T,181
8582,36,T,182
8583,93,F,183
8584,55,F,184
8585,30,F,185
8586,8,T,186
8587,17,T,187
8588,71,F,188
8589,21,T,189
8590,84,T,190
8591,93,T,191
8592,46,T,192
8593,58,F,193
8594,94,T,194
8595,70,F,195
8596,39,T,196
8597,96,T,197
8598,73,T,198
8599,49,T,199
8600,33,F,200
8601,10,T,201
8602,21,T,202
8603,59,F,203
8604,23,F,204
8605,65,T,205
8606,42,T,206
8607,74,T,207
8608,67,F,208
8609,7,F,209
8610,67,F,210
8611,77,T,211
8612,82,F,212
8613,73,T,213
8614,97,T,214
8615,78,F,215
8616,95,T,216
8617,29,F,217
8618,60,F,218
8619,35,F,219
8620,91,T,220
8621,18,T,221
8622,39,F,222
8623,31,F,223
8624,42,F,224
8625,100,F,225
8626,8,F,226
8627,21,F,227
8628,43,T,228
8629,70,T,229
8630,8,T,230
8631,55,T,231
8632,36,T,232
8633,10,F,233
8634,11,F,234
8635,15,T,235
8636,62,F,236
8637,63,F,237
8638,9,T,238
8639,39,T,239
8640,12,F,240
8641,25,F,241
8642,1,T,242
8643,51,T,243
8644,22,T,244
8645,93,T,245
8646,18,F,246
8647,64,T,247
8648,4,F,248
8649,14,T,249
8650,66,T,250
8651,97,F,251
8652,19,T,252
8653,35,T,253
8654,40,T,254
8655,14,F,255
8656,6,T,256
8657,83,F,257
8658,99,T,258
8659,97,T,259
8660,73,T,260
8661,34,F,261
8662,82,T,262
8663,63,T,263
8664,41,T,264
8665,49,F,265
8666,47,F,266
8667,30,F,267
8668,17,F,268
8669,3,F,269
8670,61,T,270
8671,75,T,271
8672,33,F,272
8673,47,F,273
8674,72,F,274
8675,96,F,275
8676,58,T,276
8677,29,T,277
8678,86,F,278
8679,74,F,279
8680,25,F,280
8681,26,T,281
8682,82,T,282
8683,63,F,283
8684,61,F,284
8685,48,T,285
8686,39,F,286
8687,20,F,287
8688,92,T,288
8689,58,F,289
8690,31,T,290
8691,69,T,291
8692,4,F,292
8693,20,F,293
8694,55,T,294
8695,86,F,295
8696,68,F,296
8697,46,F,297
8698,92,T,298
8699,24,T,299
8700,97,T,300
8701,28,F,301
8702,42,F,302
8703,10,F,303
8704,9,T,304
8705,8,T,305
8706,50,T,306
8707,86,F,307
8708,41,F,308
8709,92,T,309
8710,70,T,310
8711,12,T,311
8712,61,T,312
8713,58,T,313
8714,35,F,314
8715,87,F,315
8716,3,F,316
8717,72,F,317
8718,11,F,318
8719,39,F,319
8720,55,F,320
8721,39,T,321
8722,52,F,322
8723,34,T,323
8724,11,T,324
8725,83,T,325
8726,76,F,326
8727,59,F,327
8728,28,F,328
8729,32,F,329
8730,81,F,330
8731,47,F,331
8732,84,T,332
8733,44,F,333
8734,38,F,334
8735,78,F,335
8736,13,T,336
8737,37,T,337
8738,61,F,338
8739,83,T,339
8740,18,T,340
8741,12,F,341
8742,28,T,342
8743,53,T,343
8744,51,T,344
8745,37,F,345
8746,74,F,346
8747,15,T,347
8748,84,F,348
8749,76,T,349
8750,42,T,350
8751,19,F,351
8752,49,T,352
8753,93,F,353
8754,58,T,354
8755,81,F,355
8756,62,T,356
8757,49,F,357
8758,81,F,358
8759,91,F,359
8760,40,T,360
8761,40,F,361
8762,79,F,362
8763,23,T,363
8764,4,F,364
8765,95,T,365
8766,44,F,366
8767,18,T,367
8768,39,F,368
8769,53,T,369
8770,17,F,370
8771,64,T,371
8772,45,F,372
8773,49,T,373
8774,19,F,374
8775,10,T,375
8776,2,F,376
8777,88,T,377
8778,85,T,378
8779,74,T,379
8780,89,T,380
8781,97,T,381
8782,60,F,382
8783,100,T,383
8784,57,T,384
8785,100,F,385
8786,15,F,386
8787,12,T,387
8788,25,F,388
8789,78,T,389
8790,53,T,390
8791,59,T,391
8792,91,T,392
8793,34,F,393
8794,33,T,394
8795,97,T,395
8796,87,F,396
8797,70,T,397
8798,8,T,398
8799,26,F,399
8800,34,F,400
8801,39,F,401
8802,82,F,402
8803,4,F,403
8804,7,T,404
8805,3,F,405
8806,19,F,406
8807,29,F,407
8808,96,T,408
8809,21,F,409
8810,22,F,410
8811,15,T,411
8812,77,T,412
8813,61,T,413
8814,78,F,414
8815,2,T,415
8816,18,T,416
8817,97,T,417
8818,74,F,418
8819,32,F,419
8820,35,T,420
8821,66,T,421
8822,46,F,422
8823,43,T,423
8824,9,T,424
8825,57,T,425
8826,14,T,426
8827,67,F,427
8828,91,T,428
8829,83,T,429
8830,22,T,430
8831,15,T,431
8832,41,T,432
8833,88,T,433
8834,54,F,434
8835,96,T,435
8836,80,T,436
8837,59,T,437
8838,9,F,438
8839,16,T,439
8840,79,T,440
8841,98,F,441
8842,47,T,442
8843,4,T,443
8844,87,F,444
8845,8,T,445
8846,73,T,446
8847,72,F,447
8848,64,T,448
8849,66,T,449
8850,50,F,450
8851,99,F,451
8852,45,T,452
8853,6,T,453
8854,16,T,454
8855,96,T,455
8856,62,T,456
8857,63,F,457
8858,45,F,458
8859,15,F,459
8860,6,T,460
8861,83,T,461
8862,62,F,462
8863,23,F,463
8864,70,F,464
8865,73,T,465
8866,100,T,466
8867,25,T,467
8868,3,F,468
8869,37,T,469
8870,84,T,470
8871,3,F,471
8872,4,F,472
8873,13,T,473
8874,9,T,474
8875,68,T,475
8876,78,T,476
8877,6,T,477
8878,55,T,478
8879,97,F,479
8880,53,F,480
8881,70,T,481
8882,62,F,482
8883,72,T,483
8884,91,T,484
8885,71,F,485
8886,80,T,486
8887,58,T,487
8888,67,T,488
8889,32,F,489
8890,55,T,490
8891,36,F,491
8892,28,T,492
8893,27,F,493
8894,72,F,494
8895,17,F,495
8896,54,F,496
8897,6,F,497
8898,99,T,498
8899,31,F,499
8900,31,T,500
8901,28,T,501
8902,40,F,502
8903,43,T,503
8904,18,F,504
8905,68,F,505
8906,81,T,506
8907,40,F,507
8908,84,F,508
8909,44,T,509
8910,54,F,510
8911,63,T,511
8912,3,F,512
8913,77,F,513
8914,59,T,514
8915,25,T,515
8916,92,F,516
8917,89,F,517
8918,3,T,518
8919,88,T,519
8920,29,T,520
8921,32,F,521
8922,72,F,522
8923,83,F,523
8924,45,T,524
8925,29,T,525
8926,63,F,526
8927,35,T,527
8928,16,F,528
8929,71,T,529
8930,72,F,530
8931,36,T,531
8932,84,F,532
8933,98,F,533
8934,88,F,534
8935,15,T,535
8936,35,F,536
8937,73,F,537
8938,26,T,538
8939,3,F,539
8940,13,F,540
8941,62,T,541
8942,67,F,542
8943,65,T,543
8944,77,F,544
8945,71,F,545
8946,87,F,546
8947,12,F,547
8948,30,T,548
8949,86,F,549
8950,13,F,550
8951,82,F,551
8952,19,F,552
8953,3,F,553
8954,82,T,554
8955,17,T,555
8956,9,T,556
8957,37,T,557
8958,60,T,558
8959,62,T,559
8960,17,F,560
8961,80,F,561
8962,87,T,562
8963,1,F,563
8964,47,F,564
8965,10,T,565
8966,88,F,566
8967,23,T,567
8968,23,T,568
8969,50,T,569
8970,17,T,570
8971,74,T,571
8972,19,F,572
8973,1,F,573
8974,52,F,574
8975,45,T,575
8976,99,F,576
8977,33,F,577
8978,6,F,578
8979,73,T,579
8980,39,F,580
8981,17,T,581
8982,95,F,582
8983,98,T,583
8984,8,F,584
8985,86,F,585
8986,24,F,586
8987,40,F,587
8988,66,F,588
8989,96,F,589
8990,85,F,590
8991,83,F,591
8992,45,T,592
8993,15,F,593
8994,14,F,594
8995,70,T,595
8996,39,T,596
8997,63,T,597
8998,46,F,598
8999,96,T,599
9000,76,T,600
9001,59,T,601
9002,27,F,602
9003,65,F,603
9004,77,F,604
9005,66,T,605
9006,63,F,606
9007,67,F,607
9008,29,T,608
9009,37,T,609
9010,6,T,610
9011,67,F,611
9012,48,F,612
9013,31,F,613
9014,81,T,614
9015,52,T,615
9016,93,F,616
9017,92,F,617
9018,6,T,618
9019,96,T,619
9020,52,T,620
9021,76,F,621
9022,57,F,622
9023,10,T,623
9024,12,F,624
9025,10,T,625
9026,92,T,626
9027,51,T,627
9028,78,F,628
9029,53,T,629
9030,45,F,630
9031,54,F,631
9032,91,T,632
9033,100,F,633
9034,50,F,634
9035,42,T,635
9036,49,F,636
9037,2,T,637
9038,78,F,638
9039,39,T,639
9040,25,T,640
9041,71,T,641
9042,67,T,642
9043,5,T,643
9044,88,T,644
9045,36,F,645
9046,99,F,646
9047,26,T,647
9048,18,T,648
9049,5,F,649
9050,37,F,650
9051,59,F,651
9052,23,F,652
9053,93,T,653
9054,35,F,654
9055,81,T,655
9056,42,T,656
9057,24,T,657
9058,13,T,658
9059,63,F,659
9060,65,F,660
9061,38,F,661
9062,3,F,662
9063,16,F,663
9064,75,F,664
9065,93,F,665
9066,95,F,666
9067,31,T,667
9068,60,F,668
9069,100,T,669
9070,24,T,670
9071,19,T,671
9072,70,F,672
9073,90,T,673
9074,33,T,674
9075,36,T,675
9076,28,T,676
9077,39,F,677
9078,94,T,678
9079,84,T,679
9080,21,F,680
9081,16,T,681
9082,36,F,682
9083,66,T,683
9084,57,F,684
9085,25,F,685
9086,37,F,686
9087,53,F,687
9088,61,F,688
9089,98,F,689
9090,51,F,690
9091,57,T,691
9092,41,F,692
9093,37,T,693
9094,4,F,694
9095,49,T,695
9096,98,T,696
9097,35,T,697
9098,39,T,698
9099,41,T,699
9100,7,F,700
9101,8,F,701
9102,27,T,702
9103,56,T,703
9104,87,F,704
9105,23,T,705
9106,13,T,706
9107,87,F,707
9108,31,F,708
9109,77,F,709
9110,29,T,710
9111,100,T,711
9112,70,F,712
9113,35,F,713
9114,30,F,714
9115,62,T,715
9116,42,T,716
9117,22,F,717
9118,56,T,718
9119,84,T,719
9120,95,F,720
9121,62,F,721
9122,6,F,722
9123,63,F,723
9124,7,F,724
9125,67,F,725
9126,62,F,726
9127,92,T,727
9128,80,F,728
9129,93,F,729
9130,81,T,730
9131,19,F,731
9132,39,F,732
9133,96,T,733
9134,37,F,734
9135,43,T,735
9136,17,F,736
9137,66,F,737
9138,23,T,738
9139,9,F,739
9140,25,T,740
9141,37,T,741
9142,8,T,742
9143,4,F,743
9144,5,F,744
9145,91,T,745
9146,84,F,746
9147,66,T,747
9148,67,T,748
9149,42,T,749
9150,28,T,750
9151,7,T,751
9152,54,F,752
9153,57,T,753
9154,8,F,754
9155,28,F,755
9156,91,T,756
9157,26,F,757
9158,98,T,758
9159,76,F,759
9160,68,T,760
9161,61,F,761
9162,25,T,762
9163,67,T,763
9164,80,F,764
9165,39,T,765
9166,19,F,766
9167,68,F,767
9168,20,T,768
9169,28,T,769
9170,27,T,770
9171,44,F,771
9172,5,F,772
9173,58,F,773
9174,43,T,774
9175,70,T,775
9176,50,T,776
9177,57,T,777
9178,91,F,778
9179,95,T,779
9180,22,F,780
9181,28,T,781
9182,67,F,782
9183,35,F,783
9184,98,F,784
9185,76,T,785
9186,88,T,786
9187,52,T,787
9188,57,T,788
9189,61,F,789
9190,71,F,790
9191,96,T,791
9192,50,T,792
9193,55,T,793
9194,60,F,794
9195,99,T,795
9196,46,F,796
9197,83,F,797
9198,89,F,798
9199,90,T,799
9200,46,T,800
9201,42,F,801
9202,15,F,802
9203,8,T,803
9204,80,F,804
9205,55,T,805
9206,39,F,806
9207,13,F,807
9208,97,F,808
9209,13,F,809
9210,95,F,810
9211,61,F,811
9212,6,F,812
9213,85,F,813
9214,54,F,814
9215,73,F,815
9216,26,T,816
9217,26,F,817
9218,96,T,818
9219,46,F,819
9220,5,T,820
9221,42,F,821
9222,90,F,822
9223,60,T,823
9224,84,F,824
9225,84,F,825
9226,6,T,826
9227,92,T,827
9228,21,T,828
9229,36,T,829
9230,86,T,830
9231,79,F,831
9232,83,F,832
9233,82,T,833
9234,99,F,834
9235,75,T,835
9236,11,T,836
9237,84,F,837
9238,57,F,838
9239,49,F,839
9240,7,F,840
9241,27,T,841
9242,80,T,842
9243,68,F,843
9244,76,T,844
9245,2,F,845
9246,55,T,846
9247,15,T,847
9248,32,T,848
9249,9,T,849
9250,81,T,850
9251,16,T,851
9252,33,F,852
9253,30,T,853
9254,77,F,854
9255,40,F,855
9256,52,F,856
9257,46,F,857
9258,78,F,858
9259,75,F,859
9260,48,F,860
9261,74,F,861
9262,54,T,862
9263,23,F,863
9264,89,F,864
9265,17,T,865
9266,92,F,866
9267,91,T,867
9268,8,T,868
9269,15,T,869
9270,91,F,870
9271,80,F,871
9272,97,T,872
9273,36,F,873
9274,35,T,874
9275,100,T,875
9276,6,T,876
9277,10,T,877
9278,29,T,878
9279,33,T,879
9280,34,F,880
9281,46,T,881
9282,77,T,882
9283,26,T,883
9284,48,F,884
9285,37,F,885
9286,99,T,886
9287,55,F,887
9288,12,F,888
9289,87,F,889
9290,96,T,890
9291,13,T,891
9292,42,F,892
9293,43,F,893
9294,97,T,894
9295,80,T,895
9296,51,T,896
9297,55,T,897
9298,40,T,898
9299,59,T,899
9300,65,T,900
9301,84,T,901
9302,38,F,902
9303,21,F,903
9304,73,F,904
9305,8,T,905
9306,64,T,906
9307,86,T,907
9308,75,T,908
9309,31,F,909
9310,35,T,910
9311,36,F,911
9312,5,F,912
9313,1,F,913
9314,71,T,914
9315,3,T,915
9316,71,T,916
9317,5,F,917
9318,86,F,918
9319,26,T,919
9320,92,T,920
9321,88,T,921
9322,80,F,922
9323,72,T,923
9324,64,F,924
9325,75,T,925
9326,55,T,926
9327,74,T,927
9328,54,T,928
9329,2,T,929
9330,51,T,930
9331,60,T,931
9332,49,T,932
9333,75,F,933
9334,6,T,934
9335,63,T,935
9336,86,F,936
9337,94,F,937
9338,54,F,938
9339,19,T,939
9340,70,F,940
9341,85,T,941
9342,19,F,942
9343,69,T,943
9344,30,F,944
9345,51,T,945
9346,62,T,946
9347,29,F,947
9348,57,T,948
9349,42,F,949
9350,15,T,950
9351,28,F,951
9352,13,T,952
9353,91,T,953
9354,8,F,954
9355,28,F,955
9356,38,T,956
9357,75,F,957
9358,4,F,958
9359,44,T,959
9360,55,F,960
9361,91,T,961
9362,100,F,962
9363,5,T,963
9364,73,T,964
9365,18,F,965
9366,4,T,966
9367,43,F,967
9368,36,T,968
9369,62,F,969
9370,73,F,970
9371,16,F,971
9372,2,F,972
9373,3,F,973
9374,56,F,974
9375,72,F,975
9376,61,T,976
9377,96,F,977
9378,41,T,978
9379,81,F,979
9380,27,T,980
9381,100,T,981
9382,5,F,982
9383,34,F,983
9384,58,F,984
9385,36,T,985
9386,62,F,986
9387,62,T,987
9388,75,F,988
9389,55,T,989
9390,81,F,990
9391,31,F,991
9392,80,T,992
9393,3,F,993
9394,44,F,994
9395,84,F,995
9396,13,F,996
9397,26,T,997
9398,61,F,998
9399,22,T,999
9400,47,T,1000
9401,65,T,1001
9402,28,F,1002
9403,31,T,1003
9404,32,F,1004
9405,63,T,1005
9406,98,F,1006
9407,22,F,1007
9408,44,F,1008
9409,90,T,1009
9410,56,F,1010
9411,81,F,1011
9412,67,F,1012
9413,32,T,1013
9414,95,F,1014
9415,87,T,1015
9416,8,T,1016
9417,77,T,1017
9418,62,F,1018
9419,83,T,1019
9420,36,F,1020
9421,35,F,1021
9422,95,T,1022
9423,56,F,1023
9424,62,T,1024
9425,56,F,1025
9426,37,F,1026
9427,30,T,1027
9428,79,T,1028
9429,86,F,1029
9430,68,T,1030
9431,31,T,1031
9432,95,T,1032
9433,24,F,1033
9434,96,T,1034
9435,33,T,1035
9436,69,T,1036
9437,97,F,1037
9438,63,T,1038
9439,32,F,1039
9440,76,F,1040
9441,63,F,1041
9442,94,F,1042
9443,3,T,1043
9444,92,T,1044
9445,95,T,1045
9446,66,F,1046
9447,91,T,1047
9448,65,T,1048
9449,54,F,1049
9450,100,F,1050
9451,91,T,1051
9452,57,F,1052
9453,50,T,1053
9454,56,T,1054
9455,99,T,1055
9456,92,F,1056
9457,66,T,1057
9458,32,T,1058
9459,46,T,1059
9460,83,T,1060
9461,61,T,1061
9462,82,T,1062
9463,75,F,1063
9464,17,F,1064
9465,62,F,1065
9466,44,T,1066
9467,41,F,1067
9468,58,F,1068
9469,58,T,1069
9470,99,F,1070
9471,94,F,1071
9472,86,T,1072
9473,58,F,1073
9474,85,T,1074
9475,16,F,1075
9476,7,T,1076
9477,74,T,1077
9478,25,F,1078
9479,33,F,1079
9480,49,T,1080
9481,2,T,1081
9482,88,F,1082
9483,54,T,1083
9484,76,F,1084
9485,70,F,1085
9486,96,T,1086
9487,45,T,1087
9488,37,F,1088
9489,12,F,1089
9490,81,T,1090
9491,49,F,1091
9492,23,T,1092
9493,11,F,1093
9494,89,T,1094
9495,33,T,1095
9496,8,F,1096
9497,86,T,1097
9498,12,F,1098
9499,91,F,1099
9500,4,T,1100
9501,77,T,1101
9502,30,F,1102
9503,72,F,1103
9504,22,T,1104
9505,37,T,1105
9506,61,T,1106
9507,45,T,1107
9508,75,F,1108
9509,88,F,1109
9510,73,T,1110
9511,21,F,1111
9512,39,F,1112
9513,57,F,1113
9514,60,T,1114
9515,82,T,1115
9516,86,T,1116
9517,67,T,1117
9518,59,F,1118
9519,68,T,1119
9520,22,T,1120
9521,61,F,1121
9522,83,F,1122
9523,14,T,1123
9524,8,T,1124
9525,53,T,1125
9526,15,F,1126
9527,77,F,1127
9528,29,T,1128
9529,63,F,1129
9530,37,T,1130
9531,63,F,1131
9532,6,T,1132
9533,28,T,1133
9534,11,T,1134
9535,28,F,1135
9536,79,T,1136
9537,73,T,1137
9538,35,T,1138
9539,64,T,1139
9540,57,F,1140
9541,26,F,1141
9542,58,F,1142
9543,93,F,1143
9544,5,F,1144
9545,29,T,1145
9546,91,F,1146
9547,98,T,1147
9548,32,F,1148
9549,79,F,1149
9550,18,F,1150
9551,88,F,1151
9552,93,T,1152
9553,9,T,1153
9554,55,T,1154
9555,49,T,1155
9556,44,T,1156
9557,11,T,1157
9558,3,T,1158
9559,57,F,1159
9560,26,T,1160
9561,89,T,1161
9562,2,F,1162
9563,18,T,1163
9564,85,T,1164
9565,89,T,1165
9566,52,F,1166
9567,14,T,1167
9568,37,F,1168
9569,5,F,1169
9570,2,F,1170
9571,96,F,1171
9572,48,F,1172
9573,45,T,1173
9574,17,T,1174
9575,86,T,1175
9576,58,F,1176
9577,18,F,1177
9578,53,T,1178
9579,29,T,1179
9580,18,F,1180
9581,57,F,1181
9582,81,F,1182
9583,33,T,1183
9584,39,T,1184
9585,3,F,1185
9586,91,T,1186
9587,38,F,1187
9588,65,T,1188
9589,90,F,1189
9590,30,F,1190
9591,86,F,1191
9592,67,F,1192
9593,84,F,1193
9594,15,F,1194
9595,47,T,1195
9596,41,F,1196
9597,75,T,1197
9598,90,T,1198
9599,29,T,1199
9600,44,T,1200
9601,75,F,1201
9602,23,T,1202
9603,52,T,1203
9604,95,T,1204
9605,31,F,1205
9606,14,T,1206
9607,99,F,1207
9608,72,F,1208
9609,22,F,1209
9610,8,T,1210
9611,31,T,1211
9612,14,T,1212
9613,73,F,1213
9614,69,F,1214
9615,91,T,1215
9616,23,T,1216
9617,68,F,1217
9618,99,F,1218
9619,34,F,1219
9620,98,T,1220
9621,42,F,1221
9622,64,F,1222
9623,94,T,1223
9624,5,T,1224
9625,21,F,1225
9626,26,F,1226
9627,77,F,1227
9628,36,F,1228
9629,32,F,1229
9630,82,F,1230
9631,93,F,1231
9632,19,T,1232
9633,37,T,1233
9634,94,T,1234
9635,50,F,1235
9636,91,T,1236
9637,92,T,1237
9638,20,T,1238
9639,33,F,1239
9640,24,T,1240
9641,19,F,1241
9642,7,T,1242
9643,27,T,1243
9644,91,T,1244
9645,44,F,1245
9646,41,T,1246
9647,8,F,1247
9648,70,F,1248
9649,40,F,1249
9650,98,T,1250
9651,23,F,1251
9652,81,F,1252
9653,92,F,1253
9654,63,T,1254
9655,33,F,1255
9656,87,F,1256
9657,2,T,1257
9658,16,F,1258
9659,70,F,1259
9660,82,T,1260
9661,11,T,1261
9662,23,T,1262
9663,71,T,1263
9664,80,F,1264
9665,76,T,1265
9666,10,F,1266
9667,86,F,1267
9668,28,T,1268
9669,46,T,1269
9670,56,F,1270
9671,34,T,1271
9672,8,F,1272
9673,52,F,1273
9674,96,T,1274
9675,63,F,1275
9676,31,F,1276
9677,64,T,1277
9678,38,F,1278
9679,24,F,1279
9680,40,F,1280
9681,21,F,1281
9682,21,T,1282
9683,35,T,1283
9684,29,T,1284
9685,18,T,1285
9686,89,T,1286
9687,28,T,1287
9688,15,F,1288
9689,80,F,1289
9690,62,F,1290
9691,95,T,1291
9692,95,T,1292
9693,20,F,1293
9694,6,T,1294
9695,98,F,1295
9696,58,F,1296
9697,11,F,1297
9698,72,T,1298
9699,97,T,1299
9700,7,F,1300
9701,38,T,1301
9702,94,T,1302
9703,59,T,1303
9704,46,T,1304
9705,38,T,1305
9706,76,F,1306
9707,79,F,1307
9708,29,T,1308
9709,23,F,1309
9710,67,F,1310
9711,34,F,1311
9712,49,T,1312
9713,53,T,1313
9714,11,F,1314
9715,66,F,1315
9716,82,F,1316
9717,62,F,1317
9718,20,T,1318
9719,2,T,1319
9720,20,F,1320
9721,33,T,1321
9722,99,F,1322
9723,53,F,1323
9724,83,F,1324
9725,62,F,1325
9726,79,T,1326
9727,37,T,1327
9728,88,T,1328
9729,99,F,1329
9730,60,T,1330
9731,89,F,1331
9732,87,F,1332
9733,42,T,1333
9734,18,F,1334
9735,85,T,1335
9736,87,T,1336
9737,86,T,1337
9738,80,F,1338
9739,83,T,1339
9740,6,T,1340
9741,73,F,1341
9742,99,T,1342
9743,77,F,1343
9744,40,F,1344
9745,94,T,1345
9746,97,T,1346
9747,66,T,1347
9748,45,F,1348
9749,74,T,1349
9750,53,F,1350
9751,27,F,1351
9752,24,T,1352
9753,65,F,1353
9754,54,T,1354
9755,15,T,1355
9756,93,T,1356
9757,38,T,1357
9758,49,T,1358
9759,79,F,1359
9760,31,F,1360
9761,99,T,1361
9762,9,T,1362
9763,95,T,1363
9764,71,T,1364
9765,13,F,1365
9766,78,T,1366
9767,90,F,1367
9768,14,T,1368
9769,32,F,1369
9770,47,T,1370
9771,76,T,1371
9772,25,T,1372
9773,72,T,1373
9774,76,F,1374
9775,25,F,1375
9776,76,T,1376
9777,57,T,1377
9778,70,T,1378
9779,40,F,1379
9780,84,T,1380
9781,5,T,1381
9782,21,T,1382
9783,99,T,1383
9784,81,F,1384
9785,100,T,1385
9786,34,T,1386
9787,36,F,1387
9788,90,T,1388
9789,37,F,1389
9790,89,F,1390
9791,2,T,1391
9792,58,F,1392
9793,86,T,1393
9794,52,F,1394
9795,12,T,1395
9796,75,T,1396
9797,12,T,1397
9798,23,T,1398
9799,50,F,1399
9800,25,F,1400
9801,96,T,1401
9802,47,F,1402
9803,89,F,1403
9804,16,F,1404
9805,35,F,1405
9806,62,T,1406
9807,49,T,1407
9808,31,F,1408
9809,25,T,1409
9810,61,F,1410
9811,42,T,1411
9812,28,T,1412
9813,71,T,1413
9814,65,T,1414
9815,44,T,1415
9816,15,T,1416
9817,33,F,1417
9818,30,F,1418
9819,75,F,1419
9820,40,F,1420
9821,39,T,1421
9822,98,T,1422
9823,14,F,1423
9824,53,F,1424
9825,93,F,1425
9826,52,F,1426
9827,44,T,1427
9828,70,F,1428
9829,48,F,1429
9830,63,F,1430
9831,38,T,1431
9832,90,T,1432
9833,18,F,1433
9834,86,T,1434
9835,2,F,1435
9836,29,T,1436
9837,89,T,1437
9838,96,F,1438
9839,67,T,1439
9840,22,F,1440
9841,39,F,1441
9842,61,F,1442
9843,89,F,1443
9844,99,T,1444
9845,22,F,1445
9846,37,F,1446
9847,27,F,1447
9848,73,F,1448
9849,75,T,1449
9850,96,T,1450
9851,99,F,1451
9852,31,T,1452
9853,75,F,1453
9854,75,F,1454
9855,70,F,1455
9856,12,T,1456
9857,48,T,1457
9858,76,T,1458
9859,86,T,1459
9860,88,T,1460
9861,36,T,1461
9862,10,F,1462
9863,94,F,1463
9864,88,F,1464
9865,9,T,1465
9866,3,F,1466
9867,25,T,1467
9868,20,F,1468
9869,19,T,1469
9870,64,F,1470
9871,34,T,1471
9872,35,T,1472
9873,84,F,1473
9874,99,T,1474
9875,9,F,1475
9876,69,T,1476
9877,70,F,1477
9878,41,T,1478
9879,84,F,1479
9880,73,T,1480
9881,29,F,1481
9882,55,F,1482
9883,93,T,1483
9884,54,T,1484
9885,29,T,1485
9886,44,F,1486
9887,30,T,1487
9888,59,T,1488
9889,12,F,1489
9890,91,T,1490
9891,14,F,1491
9892,66,T,1492
9893,22,F,1493
9894,38,T,1494
9895,38,F,1495
9896,97,F,1496
9897,68,F,1497
9898,31,F,1498
9899,71,F,1499
9900,26,F,1500
9901,46,T,1501
9902,49,F,1502
9903,40,F,1503
9904,39,T,1504
9905,7,F,1505
9906,82,F,1506
9907,69,F,1507
9908,70,F,1508
9909,57,T,1509
9910,12,T,1510
9911,53,F,1511
9912,26,F,1512
9913,73,T,1513
9914,39,F,1514
9915,25,T,1515
9916,19,F,1516
9917,59,T,1517
9918,69,T,1518
9919,32,F,1519
9920,37,T,1520
9921,44,T,1521
9922,4,T,1522
9923,54,T,1523
9924,49,T,1524
9925,62,T,1525
9926,47,F,1526
9927,30,T,1527
9928,19,F,1528
9929,79,F,1529
9930,28,T,1530
9931,86,F,1531
9932,33,T,1532
9933,38,T,1533
9934,59,T,1534
9935,7,T,1535
9936,74,T,1536
9937,25,T,1537
9938,6,T,1538
9939,16,T,1539
9940,21,T,1540
9941,95,F,1541
9942,28,T,1542
9943,25,F,1543
9944,51,F,1544
9945,98,F,1545
9946,3,F,1546
9947,43,T,1547
9948,37,T,1548
9949,49,F,1549
9950,90,F,1550
9951,57,F,1551
9952,35,F,1552
9953,28,F,1553
9954,83,T,1554
9955,22,F,1555
9956,3,T,1556
9957,59,T,1557
9958,21,F,1558
9959,51,T,1559
9960,76,F,1560
9961,95,T,1561
9962,1,T,1562
9963,23,F,1563
9964,28,T,1564
9965,85,F,1565
9966,61,F,1566
9967,79,T,1567
9968,23,T,1568
9969,29,F,1569
9970,96,F,1570
9971,10,F,1571
9972,38,F,1572
9973,49,T,1573
9974,58,F,1574
9975,19,F,1575
9976,90,T,1576
9977,19,F,1577
9978,78,T,1578
9979,97,T,1579
9980,21,F,1580
9981,65,T,1581
9982,98,T,1582
9983,9,F,1583
9984,97,T,1584
9985,65,T,1585
9986,5,F,1586
9987,90,T,1587
9988,59,T,1588
9989,53,F,1589
9990,80,T,1590
9991,93,T,1591
9992,74,F,1592
9993,5,F,1593
9994,69,F,1594
9995,1,T,1595
9996,69,T,1596
9997,30,F,1597
9998,13,T,1598
9999,84,F,1599
10000,4,F,1600
10001,43,T,1601
10002,44,T,1602
10003,71,F,1603
10004,97,F,1604
10005,28,F,1605
10006,46,F,1606
10007,12,F,1607
10008,96,F,1608
10009,55,T,1609
10010,7,T,1610
10011,58,F,1611
10012,42,T,1612
10013,90,F,1613
10014,41,T,1614
10015,3,F,1615
10016,60,F,1616
10017,90,T,1617
10018,41,T,1618
10019,16,F,1619
10020,60,F,1620
10021,17,F,1621
10022,33,T,1622
10023,22,T,1623
10024,10,T,1624
10025,38,T,1625
10026,63,F,1626
10027,34,T,1627
10028,29,T,1628
10029,83,T,1629
10030,9,T,1630
10031,88,F,1631
10032,46,T,1632
10033,56,T,1633
10034,71,T,1634
10035,67,F,1635
10036,4,F,1636
10037,99,T,1637
10038,56,T,1638
10039,8,F,1639
10040,48,F,1640
10041,76,T,1641
10042,25,F,1642
10043,68,T,1643
10044,74,F,1644
10045,93,T,1645
10046,85,F,1646
10047,74,T,1647
10048,1,T,1648
10049,62,T,1649
10050,13,T,1650
10051,11,F,1651
10052,93,F,1652
10053,3,F,1653
10054,66,F,1654
10055,74,T,1655
10056,28,T,1656
10057,92,T,1657
10058,20,T,1658
10059,60,T,1659
10060,8,T,1660
10061,54,T,1661
10062,32,F,1662
10063,16,F,1663
10064,8,T,1664
10065,55,T,1665
10066,50,F,1666
10067,17,T,1667
10068,100,F,1668
10069,90,F,1669
10070,36,T,1670
10071,7,T,1671
10072,17,T,1672
10073,99,F,1673
10074,12,F,1674
10075,12,F,1675
10076,74,T,1676
10077,31,F,1677
10078,95,T,1678
10079,3,F,1679
10080,20,T,1680
10081,20,F,1681
10082,1,F,1682
10083,39,F,1683
10084,23,T,1684
10085,64,F,1685
10086,51,T,1686
10087,36,T,1687
10088,88,F,1688
10089,56,T,1689
10090,98,T,1690
10091,86,T,1691
10092,91,T,1692
10093,77,F,1693
10094,1,T,1694
10095,29,F,1695
10096,52,F,1696
10097,66,F,1697
10098,27,F,1698
10099,47,T,1699
10100,27,T,1700
10101,23,T,1701
10102,37,T,1702
10103,54,T,1703
10104,25,T,1704
10105,57,F,1705
10106,43,F,1706
10107,49,T,1707
10108,92,F,1708
10109,24,T,1709
10110,99,T,1710
10111,34,T,1711
10112,82,T,1712
10113,68,F,1713
10114,56,F,1714
10115,42,F,1715
10116,80,T,1716
10117,70,T,1717
10118,99,T,1718
10119,69,F,1719
10120,96,F,1720
10121,31,F,1721
10122,72,F,1722
10123,66,F,1723
10124,1,T,1724
10125,19,F,1725
10126,74,T,1726
10127,79,F,1727
10128,27,T,1728
10129,42,T,1729
10130,46,F,1730
10131,52,F,1731
10132,88,T,1732
10133,33,F,1733
10134,27,T,1734
10135,69,F,1735
10136,5,T,1736
10137,15,T,1737
10138,6,T,1738
10139,82,T,1739
10140,80,T,1740
10141,94,T,1741
10142,34,F,1742
10143,85,T,1743
10144,89,T,1744
10145,35,T,1745
10146,47,F,1746
10147,77,T,1747
10148,65,T,1748
10149,85,T,1749
10150,10,T,1750
10151,81,T,1751
10152,90,F,1752
10153,40,T,1753
10154,94,T,1754
10155,46,T,1755
10156,87,F,1756
10157,16,F,1757
10158,93,T,1758
10159,87,T,1759
10160,1,F,1760
10161,41,F,1761
10162,88,T,1762
10163,99,T,1763
10164,23,T,1764
10165,98,F,1765
10166,78,F,1766
10167,36,F,1767
10168,11,T,1768
10169,42,T,1769
10170,60,T,1770
10171,5,T,1771
10172,10,F,1772
10173,10,F,1773
10174,10,F,1774
10175,6,T,1775
10176,86,F,1776
10177,25,T,1777
10178,32,T,1778
10179,57,F,1779
10180,87,F,1780
10181,13,F,1781
10182,96,F,1782
10183,57,F,1783
10184,91,T,1784
10185,17,F,1785
10186,58,T,1786
10187,92,T,1787
10188,80,T,1788
10189,34,T,1789
10190,37,F,1790
10191,34,T,1791
10192,37,T,1792
10193,8,T,1793
10194,71,T,1794
10195,100,F,1795
10196,45,F,1796
10197,40,T,1797
10198,27,F,1798
10199,55,F,1799
10200,53,F,1800
10201,78,F,1801
10202,40,T,1802
10203,93,F,1803
10204,88,T,1804
10205,70,T,1805
10206,11,T,1806
10207,21,T,1807
10208,30,T,1808
10209,28,F,1809
10210,61,F,1810
10211,61,F,1811
10212,85,T,1812
10213,54,T,1813
10214,90,F,1814
10215,92,F,1815
10216,71,T,1816
10217,14,F,1817
10218,81,F,1818
10219,20,T,1819
10220,19,F,1820
10221,81,F,1821
10222,5,T,1822
10223,13,F,1823
10224,67,T,1824
10225,9,F,1825
10226,67,T,1826
10227,48,F,1827
10228,18,T,1828
10229,65,F,1829
10230,70,F,1830
10231,24,F,1831
10232,22,T,1832
10233,22,T,1833
10234,91,F,1834
10235,27,T,1835
10236,49,F,1836
10237,79,T,1837
10238,70,T,1838
10239,73,F,1839
10240,77,F,1840
10241,52,T,1841
10242,29,T,1842
10243,62,T,1843
10244,20,F,1844
10245,45,F,1845
10246,83,F,1846
10247,83,F,1847
10248,80,T,1848
10249,26,F,1849
10250,10,F,1850
10251,98,T,1851
10252,11,T,1852
10253,2,F,1853
10254,15,F,1854
10255,56,T,1855
10256,53,T,1856
10257,85,T,1857
10258,79,F,1858
10259,47,F,1859
10260,33,T,1860
10261,85,F,1861
10262,59,T,1862
10263,32,F,1863
10264,41,T,1864
10265,79,T,1865
10266,58,F,1866
10267,25,T,1867
10268,77,T,1868
10269,5,F,1869
10270,38,T,1870
10271,25,F,1871
10272,5,F,1872
10273,55,T,1873
10274,87,F,1874
10275,24,F,1875
10276,46,F,1876
10277,98,F,1877
10278,40,F,1878
10279,68,T,1879
10280,94,T,1880
10281,36,T,1881
10282,37,T,1882
10283,6,T,1883
10284,27,F,1884
10285,92,T,1885
10286,91,T,1886
10287,100,F,1887
10288,92,F,1888
10289,9,F,1889
10290,55,T,1890
10291,25,T,1891
10292,69,T,1892
10293,44,T,1893
10294,89,T,1894
10295,62,F,1895
10296,14,T,1896
10297,61,F,1897
10298,51,F,1898
10299,82,F,1899
10300,15,F,1900
10301,17,T,1901
10302,2,T,1902
10303,74,F,1903
10304,42,T,1904
10305,41,F,1905
10306,50,F,1906
10307,63,F,1907
10308,59,T,1908
10309,83,F,1909
10310,77,T,1910
10311,39,F,1911
10312,63,F,1912
10313,88,F,1913
10314,95,T,1914
10315,50,F,1915
10316,52,F,1916
10317,29,T,1917
10318,21,F,1918
10319,28,F,1919
10320,37,F,1920
10321,40,T,1921
10322,64,F,1922
10323,16,F,1923
10324,67,T,1924
10325,81,F,1925
10326,100,F,1926
10327,2,T,1927
10328,21,T,1928
10329,81,F,1929
10330,64,F,1930
10331,88,T,1931
10332,2,F,1932
10333,74,T,1933
10334,53,F,1934
10335,31,T,1935
10336,11,T,1936
10337,32,F,1937
10338,16,F,1938
10339,27,F,1939
10340,4,T,1940
10341,90,T,1941
10342,97,F,1942
10343,39,F,1943
10344,50,F,1944
10345,83,F,1945
10346,42,F,1946
10347,73,F,1947
10348,9,F,1948
10349,82,T,1949
10350,25,T,1950
10351,55,T,1951
10352,6,T,1952
10353,52,F,1953
10354,41,F,1954
10355,73,F,1955
10356,86,T,1956
10357,76,T,1957
10358,10,T,1958
10359,95,T,1959
10360,87,T,1960
10361,35,T,1961
10362,94,F,1962
10363,55,F,1963
10364,7,T,1964
10365,91,F,1965
10366,53,F,1966
10367,8,T,1967
10368,87,T,1968
10369,97,T,1969
10370,44,F,1970
10371,51,T,1971
10372,93,T,1972
10373,25,T,1973
10374,77,T,1974
10375,91,F,1975
10376,61,F,1976
10377,72,T,1977
10378,80,T,1978
10379,39,T,1979
10380,72,T,1980
10381,68,F,1981
10382,20,T,1982
10383,68,F,1983
10384,94,F,1984
10385,24,T,1985
10386,34,F,1986
10387,94,F,1987
10388,98,F,1988
10389,8,F,1989
10390,52,F,1990
10391,45,T,1991
10392,52,F,1992
10393,73,F,1993
10394,55,F,1994
10395,65,F,1995
10396,18,T,1996
10397,90,F,1997
10398,66,F,1998
10399,93,F,1999
10400,24,F,2000
10401,69,F,2001
10402,53,T,2002
10403,84,T,2003
10404,23,T,2004
10405,39,F,2005
10406,41,T,2006
10407,75,F,2007
10408,66,T,2008
10409,55,F,2009
10410,13,F,2010
10411,75,T,2011
10412,8,F,2012
10413,96,T,2013
10414,36,F,2014
10415,62,F,2015
10416,72,F,2016
10417,44,T,2017
10418,65,F,2018
10419,12,F,2019
10420,65,F,2020
10421,3,F,2021
10422,80,T,2022
10423,54,T,2023
10424,92,F,2024
10425,45,T,2025
10426,54,F,2026
10427,12,T,2027
10428,92,T,2028
10429,17,T,2029
10430,45,T,2030
10431,33,T,2031
10432,84,F,2032
10433,64,T,2033
10434,76,T,2034
10435,37,T,2035
10436,67,T,2036
10437,56,F,2037
10438,87,F,2038
10439,27,F,2039
10440,15,F,2040
10441,18,F,2041
10442,63,T,2042
10443,30,F,2043
10444,99,F,2044
10445,55,T,2045
10446,45,F,2046
10447,58,T,2047
10448,100,F,2048
10449,35,T,2049
10450,9,T,2050
10451,42,F,2051
10452,51,T,2052
10453,87,T,2053
10454,2,T,2054
10455,78,F,2055
10456,76,F,2056
10457,7,F,2057
10458,26,F,2058
10459,46,T,2059
10460,23,F,2060
10461,20,T,2061
10462,44,T,2062
10463,77,T,2063
10464,54,T,2064
10465,40,T,2065
10466,85,F,2066
10467,10,T,2067
10468,41,T,2068
10469,15,F,2069
10470,15,T,2070
10471,7,F,2071
10472,12,F,2072
10473,61,F,2073
10474,89,T,2074
10475,22,F,2075
10476,28,T,2076
10477,37,T,2077
10478,89,T,2078
10479,34,T,2079
10480,47,T,2080
10481,41,T,2081
10482,35,T,2082
10483,24,F,2083
10484,92,T,2084
10485,68,T,2085
10486,95,F,2086
10487,72,T,2087
10488,50,F,2088
10489,43,F,2089
10490,99,T,2090
10491,66,T,2091
10492,70,T,2092
10493,3,T,2093
10494,6,T,2094
10495,71,T,2095
10496,69,T,2096
10497,57,F,2097
10498,79,F,2098
10499,81,F,2099
10500,40,T,2100
10501,19,T,2101
10502,73,F,2102
10503,84,F,2103
10504,36,T,2104
10505,52,T,2105
10506,31,T,2106
10507,46,T,2107
10508,82,F,2108
10509,37,F,2109
10510,38,T,2110
10511,70,F,2111
10512,70,T,2112
10513,64,F,2113
10514,76,T,2114
10515,41,T,2115
10516,63,F,2116
10517,22,T,2117
10518,25,F,2118
10519,57,F,2119
10520,74,T,2120
10521,33,F,2121
10522,17,F,2122
10523,36,T,2123
10524,66,F,2124
10525,57,T,2125
10526,81,F,2126
10527,75,T,2127
10528,20,F,2128
10529,40,T,2129
10530,32,T,2130
10531,50,T,2131
10532,11,T,2132
10533,92,T,2133
10534,47,T,2134
10535,80,T,2135
10536,21,T,2136
10537,91,F,2137
10538,67,T,2138
10539,10,F,2139
10540,44,T,2140
10541,88,T,2141
10542,33,T,2142
10543,100,T,2143
10544,94,T,2144
10545,86,T,2145
10546,61,F,2146
10547,44,F,2147
10548,76,T,2148
10549,8,T,2149
10550,74,T,2150
10551,28,T,2151
10552,90,T,2152
10553,43,T,2153
10554,86,T,2154
10555,39,F,2155
10556,87,F,2156
10557,74,T,2157
10558,65,F,2158
10559,5,F,2159
10560,80,T,2160
10561,15,T,2161
10562,1,F,2162
10563,98,T,2163
10564,74,T,2164
10565,1,T,2165
10566,90,T,2166
10567,21,F,2167
10568,36,T,2168
10569,21,T,2169
10570,24,T,2170
10571,13,T,2171
10572,61,T,2172
10573,88,F,2173
10574,80,F,2174
10575,35,T,2175
10576,36,F,2176
10577,55,F,2177
10578,82,F,2178
10579,78,T,2179
10580,43,F,2180
10581,63,T,2181
10582,82,F,2182
10583,35,T,2183
10584,76,F,2184
10585,33,F,2185
10586,35,F,2186
10587,76,T,2187
10588,6,F,2188
10589,5,T,2189
10590,43,F,2190
10591,84,T,2191
10592,46,F,2192
10593,45,T,2193
10594,96,F,2194
10595,74,T,2195
10596,53,F,2196
10597,74,T,2197
10598,39,T,2198
10599,74,F,2199
10600,51,T,2200
10601,11,F,2201
10602,86,T,2202
10603,55,F,2203
10604,15,F,2204
10605,55,T,2205
10606,54,F,2206
10607,15,T,2207
10608,49,T,2208
10609,99,F,2209
10610,62,T,2210
10611,62,F,2211
10612,21,F,2212
10613,91,T,2213
10614,4,T,2214
10615,31,T,2215
10616,7,F,2216
10617,63,T,2217
10618,41,F,2218
10619,66,F,2219
10620,18,T,2220
10621,98,T,2221
10622,15,T,2222
10623,74,T,2223
10624,97,F,2224
10625,67,F,2225
10626,15,F,2226
10627,59,F,2227
10628,84,F,2228
10629,36,T,2229
10630,33,T,2230
10631,77,T,2231
10632,97,T,2232
10633,8,F,2233
10634,91,T,2234
10635,76,T,2235
10636,36,F,2236
10637,23,F,2237
10638,42,T,2238
10639,55,T,2239
10640,36,F,2240
10641,53,F,2241
10642,55,T,2242
10643,76,T,2243
10644,7,T,2244
10645,42,T,2245
10646,62,F,2246
10647,35,T,2247
10648,14,T,2248
10649,78,T,2249
10650,2,F,2250
10651,15,T,2251
10652,86,F,2252
10653,50,F,2253
10654,100,T,2254
10655,90,F,2255
10656,89,T,2256
10657,45,T,2257
10658,63,F,2258
10659,4,T,2259
10660,24,T,2260
10661,48,T,2261
10662,21,T,2262
10663,54,F,2263
10664,48,T,2264
10665,72,F,2265
10666,57,F,2266
10667,96,T,2267
10668,88,T,2268
10669,70,T,2269
10670,52,F,2270
10671,53,F,2271
10672,1,T,2272
10673,78,T,2273
10674,26,T,2274
10675,88,F,2275
10676,84,T,2276
10677,5,F,2277
10678,91,T,2278
10679,37,F,2279
10680,89,T,2280
10681,52,T,2281
10682,21,T,2282
10683,71,F,2283
10684,36,F,2284
10685,51,T,2285
10686,9,F,2286
10687,60,F,2287
10688,31,T,2288
10689,73,T,2289
10690,48,F,2290
10691,30,T,2291
10692,21,F,2292
10693,81,T,2293
10694,95,T,2294
10695,63,T,2295
10696,5,T,2296
10697,67,F,2297
10698,97,F,2298
10699,77,F,2299
10700,21,F,2300
10701,80,F,2301
10702,49,T,2302
10703,96,F,2303
10704,35,T,2304
10705,85,F,2305
10706,69,F,2306
10707,66,T,2307
10708,79,T,2308
10709,57,T,2309
10710,63,F,2310
10711,88,T,2311
10712,43,F,2312
10713,90,F,2313
10714,50,T,2314
10715,97,F,2315
10716,89,T,2316
10717,3,F,2317
10718,96,T,2318
10719,44,F,2319
10720,76,T,2320
10721,12,F,2321
10722,51,T,2322
10723,76,F,2323
10724,51,T,2324
10725,42,T,2325
10726,38,F,2326
10727,31,F,2327
10728,24,F,2328
10729,62,F,2329
10730,96,F,2330
10731,88,F,2331
10732,80,T,2332
10733,54,T,2333
10734,72,T,2334
10735,31,T,2335
10736,96,T,2336
10737,68,T,2337
10738,79,F,2338
10739,31,F,2339
10740,71,T,2340
10741,69,F,2341
10742,77,T,2342
10743,100,F,2343
10744,98,F,2344
10745,23,T,2345
10746,49,F,2346
10747,20,F,2347
10748,79,F,2348
10749,18,F,2349
10750,66,F,2350
10751,16,T,2351
10752,89,F,2352
10753,10,F,2353
10754,7,F,2354
10755,2,T,2355
10756,59,T,2356
10757,46,F,2357
10758,83,T,2358
10759,84,F,2359
10760,41,F,2360
10761,26,T,2361
10762,60,T,2362
10763,78,F,2363
10764,88,F,2364
10765,82,T,2365
10766,4,T,2366
10767,13,T,2367
10768,96,T,2368
10769,66,T,2369
10770,16,T,2370
10771,71,F,2371
10772,24,F,2372
10773,72,T,2373
10774,65,T,2374
10775,27,T,2375
10776,64,F,2376
10777,20,F,2377
10778,46,F,2378
10779,17,F,2379
10780,46,F,2380
10781,92,F,2381
10782,7,T,2382
10783,74,T,2383
10784,40,T,2384
10785,68,T,2385
10786,15,T,2386
10787,54,T,2387
10788,72,F,2388
10789,98,F,2389
10790,66,F,2390
10791,82,T,2391
10792,24,F,2392
10793,45,F,2393
10794,31,F,2394
10795,47,F,2395
10796,92,F,2396
10797,48,T,2397
10798,99,T,2398
10799,84,F,2399
10800,23,F,2400
10801,29,F,2401
10802,81,T,2402
10803,23,T,2403
10804,94,F,2404
10805,78,F,2405
10806,72,T,2406
10807,45,F,2407
10808,47,T,2408
10809,16,F,2409
10810,76,F,2410
10811,21,T,2411
10812,15,F,2412
10813,99,T,2413
10814,21,T,2414
10815,54,F,2415
10816,23,T,2416
10817,18,T,2417
10818,5,F,2418
10819,66,T,2419
10820,94,T,2420
10821,57,T,2421
10822,81,F,2422
10823,36,F,2423
10824,56,T,2424
10825,58,F,2425
10826,54,F,2426
10827,88,F,2427
10828,12,T,2428
10829,98,F,2429
10830,45,T,2430
10831,23,T,2431
10832,54,T,2432
10833,94,F,2433
10834,90,T,2434
10835,42,T,2435
10836,74,F,2436
10837,43,T,2437
10838,48,F,2438
10839,74,T,2439
10840,87,T,2440
10841,38,F,2441
10842,14,F,2442
10843,41,T,2443
10844,32,F,2444
10845,14,T,2445
10846,81,F,2446
10847,13,F,2447
10848,41,T,2448
10849,87,F,2449
10850,36,F,2450
10851,70,F,2451
10852,6,F,2452
10853,78,F,2453
10854,53,T,2454
10855,36,F,2455
10856,23,T,2456
10857,88,T,2457
10858,80,F,2458
10859,3,F,2459
10860,53,F,2460
10861,71,T,2461
10862,80,F,2462
10863,50,F,2463
10864,10,F,2464
10865,44,F,2465
10866,1,F,2466
10867,11,T,2467
10868,64,T,2468
10869,49,T,2469
10870,2,T,2470
10871,32,F,2471
10872,82,T,2472
10873,93,F,2473
10874,28,F,2474
10875,42,T,2475
10876,48,T,2476
10877,75,T,2477
10878,45,T,2478
10879,74,F,2479
10880,96,F,2480
10881,20,T,2481
10882,91,T,2482
10883,71,T,2483
10884,49,T,2484
10885,78,F,2485
10886,92,T,2486
10887,27,F,2487
10888,6,F,2488
10889,41,T,2489
10890,85,T,2490
10891,76,T,2491
10892,29,F,2492
10893,68,T,2493
10894,83,T,2494
10895,11,F,2495
10896,26,F,2496
10897,31,T,2497
10898,9,F,2498
10899,24,T,2499
10900,79,T,2500
10901,84,T,2501
10902,48,F,2502
10903,9,F,2503
10904,17,F,2504
10905,41,F,2505
10906,28,T,2506
10907,65,T,2507
10908,22,F,2508
10909,63,T,2509
10910,84,F,2510
10911,4,T,2511
10912,96,T,2512
10913,7,T,2513
10914,91,F,2514
10915,16,F,2515
10916,21,T,2516
10917,26,T,2517
10918,4,T,2518
10919,10,T,2519
10920,43,F,2520
10921,64,F,2521
10922,17,F,2522
10923,95,F,2523
10924,79,T,2524
10925,97,F,2525
10926,92,T,2526
10927,20,T,2527
10928,69,F,2528
10929,3,T,2529
10930,36,F,2530
10931,11,F,2531
10932,65,T,2532
10933,18,T,2533
10934,48,T,2534
10935,17,T,2535
10936,11,F,2536
10937,92,T,2537
10938,74,T,2538
10939,13,T,2539
10940,14,T,2540
10941,16,T,2541
10942,59,F,2542
10943,13,T,2543
10944,30,F,2544
10945,60,F,2545
10946,91,T,2546
10947,78,T,2547
10948,59,F,2548
10949,38,F,2549
10950,70,F,2550
10951,93,T,2551
10952,98,T,2552
10953,17,F,2553
10954,4,T,2554
10955,61,T,2555
10956,86,T,2556
10957,69,T,2557
10958,16,F,2558
10959,2,F,2559
10960,70,T,2560
10961,55,T,2561
10962,16,F,2562
10963,62,T,2563
10964,78,T,2564
10965,29,T,2565
10966,57,F,2566
10967,67,T,2567
10968,98,T,2568
10969,37,T,2569
10970,25,T,2570
10971,52,F,2571
10972,14,F,2572
10973,89,T,2573
10974,96,T,2574
10975,40,F,2575
10976,9,T,2576
10977,36,F,2577
10978,95,T,2578
10979,87,T,2579
10980,91,F,2580
10981,69,T,2581
10982,42,T,2582
10983,26,T,2583
10984,17,F,2584
10985,5,T,2585
10986,20,T,2586
10987,25,F,2587
10988,62,F,2588
10989,94,T,2589
10990,14,T,2590
10991,87,T,2591
10992,88,F,2592
10993,79,F,2593
10994,79,F,2594
10995,30,T,2595
10996,13,F,2596
10997,7,F,2597
10998,10,T,2598
10999,49,T,2599
11000,3,T,2600
11001,64,F,2601
11002,30,F,2602
11003,69,F,2603
11004,75,T,2604
11005,62,F,2605
11006,31,T,2606
11007,83,F,2607
11008,50,T,2608
11009,77,F,2609
11010,72,F,2610
11011,80,T,2611
11012,43,F,2612
11013,43,T,2613
11014,3,F,2614
11015,51,F,2615
11016,50,T,2616
11017,24,T,2617
11018,67,F,2618
11019,60,F,2619
11020,17,F,2620
11021,69,T,2621
11022,44,F,2622
11023,32,T,2623
11024,99,F,2624
11025,6,F,2625
11026,27,T,2626
11027,53,F,2627
11028,73,F,2628
11029,63,F,2629
11030,9,F,2630
11031,12,T,2631
11032,58,T,2632
11033,84,T,2633
11034,51,T,2634
11035,9,T,2635
11036,70,T,2636
11037,35,F,2637
11038,75,F,2638
11039,84,T,2639
11040,18,T,2640
11041,61,F,2641
11042,61,T,2642
11043,69,T,2643
11044,92,T,2644
11045,93,T,2645
11046,2,F,2646
11047,25,F,2647
11048,92,T,2648
11049,29,T,2649
11050,70,T,2650
11051,78,F,2651
11052,98,T,2652
11053,13,T,2653
11054,71,F,2654
11055,42,F,2655
11056,6,T,2656
11057,30,F,2657
11058,15,F,2658
11059,68,T,2659
11060,3,F,2660
11061,39,T,2661
11062,23,F,2662
11063,50,F,2663
11064,61,F,2664
11065,82,F,2665
11066,55,T,2666
11067,34,T,2667
11068,90,F,2668
11069,49,F,2669
11070,8,T,2670
11071,59,F,2671
11072,2,T,2672
11073,15,T,2673
11074,59,F,2674
11075,1,F,2675
11076,19,F,2676
11077,47,F,2677
11078,88,T,2678
11079,52,T,2679
11080,26,T,2680
11081,89,F,2681
11082,17,T,2682
11083,11,T,2683
11084,12,T,2684
11085,4,F,2685
11086,97,T,2686
11087,84,T,2687
11088,28,T,2688
11089,7,F,2689
11090,25,T,2690
11091,25,T,2691
11092,28,F,2692
11093,56,F,2693
11094,43,F,2694
11095,77,T,2695
11096,91,F,2696
11097,29,F,2697
11098,69,F,2698
11099,98,F,2699
11100,1,T,2700
11101,40,T,2701
11102,63,F,2702
11103,11,F,2703
11104,28,F,2704
11105,88,F,2705
11106,94,F,2706
11107,14,F,2707
11108,67,F,2708
11109,35,F,2709
11110,94,T,2710
11111,59,F,2711
11112,21,T,2712
11113,78,T,2713
11114,36,F,2714
11115,37,T,2715
11116,83,T,2716
11117,89,T,2717
11118,80,F,2718
11119,27,F,2719
11120,2,T,2720
11121,71,F,2721
11122,86,F,2722
11123,61,F,2723
11124,70,F,2724
11125,31,F,2725
11126,31,F,2726
11127,38,T,2727
11128,15,F,2728
11129,73,F,2729
11130,10,T,2730
11131,36,F,2731
11132,89,F,2732
11133,31,F,2733
11134,75,F,2734
11135,29,T,2735
11136,8,F,2736
11137,29,T,2737
11138,44,F,2738
11139,4,F,2739
11140,21,F,2740
11141,54,T,2741
11142,89,T,2742
11143,11,T,2743
11144,23,T,2744
11145,20,F,2745
11146,90,F,2746
11147,91,F,2747
11148,85,F,2748
11149,74,F,2749
11150,95,T,2750
11151,31,F,2751
11152,96,T,2752
11153,22,T,2753
11154,97,F,2754
11155,19,T,2755
11156,83,F,2756
11157,62,T,2757
11158,76,T,2758
11159,38,F,2759
11160,50,F,2760
11161,85,T,2761
11162,3,F,2762
11163,72,T,2763
11164,92,F,2764
11165,49,T,2765
11166,69,T,2766
11167,42,T,2767
11168,5,T,2768
11169,1,T,2769
11170,98,F,2770
11171,3,F,2771
11172,72,F,2772
11173,29,F,2773
11174,55,F,2774
11175,5,T,2775
11176,24,F,2776
11177,40,F,2777
11178,34,F,2778
11179,81,F,2779
11180,61,T,2780
11181,78,T,2781
11182,44,T,2782
11183,40,T,2783
11184,15,T,2784
11185,15,F,2785
11186,89,T,2786
11187,76,T,2787
11188,85,T,2788
11189,26,T,2789
11190,91,T,2790
11191,93,T,2791
11192,70,F,2792
11193,58,F,2793
11194,70,T,2794
11195,91,T,2795
11196,57,T,2796
11197,72,T,2797
11198,80,T,2798
11199,65,F,2799
11200,35,F,2800
11201,36,T,2801
11202,55,F,2802
11203,70,F,2803
11204,1,F,2804
11205,49,F,2805
11206,3,F,2806
11207,5,F,2807
11208,96,F,2808
11209,45,F,2809
11210,67,F,2810
11211,3,T,2811
11212,94,T,2812
11213,65,F,2813
11214,38,T,2814
11215,58,T,2815
11216,72,T,2816
11217,72,F,2817
11218,79,F,2818
11219,41,T,2819
11220,65,T,2820
11221,89,F,2821
11222,49,F,2822
11223,84,T,2823
11224,86,F,2824
11225,95,F,2825
11226,96,T,2826
11227,14,F,2827
11228,63,F,2828
11229,85,F,2829
11230,44,T,2830
11231,69,T,2831
11232,48,F,2832
11233,88,T,2833
11234,39,T,2834
11235,43,F,2835
11236,88,T,2836
11237,70,T,2837
11238,41,T,2838
11239,4,T,2839
11240,42,T,2840
11241,84,T,2841
11242,71,T,2842
11243,69,F,2843
11244,5,T,2844
11245,40,T,2845
11246,24,F,2846
11247,36,T,2847
11248,97,F,2848
11249,68,T,2849
11250,29,T,2850
11251,59,F,2851
11252,11,F,2852
11253,43,T,2853
11254,83,T,2854
11255,95,F,2855
11256,33,T,2856
11257,18,T,2857
11258,93,F,2858
11259,44,F,2859
11260,41,T,2860
11261,44,F,2861
11262,93,F,2862
11263,38,T,2863
11264,1,T,2864
11265,12,T,2865
11266,39,T,2866
11267,73,T,2867
11268,89,F,2868
11269,17,F,2869
11270,92,F,2870
11271,15,F,2871
11272,5,T,2872
11273,94,F,2873
11274,91,F,2874
11275,98,F,2875
11276,16,T,2876
11277,8,F,2877
11278,63,F,2878
11279,11,F,2879
11280,37,F,2880
11281,82,T,2881
11282,24,T,2882
11283,14,F,2883
11284,43,F,2884
11285,86,F,2885
11286,31,F,2886
11287,73,T,2887
11288,3,F,2888
11289,87,F,2889
11290,81,T,2890
11291,29,T,2891
11292,90,F,2892
11293,88,T,2893
11294,99,T,2894
11295,43,T,2895
11296,99,F,2896
11297,51,F,2897
11298,31,T,2898
11299,21,T,2899
11300,17,T,2900
11301,99,T,2901
11302,74,T,2902
11303,58,T,2903
11304,56,T,2904
11305,19,F,2905
11306,63,T,2906
11307,56,T,2907
11308,74,F,2908
11309,16,T,2909
11310,100,T,2910
11311,16,T,2911
11312,81,T,2912
11313,1,T,2913
11314,91,F,2914
11315,81,T,2915
11316,80,F,2916
11317,49,F,2917
11318,46,F,2918
11319,87,T,2919
11320,80,F,2920
11321,4,T,2921
11322,31,F,2922
11323,72,T,2923
11324,4,F,2924
11325,29,T,2925
11326,6,F,2926
11327,70,T,2927
11328,1,F,2928
11329,84,T,2929
11330,79,F,2930
11331,39,T,2931
11332,50,T,2932
11333,97,F,2933
11334,91,F,2934
11335,97,F,2935
11336,26,F,2936
11337,66,F,2937
11338,57,F,2938
11339,47,T,2939
11340,39,F,2940
11341,46,T,2941
11342,76,T,2942
11343,5,F,2943
11344,51,T,2944
11345,1,F,2945
11346,18,F,2946
11347,27,F,2947
11348,56,T,2948
11349,28,T,2949
11350,28,F,2950
11351,89,F,2951
11352,79,F,2952
11353,65,T,2953
11354,14,F,2954
11355,28,F,2955
11356,87,F,2956
11357,100,T,2957
11358,13,F,2958
11359,18,F,2959
11360,11,F,2960
11361,83,F,2961
11362,98,T,2962
11363,90,T,2963
11364,52,T,2964
11365,1,T,2965
11366,98,T,2966
11367,32,F,2967
11368,47,F,2968
11369,35,F,2969
11370,84,T,2970
11371,36,T,2971
11372,8,F,2972
11373,90,T,2973
11374,61,T,2974
11375,1,F,2975
11376,1,F,2976
11377,95,T,2977
11378,28,F,2978
11379,75,F,2979
11380,96,T,2980
11381,11,F,2981
11382,65,T,2982
11383,63,T,2983
11384,20,T,2984
11385,10,T,2985
11386,63,T,2986
11387,10,T,2987
11388,44,F,2988
11389,50,T,2989
11390,57,F,2990
11391,79,F,2991
11392,35,F,2992
11393,83,F,2993
11394,77,F,2994
11395,67,T,2995
11396,13,F,2996
11397,91,T,2997
11398,90,T,2998
11399,17,T,2999
11400,7,T,3000
11401,14,F,3001
11402,55,T,3002
11403,52,F,3003
11404,22,T,3004
11405,14,T,3005
11406,39,T,3006
11407,43,T,3007
11408,76,F,3008
11409,70,T,3009
11410,67,T,3010
11411,47,T,3011
11412,97,T,3012
11413,36,F,3013
11414,39,F,3014
11415,87,T,3015
11416,78,T,3016
11417,55,F,3017
11418,3,F,3018
11419,20,F,3019
11420,90,T,3020
11421,52,T,3021
11422,40,F,3022
11423,26,T,3023
11424,19,T,3024
11425,61,T,3025
11426,54,F,3026
11427,87,T,3027
11428,24,F,3028
11429,18,F,3029
11430,97,F,3030
11431,25,T,3031
11432,43,F,3032
11433,89,F,3033
11434,12,F,3034
11435,67,F,3035
11436,14,F,3036
11437,60,T,3037
11438,91,T,3038
11439,68,F,3039
11440,68,F,3040
11441,40,T,3041
11442,9,F,3042
11443,35,T,3043
11444,96,F,3044
11445,9,T,3045
11446,32,T,3046
11447,42,T,3047
11448,41,T,3048
11449,87,F,3049
11450,68,F,3050
11451,18,T,3051
11452,40,F,3052
11453,84,T,3053
11454,37,F,3054
11455,86,T,3055
11456,96,F,3056
11457,94,F,3057
11458,58,F,3058
11459,78,F,3059
11460,22,F,3060
11461,3,F,3061
11462,65,F,3062
11463,18,T,3063
11464,26,F,3064
11465,22,T,3065
11466,48,T,3066
11467,30,T,3067
11468,62,T,3068
11469,19,F,3069
11470,31,T,3070
11471,69,F,3071
11472,29,T,3072
11473,34,F,3073
11474,95,F,3074
11475,75,T,3075
11476,9,T,3076
11477,27,T,3077
11478,17,F,3078
11479,12,T,3079
11480,99,T,3080
11481,48,T,3081
11482,8,F,3082
11483,3,T,3083
11484,32,T,3084
11485,81,T,3085
11486,77,F,3086
11487,82,T,3087
11488,78,F,3088
11489,97,T,3089
11490,57,F,3090
11491,73,T,3091
11492,51,F,3092
11493,36,T,3093
11494,42,F,3094
11495,93,T,3095
11496,72,T,3096
11497,89,T,3097
11498,15,F,3098
11499,3,F,3099
11500,60,F,3100
11501,22,T,3101
11502,31,F,3102
11503,74,F,3103
11504,56,T,3104
11505,69,F,3105
11506,99,T,3106
11507,4,F,3107
11508,65,T,3108
11509,42,F,3109
11510,5,F,3110
11511,71,F,3111
11512,12,T,3112
11513,45,F,3113
11514,48,T,3114
11515,54,T,3115
11516,69,F,3116
11517,39,F,3117
11518,73,F,3118
11519,87,T,3119
11520,93,F,3120
11521,7,T,3121
11522,12,T,3122
11523,34,T,3123
11524,74,T,3124
11525,58,F,3125
11526,89,F,3126
11527,2,T,3127
11528,44,T,3128
11529,28,T,3129
11530,23,T,3130
11531,67,F,3131
11532,74,T,3132
11533,86,T,3133
11534,68,F,3134
11535,62,T,3135
11536,66,F,3136
11537,2,F,3137
11538,21,T,3138
11539,31,T,3139
11540,11,F,3140
11541,64,F,3141
11542,80,T,3142
11543,6,T,3143
11544,78,T,3144
11545,63,F,3145
11546,12,F,3146
11547,43,T,3147
11548,64,F,3148
11549,49,T,3149
11550,30,T,3150
11551,1,F,3151
11552,91,T,3152
11553,84,T,3153
11554,84,F,3154
11555,42,F,3155
11556,52,T,3156
11557,83,F,3157
11558,55,T,3158
11559,30,T,3159
11560,36,F,3160
11561,80,F,3161
11562,19,F,3162
11563,73,F,3163
11564,6,F,3164
11565,68,F,3165
11566,96,T,3166
11567,71,F,3167
11568,48,T,3168
11569,40,T,3169
11570,57,T,3170
11571,39,F,3171
11572,23,T,3172
11573,49,T,3173
11574,68,F,3174
11575,74,F,3175
11576,92,T,3176
11577,99,F,3177
11578,91,F,3178
11579,72,F,3179
11580,14,F,3180
11581,46,F,3181
11582,23,F,3182
11583,25,T,3183
11584,83,F,3184
11585,36,T,3185
11586,9,T,3186
11587,5,T,3187
11588,95,F,3188
11589,39,F,3189
11590,8,F,3190
11591,72,T,3191
11592,13,F,3192
11593,56,F,3193
11594,9,F,3194
11595,82,F,3195
11596,26,T,3196
11597,5,F,3197
11598,47,F,3198
11599,15,T,3199
11600,25,T,3200
11601,84,T,3201
11602,88,T,3202
11603,13,T,3203
11604,72,T,3204
11605,28,T,3205
11606,27,T,3206
11607,1,T,3207
11608,48,F,3208
11609,68,F,3209
11610,74,T,3210
11611,97,F,3211
11612,3,F,3212
11613,25,T,3213
11614,59,F,3214
11615,4,T,3215
11616,22,T,3216
11617,61,T,3217
11618,7,F,3218
11619,92,T,3219
11620,72,F,3220
11621,51,T,3221
11622,51,T,3222
11623,40,F,3223
11624,7,F,3224
11625,72,T,3225
11626,23,F,3226
11627,19,F,3227
11628,62,T,3228
11629,95,T,3229
11630,56,F,3230
11631,85,F,3231
11632,69,T,3232
11633,86,F,3233
11634,10,F,3234
11635,57,T,3235
11636,12,T,3236
11637,49,T,3237
11638,64,F,3238
11639,71,T,3239
11640,72,T,3240
11641,83,T,3241
11642,70,T,3242
11643,88,T,3243
11644,19,T,3244
11645,94,T,3245
11646,59,T,3246
11647,22,F,3247
11648,58,T,3248
11649,19,F,3249
11650,57,F,3250
11651,93,T,3251
11652,74,F,3252
11653,65,F,3253
11654,72,F,3254
11655,92,F,3255
11656,39,F,3256
11657,3,T,3257
11658,92,T,3258
11659,93,T,3259
11660,6,T,3260
11661,92,T,3261
11662,47,T,3262
11663,92,F,3263
11664,98,T,3264
11665,56,T,3265
11666,5,T,3266
11667,20,T,3267
11668,10,F,3268
11669,69,T,3269
11670,45,T,3270
11671,88,F,3271
11672,37,T,3272
11673,18,T,3273
11674,83,F,3274
11675,28,T,3275
11676,3,F,3276
11677,12,T,3277
11678,21,T,3278
11679,50,F,3279
11680,69,T,3280
11681,35,F,3281
11682,36,F,3282
11683,12,F,3283
11684,92,F,3284
11685,12,F,3285
11686,23,T,3286
11687,43,T,3287
11688,63,F,3288
11689,32,F,3289
11690,58,F,3290
11691,50,F,3291
11692,61,T,3292
11693,15,F,3293
11694,40,T,3294
11695,2,F,3295
11696,90,T,3296
11697,60,T,3297
11698,60,T,3298
11699,74,T,3299
11700,11,T,3300
11701,23,F,3301
11702,66,F,3302
11703,54,T,3303
11704,1,T,3304
11705,5,T,3305
11706,11,T,3306
11707,80,F,3307
11708,26,F,3308
11709,2,T,3309
11710,46,T,3310
11711,20,F,3311
11712,94,F,3312
11713,29,T,3313
11714,97,T,3314
11715,61,T,3315
11716,46,T,3316
11717,42,T,3317
11718,70,F,3318
11719,30,T,3319
11720,64,T,3320
11721,72,F,3321
11722,14,T,3322
11723,42,T,3323
11724,53,F,3324
11725,32,T,3325
11726,37,F,3326
11727,80,F,3327
11728,64,F,3328
11729,6,F,3329
11730,56,F,3330
11731,38,F,3331
11732,57,T,3332
11733,76,F,3333
11734,94,F,3334
11735,49,T,3335
11736,9,F,3336
11737,17,F,3337
11738,94,F,3338
11739,85,T,3339
11740,15,T,3340
11741,79,T,3341
11742,57,T,3342
11743,71,F,3343
11744,89,T,3344
11745,40,F,3345
11746,83,F,3346
11747,43,T,3347
11748,29,F,3348
11749,47,F,3349
11750,40,T,3350
11751,56,F,3351
11752,62,F,3352
11753,98,T,3353
11754,87,F,3354
11755,54,F,3355
11756,33,F,3356
11757,5,T,3357
11758,79,T,3358
11759,83,T,3359
11760,32,F,3360
11761,56,F,3361
11762,21,T,3362
11763,11,T,3363
11764,87,T,3364
11765,31,T,3365
11766,49,F,3366
11767,66,F,3367
11768,48,F,3368
11769,28,T,3369
11770,31,T,3370
11771,57,T,3371
11772,75,T,3372
11773,18,F,3373
11774,45,T,3374
11775,32,F,3375
11776,40,T,3376
11777,91,F,3377
11778,64,T,3378
11779,71,T,3379
11780,89,F,3380
11781,74,F,3381
11782,57,F,3382
11783,64,F,3383
11784,82,F,3384
11785,17,F,3385
11786,70,T,3386
11787,98,F,3387
11788,86,F,3388
11789,63,F,3389
11790,77,T,3390
11791,55,T,3391
11792,62,F,3392
11793,36,F,3393
11794,4,T,3394
11795,98,T,3395
11796,44,T,3396
11797,87,T,3397
11798,63,F,3398
11799,84,F,3399
11800,70,F,3400
11801,30,T,3401
11802,21,F,3402
11803,57,F,3403
11804,44,T,3404
11805,81,F,3405
11806,11,T,3406
11807,75,T,3407
11808,61,F,3408
11809,95,T,3409
11810,54,F,3410
11811,84,F,3411
11812,81,T,3412
11813,36,F,3413
11814,43,F,3414
11815,97,F,3415
11816,35,T,3416
11817,85,F,3417
11818,21,F,3418
11819,34,F,3419
11820,74,T,3420
11821,89,T,3421
11822,75,T,3422
11823,99,T,3423
11824,24,F,3424
11825,75,T,3425
11826,15,T,3426
11827,33,F,3427
11828,47,F,3428
11829,34,T,3429
11830,77,T,3430
11831,41,T,3431
11832,7,T,3432
11833,4,T,3433
11834,100,T,3434
11835,29,F,3435
11836,40,F,3436
11837,3,F,3437
11838,84,T,3438
11839,97,T,3439
11840,15,F,3440
11841,67,F,3441
11842,22,T,3442
11843,66,T,3443
11844,77,F,3444
11845,94,F,3445
11846,13,T,3446
11847,23,F,3447
11848,16,T,3448
11849,32,T,3449
11850,42,T,3450
11851,24,F,3451
11852,96,F,3452
11853,40,F,3453
11854,34,T,3454
11855,10,T,3455
11856,83,T,3456
11857,69,F,3457
11858,100,F,3458
11859,91,F,3459
11860,38,F,3460
11861,40,T,3461
11862,95,T,3462
11863,76,F,3463
11864,97,T,3464
11865,72,F,3465
11866,6,F,3466
11867,12,F,3467
11868,59,T,3468
11869,58,F,3469
11870,87,T,3470
11871,11,F,3471
11872,66,T,3472
11873,61,T,3473
11874,58,F,3474
11875,72,F,3475
11876,46,F,3476
11877,14,T,3477
11878,3,T,3478
11879,95,F,3479
11880,56,F,3480
11881,41,T,3481
11882,46,F,3482
11883,62,F,3483
11884,20,F,3484
11885,38,F,3485
11886,69,F,3486
11887,1,F,3487
11888,25,F,3488
11889,12,T,3489
11890,56,F,3490
11891,24,T,3491
11892,93,F,3492
11893,79,F,3493
11894,42,F,3494
11895,51,T,3495
11896,55,F,3496
11897,89,F,3497
11898,80,F,3498
11899,42,T,3499
11900,19,T,3500
11901,41,T,3501
11902,58,F,3502
11903,66,F,3503
11904,64,T,3504
11905,22,F,3505
11906,98,T,3506
11907,96,F,3507
11908,13,T,3508
11909,46,F,3509
11910,25,T,3510
11911,22,T,3511
11912,88,T,3512
11913,67,F,3513
11914,18,F,3514
11915,86,T,3515
11916,93,F,3516
11917,15,F,3517
11918,41,F,3518
11919,24,T,3519
11920,100,T,3520
11921,28,F,3521
11922,73,F,3522
11923,11,F,3523
11924,71,F,3524
11925,88,T,3525
11926,14,T,3526
11927,31,T,3527
11928,47,F,3528
11929,71,F,3529
11930,94,T,3530
11931,46,F,3531
11932,39,F,3532
11933,71,F,3533
11934,92,T,3534
11935,36,F,3535
11936,94,T,3536
11937,98,F,3537
11938,48,F,3538
11939,56,F,3539
11940,7,F,3540
11941,59,F,3541
11942,62,F,3542
11943,29,F,3543
11944,36,F,3544
11945,1,F,3545
11946,62,F,3546
11947,29,F,3547
11948,68,F,3548
11949,67,T,3549
11950,16,F,3550
11951,9,T,3551
11952,17,F,3552
11953,16,T,3553
11954,8,F,3554
11955,19,T,3555
11956,92,F,3556
11957,73,T,3557
11958,20,T,3558
11959,35,T,3559
11960,2,T,3560
11961,28,T,3561
11962,80,F,3562
11963,28,T,3563
11964,83,T,3564
11965,31,T,3565
11966,55,T,3566
11967,9,F,3567
11968,48,T,3568
11969,5,T,3569
11970,8,F,3570
11971,74,T,3571
11972,7,F,3572
11973,59,T,3573
11974,53,T,3574
11975,18,T,3575
11976,11,T,3576
11977,77,F,3577
11978,27,F,3578
11979,74,F,3579
11980,62,T,3580
11981,10,T,3581
11982,38,F,3582
11983,37,T,3583
11984,13,F,3584
11985,61,T,3585
11986,10,F,3586
11987,1,F,3587
11988,48,T,3588
11989,5,F,3589
11990,35,T,3590
11991,42,T,3591
11992,40,T,3592
11993,51,F,3593
11994,15,F,3594
11995,58,F,3595
11996,3,T,3596
11997,34,T,3597
11998,14,F,3598
11999,76,T,3599
12000,18,F,3600
