id,id_ips,habilitado,id_consulta_urgencia
1201,70,F,1
1202,87,F,2
1203,41,T,3
1204,30,T,4
1205,84,T,5
1206,32,F,6
1207,57,T,7
1208,56,F,8
1209,78,F,9
1210,56,T,10
1211,70,F,11
1212,96,F,12
1213,94,F,13
1214,74,T,14
1215,7,T,15
1216,91,T,16
1217,22,F,17
1218,40,T,18
1219,47,T,19
1220,66,T,20
1221,40,F,21
1222,82,T,22
1223,51,F,23
1224,2,F,24
1225,8,T,25
1226,47,T,26
1227,9,F,27
1228,99,T,28
1229,20,F,29
1230,45,T,30
1231,96,T,31
1232,83,F,32
1233,96,F,33
1234,84,F,34
1235,5,F,35
1236,52,T,36
1237,16,F,37
1238,60,T,38
1239,22,F,39
1240,42,T,40
1241,54,T,41
1242,23,F,42
1243,66,F,43
1244,74,T,44
1245,96,F,45
1246,75,F,46
1247,1,F,47
1248,63,T,48
1249,41,F,49
1250,35,T,50
1251,40,F,51
1252,49,T,52
1253,67,F,53
1254,9,T,54
1255,58,T,55
1256,6,T,56
1257,74,F,57
1258,62,F,58
1259,74,F,59
1260,68,F,60
1261,59,T,61
1262,79,T,62
1263,73,F,63
1264,96,T,64
1265,33,F,65
1266,19,T,66
1267,66,F,67
1268,42,T,68
1269,47,F,69
1270,38,T,70
1271,52,F,71
1272,27,T,72
1273,5,T,73
1274,52,T,74
1275,19,T,75
1276,94,F,76
1277,44,T,77
1278,9,F,78
1279,18,F,79
1280,15,F,80
1281,43,T,81
1282,100,T,82
1283,28,T,83
1284,24,T,84
1285,71,F,85
1286,43,F,86
1287,52,T,87
1288,67,T,88
1289,67,T,89
1290,77,F,90
1291,25,T,91
1292,54,T,92
1293,9,T,93
1294,72,F,94
1295,27,F,95
1296,76,F,96
1297,60,F,97
1298,98,T,98
1299,84,T,99
1300,11,F,100
1301,81,T,101
1302,83,T,102
1303,72,T,103
1304,37,T,104
1305,38,T,105
1306,91,T,106
1307,80,T,107
1308,73,F,108
1309,48,F,109
1310,93,F,110
1311,70,T,111
1312,11,F,112
1313,79,F,113
1314,3,F,114
1315,11,T,115
1316,31,T,116
1317,27,T,117
1318,64,T,118
1319,73,F,119
1320,27,F,120
1321,57,T,121
1322,96,F,122
1323,5,F,123
1324,1,T,124
1325,80,F,125
1326,43,T,126
1327,75,F,127
1328,63,T,128
1329,91,F,129
1330,82,F,130
1331,77,T,131
1332,35,F,132
1333,81,F,133
1334,100,T,134
1335,15,F,135
1336,47,F,136
1337,91,F,137
1338,5,T,138
1339,54,T,139
1340,78,T,140
1341,32,T,141
1342,92,T,142
1343,78,T,143
1344,28,F,144
1345,32,T,145
1346,5,F,146
1347,9,F,147
1348,2,F,148
1349,46,F,149
1350,22,T,150
1351,72,T,151
1352,4,F,152
1353,77,F,153
1354,95,T,154
1355,56,T,155
1356,11,F,156
1357,18,F,157
1358,27,F,158
1359,48,T,159
1360,15,F,160
1361,69,F,161
1362,42,T,162
1363,60,T,163
1364,82,F,164
1365,20,F,165
1366,92,T,166
1367,77,T,167
1368,22,T,168
1369,17,T,169
1370,89,F,170
1371,2,T,171
1372,13,F,172
1373,19,T,173
1374,71,T,174
1375,90,F,175
1376,6,F,176
1377,45,F,177
1378,49,T,178
1379,72,T,179
1380,7,T,180
1381,76,F,181
1382,43,T,182
1383,17,F,183
1384,10,T,184
1385,50,F,185
1386,64,F,186
1387,48,T,187
1388,22,T,188
1389,69,F,189
1390,43,T,190
1391,96,F,191
1392,9,T,192
1393,2,F,193
1394,46,F,194
1395,82,F,195
1396,94,T,196
1397,21,T,197
1398,43,T,198
1399,35,F,199
1400,60,F,200
1401,29,F,201
1402,31,F,202
1403,37,T,203
1404,53,T,204
1405,92,F,205
1406,34,T,206
1407,57,F,207
1408,3,T,208
1409,6,T,209
1410,68,F,210
1411,89,F,211
1412,4,T,212
1413,82,T,213
1414,75,F,214
1415,20,T,215
1416,97,F,216
1417,40,F,217
1418,69,T,218
1419,22,F,219
1420,82,T,220
1421,95,F,221
1422,19,T,222
1423,30,F,223
1424,11,T,224
1425,12,T,225
1426,31,F,226
1427,89,T,227
1428,83,T,228
1429,79,T,229
1430,33,T,230
1431,35,F,231
1432,75,T,232
1433,61,F,233
1434,19,F,234
1435,73,T,235
1436,52,T,236
1437,39,T,237
1438,64,T,238
1439,55,F,239
1440,96,T,240
1441,50,F,241
1442,2,T,242
1443,68,T,243
1444,34,F,244
1445,99,F,245
1446,61,T,246
1447,37,F,247
1448,70,F,248
1449,20,F,249
1450,82,F,250
1451,61,T,251
1452,51,T,252
1453,84,F,253
1454,10,F,254
1455,4,F,255
1456,23,T,256
1457,3,F,257
1458,76,F,258
1459,40,T,259
1460,14,F,260
1461,38,F,261
1462,8,T,262
1463,67,F,263
1464,100,F,264
1465,20,F,265
1466,18,F,266
1467,3,T,267
1468,99,F,268
1469,41,T,269
1470,27,F,270
1471,56,F,271
1472,1,T,272
1473,82,F,273
1474,32,T,274
1475,57,F,275
1476,56,T,276
1477,17,F,277
1478,79,T,278
1479,40,T,279
1480,59,T,280
1481,86,F,281
1482,46,F,282
1483,64,T,283
1484,36,T,284
1485,51,T,285
1486,16,T,286
1487,77,T,287
1488,6,T,288
1489,41,F,289
1490,81,T,290
1491,12,F,291
1492,78,T,292
1493,34,T,293
1494,45,T,294
1495,34,T,295
1496,63,T,296
1497,81,F,297
1498,46,F,298
1499,49,F,299
1500,76,F,300
1501,28,T,301
1502,65,F,302
1503,8,T,303
1504,65,T,304
1505,62,F,305
1506,39,T,306
1507,48,F,307
1508,56,F,308
1509,80,T,309
1510,3,T,310
1511,63,F,311
1512,4,T,312
1513,4,F,313
1514,43,F,314
1515,84,T,315
1516,69,T,316
1517,74,T,317
1518,25,T,318
1519,44,T,319
1520,80,T,320
1521,85,T,321
1522,77,T,322
1523,84,F,323
1524,42,F,324
1525,95,F,325
1526,54,F,326
1527,60,T,327
1528,7,T,328
1529,8,F,329
1530,63,T,330
1531,56,T,331
1532,8,T,332
1533,100,F,333
1534,31,T,334
1535,11,T,335
1536,61,T,336
1537,4,F,337
1538,26,T,338
1539,31,T,339
1540,54,T,340
1541,72,F,341
1542,99,T,342
1543,70,F,343
1544,7,T,344
1545,42,T,345
1546,10,F,346
1547,27,T,347
1548,2,T,348
1549,65,T,349
1550,88,F,350
1551,46,T,351
1552,98,T,352
1553,85,F,353
1554,34,T,354
1555,69,F,355
1556,66,T,356
1557,64,F,357
1558,53,T,358
1559,38,T,359
1560,2,F,360
1561,4,T,361
1562,71,T,362
1563,34,T,363
1564,58,F,364
1565,36,F,365
1566,70,T,366
1567,75,T,367
1568,44,T,368
1569,18,F,369
1570,46,F,370
1571,92,F,371
1572,36,T,372
1573,81,F,373
1574,73,F,374
1575,26,F,375
1576,38,F,376
1577,2,F,377
1578,54,T,378
1579,86,F,379
1580,91,F,380
1581,53,T,381
1582,36,T,382
1583,75,T,383
1584,43,F,384
1585,8,T,385
1586,54,F,386
1587,97,F,387
1588,77,F,388
1589,39,T,389
1590,47,T,390
1591,13,F,391
1592,16,F,392
1593,12,F,393
1594,69,T,394
1595,94,F,395
1596,44,F,396
1597,8,F,397
1598,15,F,398
1599,89,F,399
1600,35,F,400
1601,39,T,401
1602,24,F,402
1603,52,T,403
1604,18,F,404
1605,97,F,405
1606,3,T,406
1607,2,F,407
1608,94,T,408
1609,60,F,409
1610,44,T,410
1611,28,T,411
1612,26,F,412
1613,46,F,413
1614,23,T,414
1615,34,F,415
1616,100,F,416
1617,94,T,417
1618,20,F,418
1619,22,F,419
1620,5,F,420
1621,28,T,421
1622,30,T,422
1623,97,T,423
1624,66,F,424
1625,3,T,425
1626,43,T,426
1627,41,T,427
1628,68,T,428
1629,67,F,429
1630,90,F,430
1631,32,F,431
1632,37,F,432
1633,9,T,433
1634,63,F,434
1635,59,T,435
1636,34,T,436
1637,8,T,437
1638,13,F,438
1639,68,T,439
1640,84,F,440
1641,53,F,441
1642,85,F,442
1643,99,F,443
1644,54,F,444
1645,80,T,445
1646,99,T,446
1647,41,F,447
1648,2,T,448
1649,91,T,449
1650,17,F,450
1651,78,T,451
1652,27,T,452
1653,2,F,453
1654,22,F,454
1655,60,T,455
1656,22,T,456
1657,51,F,457
1658,46,T,458
1659,58,F,459
1660,41,T,460
1661,11,T,461
1662,68,T,462
1663,18,T,463
1664,97,F,464
1665,33,T,465
1666,20,F,466
1667,37,F,467
1668,96,F,468
1669,29,T,469
1670,78,T,470
1671,87,F,471
1672,40,T,472
1673,20,T,473
1674,88,T,474
1675,58,T,475
1676,7,T,476
1677,84,T,477
1678,10,F,478
1679,29,T,479
1680,7,F,480
1681,78,T,481
1682,37,F,482
1683,60,T,483
1684,46,T,484
1685,71,T,485
1686,67,F,486
1687,1,T,487
1688,42,T,488
1689,75,F,489
1690,28,T,490
1691,33,F,491
1692,54,T,492
1693,83,T,493
1694,99,T,494
1695,25,T,495
1696,54,T,496
1697,48,T,497
1698,17,F,498
1699,58,T,499
1700,40,F,500
1701,64,T,501
1702,15,T,502
1703,35,T,503
1704,98,T,504
1705,26,T,505
1706,80,F,506
1707,86,F,507
1708,76,T,508
1709,8,F,509
1710,33,F,510
1711,92,F,511
1712,96,F,512
1713,56,T,513
1714,98,T,514
1715,13,T,515
1716,17,F,516
1717,89,T,517
1718,43,T,518
1719,34,F,519
1720,50,F,520
1721,32,T,521
1722,98,T,522
1723,63,F,523
1724,92,T,524
1725,78,T,525
1726,83,F,526
1727,19,T,527
1728,19,F,528
1729,47,T,529
1730,4,T,530
1731,80,F,531
1732,31,F,532
1733,76,T,533
1734,74,T,534
1735,81,F,535
1736,45,F,536
1737,23,F,537
1738,79,F,538
1739,87,T,539
1740,1,T,540
1741,5,T,541
1742,12,T,542
1743,75,T,543
1744,63,T,544
1745,31,T,545
1746,98,F,546
1747,60,F,547
1748,72,F,548
1749,19,T,549
1750,11,F,550
1751,23,F,551
1752,28,T,552
1753,38,T,553
1754,98,F,554
1755,44,F,555
1756,41,T,556
1757,66,F,557
1758,21,T,558
1759,90,T,559
1760,27,F,560
1761,82,T,561
1762,34,T,562
1763,62,T,563
1764,6,F,564
1765,89,F,565
1766,20,F,566
1767,93,F,567
1768,84,T,568
1769,52,F,569
1770,63,T,570
1771,44,F,571
1772,46,F,572
1773,47,T,573
1774,32,T,574
1775,76,F,575
1776,76,F,576
1777,54,T,577
1778,50,T,578
1779,91,T,579
1780,77,T,580
1781,67,T,581
1782,22,F,582
1783,32,T,583
1784,69,T,584
1785,33,T,585
1786,1,T,586
1787,100,F,587
1788,29,T,588
1789,22,F,589
1790,10,F,590
1791,21,T,591
1792,5,T,592
1793,29,F,593
1794,98,T,594
1795,6,T,595
1796,9,T,596
1797,10,F,597
1798,18,T,598
1799,7,F,599
1800,33,T,600
1801,67,F,601
1802,83,F,602
1803,61,T,603
1804,38,T,604
1805,13,T,605
1806,22,F,606
1807,97,F,607
1808,65,F,608
1809,43,T,609
1810,38,T,610
1811,35,T,611
1812,84,T,612
1813,92,F,613
1814,42,T,614
1815,72,T,615
1816,32,F,616
1817,15,T,617
1818,12,F,618
1819,99,T,619
1820,50,F,620
1821,22,F,621
1822,100,T,622
1823,49,F,623
1824,4,F,624
1825,12,F,625
1826,7,F,626
1827,71,T,627
1828,38,T,628
1829,60,T,629
1830,15,T,630
1831,27,F,631
1832,88,T,632
1833,79,T,633
1834,54,F,634
1835,57,F,635
1836,70,F,636
1837,32,T,637
1838,3,T,638
1839,36,T,639
1840,91,T,640
1841,26,F,641
1842,12,F,642
1843,35,F,643
1844,70,T,644
1845,66,T,645
1846,46,T,646
1847,79,F,647
1848,51,T,648
1849,93,F,649
1850,67,T,650
1851,29,F,651
1852,61,T,652
1853,47,F,653
1854,62,F,654
1855,20,T,655
1856,34,T,656
1857,30,F,657
1858,37,T,658
1859,33,F,659
1860,95,T,660
1861,12,F,661
1862,63,T,662
1863,14,F,663
1864,43,T,664
1865,22,T,665
1866,60,T,666
1867,63,T,667
1868,60,F,668
1869,88,F,669
1870,36,T,670
1871,12,F,671
1872,63,F,672
1873,84,T,673
1874,77,T,674
1875,82,F,675
1876,46,T,676
1877,54,T,677
1878,61,F,678
1879,60,F,679
1880,90,T,680
1881,94,F,681
1882,5,T,682
1883,29,T,683
1884,21,F,684
1885,47,F,685
1886,68,F,686
1887,3,T,687
1888,32,T,688
1889,27,T,689
1890,91,F,690
1891,53,F,691
1892,83,F,692
1893,100,F,693
1894,21,T,694
1895,79,T,695
1896,71,T,696
1897,25,T,697
1898,49,T,698
1899,87,T,699
1900,89,T,700
1901,20,T,701
1902,40,F,702
1903,44,T,703
1904,16,F,704
1905,80,T,705
1906,92,T,706
1907,36,T,707
1908,84,T,708
1909,85,F,709
1910,21,T,710
1911,86,T,711
1912,43,T,712
1913,62,F,713
1914,35,T,714
1915,35,T,715
1916,70,T,716
1917,26,T,717
1918,39,T,718
1919,80,F,719
1920,63,F,720
1921,93,T,721
1922,65,F,722
1923,48,T,723
1924,98,F,724
1925,35,T,725
1926,99,T,726
1927,67,F,727
1928,17,F,728
1929,67,F,729
1930,11,T,730
1931,91,F,731
1932,30,F,732
1933,26,F,733
1934,94,F,734
1935,98,T,735
1936,96,T,736
1937,16,T,737
1938,59,F,738
1939,68,F,739
1940,85,F,740
1941,38,T,741
1942,33,F,742
1943,34,T,743
1944,80,F,744
1945,46,T,745
1946,75,F,746
1947,12,F,747
1948,59,F,748
1949,50,F,749
1950,77,T,750
1951,78,F,751
1952,92,F,752
1953,87,F,753
1954,35,T,754
1955,60,T,755
1956,98,T,756
1957,57,T,757
1958,62,T,758
1959,43,T,759
1960,49,T,760
1961,30,T,761
1962,65,T,762
1963,46,F,763
1964,89,T,764
1965,26,F,765
1966,30,F,766
1967,34,F,767
1968,11,T,768
1969,94,F,769
1970,10,F,770
1971,85,T,771
1972,3,F,772
1973,51,F,773
1974,43,T,774
1975,60,F,775
1976,89,T,776
1977,10,T,777
1978,73,T,778
1979,63,T,779
1980,62,F,780
1981,43,F,781
1982,94,F,782
1983,12,F,783
1984,79,F,784
1985,7,T,785
1986,40,T,786
1987,92,T,787
1988,88,T,788
1989,79,T,789
1990,82,T,790
1991,28,T,791
1992,77,T,792
1993,19,F,793
1994,88,F,794
1995,32,F,795
1996,42,T,796
1997,38,T,797
1998,74,F,798
1999,37,T,799
2000,51,T,800
2001,67,F,801
2002,57,T,802
2003,4,F,803
2004,32,F,804
2005,51,T,805
2006,9,F,806
2007,28,T,807
2008,25,F,808
2009,72,F,809
2010,24,F,810
2011,65,F,811
2012,66,F,812
2013,45,T,813
2014,60,F,814
2015,1,F,815
2016,73,T,816
2017,4,T,817
2018,32,F,818
2019,12,F,819
2020,1,F,820
2021,45,F,821
2022,17,T,822
2023,19,T,823
2024,6,T,824
2025,93,T,825
2026,62,T,826
2027,36,T,827
2028,59,F,828
2029,82,F,829
2030,96,T,830
2031,94,F,831
2032,95,F,832
2033,31,F,833
2034,83,T,834
2035,58,F,835
2036,48,T,836
2037,21,T,837
2038,44,F,838
2039,14,F,839
2040,28,F,840
2041,10,T,841
2042,76,T,842
2043,28,T,843
2044,9,F,844
2045,9,F,845
2046,12,F,846
2047,77,F,847
2048,46,F,848
2049,29,F,849
2050,51,F,850
2051,96,T,851
2052,25,T,852
2053,13,F,853
2054,53,T,854
2055,73,F,855
2056,90,T,856
2057,80,F,857
2058,6,T,858
2059,45,F,859
2060,29,F,860
2061,45,F,861
2062,53,T,862
2063,100,T,863
2064,97,T,864
2065,5,T,865
2066,86,F,866
2067,87,F,867
2068,38,F,868
2069,84,F,869
2070,71,T,870
2071,86,F,871
2072,41,T,872
2073,36,T,873
2074,25,F,874
2075,4,T,875
2076,81,F,876
2077,30,F,877
2078,88,F,878
2079,30,F,879
2080,82,T,880
2081,76,T,881
2082,24,F,882
2083,4,T,883
2084,51,F,884
2085,39,T,885
2086,19,T,886
2087,73,T,887
2088,39,F,888
2089,33,F,889
2090,60,T,890
2091,60,T,891
2092,4,T,892
2093,34,T,893
2094,51,T,894
2095,15,F,895
2096,11,T,896
2097,88,F,897
2098,95,T,898
2099,63,T,899
2100,66,F,900
2101,26,T,901
2102,43,F,902
2103,96,F,903
2104,16,F,904
2105,87,T,905
2106,49,T,906
2107,56,F,907
2108,79,F,908
2109,46,F,909
2110,14,T,910
2111,100,T,911
2112,62,F,912
2113,27,F,913
2114,1,T,914
2115,52,T,915
2116,19,T,916
2117,51,T,917
2118,4,F,918
2119,39,T,919
2120,94,F,920
2121,7,T,921
2122,53,T,922
2123,99,T,923
2124,93,F,924
2125,36,T,925
2126,47,F,926
2127,86,T,927
2128,19,F,928
2129,40,T,929
2130,25,F,930
2131,50,F,931
2132,63,T,932
2133,54,F,933
2134,14,T,934
2135,84,T,935
2136,90,F,936
2137,89,F,937
2138,84,T,938
2139,82,F,939
2140,95,T,940
2141,88,F,941
2142,59,T,942
2143,25,T,943
2144,81,T,944
2145,91,T,945
2146,84,F,946
2147,29,T,947
2148,55,F,948
2149,45,F,949
2150,14,F,950
2151,22,F,951
2152,27,F,952
2153,80,F,953
2154,8,F,954
2155,12,F,955
2156,81,T,956
2157,52,T,957
2158,96,T,958
2159,19,T,959
2160,25,T,960
2161,88,T,961
2162,61,F,962
2163,83,T,963
2164,33,T,964
2165,79,F,965
2166,95,F,966
2167,7,F,967
2168,52,T,968
2169,4,T,969
2170,89,T,970
2171,90,F,971
2172,70,T,972
2173,81,T,973
2174,83,F,974
2175,94,F,975
2176,12,F,976
2177,13,F,977
2178,92,F,978
2179,43,T,979
2180,33,F,980
2181,4,F,981
2182,71,F,982
2183,61,T,983
2184,72,F,984
2185,56,T,985
2186,99,T,986
2187,61,F,987
2188,87,F,988
2189,51,T,989
2190,14,F,990
2191,18,T,991
2192,37,T,992
2193,61,F,993
2194,83,F,994
2195,49,T,995
2196,4,F,996
2197,25,T,997
2198,64,F,998
2199,6,F,999
2200,68,T,1000
2201,57,F,1001
2202,33,F,1002
2203,58,F,1003
2204,10,T,1004
2205,55,F,1005
2206,11,T,1006
2207,33,T,1007
2208,63,F,1008
2209,91,T,1009
2210,25,F,1010
2211,44,T,1011
2212,1,T,1012
2213,97,T,1013
2214,72,T,1014
2215,91,F,1015
2216,100,T,1016
2217,53,T,1017
2218,74,F,1018
2219,52,F,1019
2220,29,F,1020
2221,50,F,1021
2222,1,F,1022
2223,76,F,1023
2224,9,F,1024
2225,8,T,1025
2226,88,F,1026
2227,37,F,1027
2228,69,T,1028
2229,83,F,1029
2230,69,T,1030
2231,7,T,1031
2232,27,F,1032
2233,89,F,1033
2234,23,T,1034
2235,16,T,1035
2236,61,F,1036
2237,28,F,1037
2238,99,T,1038
2239,4,F,1039
2240,28,F,1040
2241,80,F,1041
2242,9,T,1042
2243,32,F,1043
2244,67,T,1044
2245,30,F,1045
2246,22,T,1046
2247,60,F,1047
2248,81,F,1048
2249,45,T,1049
2250,90,F,1050
2251,53,F,1051
2252,63,F,1052
2253,27,F,1053
2254,16,T,1054
2255,69,T,1055
2256,62,T,1056
2257,1,T,1057
2258,34,F,1058
2259,87,T,1059
2260,40,T,1060
2261,35,T,1061
2262,39,T,1062
2263,91,T,1063
2264,10,F,1064
2265,70,T,1065
2266,70,T,1066
2267,69,T,1067
2268,43,F,1068
2269,20,F,1069
2270,30,T,1070
2271,24,F,1071
2272,3,T,1072
2273,22,T,1073
2274,22,F,1074
2275,8,T,1075
2276,77,F,1076
2277,34,T,1077
2278,91,T,1078
2279,17,T,1079
2280,3,T,1080
2281,2,F,1081
2282,1,F,1082
2283,32,T,1083
2284,6,F,1084
2285,12,F,1085
2286,55,T,1086
2287,47,T,1087
2288,3,T,1088
2289,2,F,1089
2290,57,T,1090
2291,57,F,1091
2292,66,T,1092
2293,26,T,1093
2294,95,F,1094
2295,55,F,1095
2296,43,F,1096
2297,91,T,1097
2298,17,T,1098
2299,94,T,1099
2300,10,F,1100
2301,9,T,1101
2302,21,F,1102
2303,32,F,1103
2304,91,F,1104
2305,21,T,1105
2306,5,F,1106
2307,49,F,1107
2308,79,F,1108
2309,16,T,1109
2310,48,T,1110
2311,42,T,1111
2312,20,F,1112
2313,62,F,1113
2314,23,F,1114
2315,46,T,1115
2316,8,F,1116
2317,77,F,1117
2318,89,F,1118
2319,77,F,1119
2320,70,F,1120
2321,36,T,1121
2322,62,T,1122
2323,13,T,1123
2324,44,T,1124
2325,17,T,1125
2326,94,T,1126
2327,81,T,1127
2328,24,F,1128
2329,61,F,1129
2330,45,F,1130
2331,20,F,1131
2332,95,F,1132
2333,62,T,1133
2334,2,F,1134
2335,64,F,1135
2336,48,T,1136
2337,17,T,1137
2338,5,F,1138
2339,15,F,1139
2340,20,F,1140
2341,65,F,1141
2342,13,F,1142
2343,82,F,1143
2344,62,T,1144
2345,19,F,1145
2346,45,F,1146
2347,44,F,1147
2348,99,F,1148
2349,61,T,1149
2350,11,F,1150
2351,26,T,1151
2352,90,T,1152
2353,89,F,1153
2354,87,T,1154
2355,10,T,1155
2356,77,F,1156
2357,56,T,1157
2358,64,F,1158
2359,24,F,1159
2360,41,T,1160
2361,22,F,1161
2362,84,F,1162
2363,90,T,1163
2364,95,F,1164
2365,10,T,1165
2366,17,F,1166
2367,51,T,1167
2368,97,F,1168
2369,2,T,1169
2370,56,F,1170
2371,81,F,1171
2372,90,F,1172
2373,4,T,1173
2374,38,T,1174
2375,88,F,1175
2376,49,F,1176
2377,72,F,1177
2378,53,T,1178
2379,90,F,1179
2380,1,T,1180
2381,36,F,1181
2382,60,F,1182
2383,97,T,1183
2384,80,T,1184
2385,55,T,1185
2386,32,F,1186
2387,15,T,1187
2388,50,F,1188
2389,100,T,1189
2390,59,F,1190
2391,28,F,1191
2392,37,F,1192
2393,35,T,1193
2394,78,F,1194
2395,69,T,1195
2396,12,F,1196
2397,97,F,1197
2398,4,F,1198
2399,77,T,1199
2400,42,T,1200
2401,100,T,1201
2402,14,T,1202
2403,73,T,1203
2404,54,T,1204
2405,68,F,1205
2406,95,T,1206
2407,30,F,1207
2408,1,F,1208
2409,93,T,1209
2410,94,T,1210
2411,19,T,1211
2412,88,F,1212
2413,38,T,1213
2414,89,F,1214
2415,22,F,1215
2416,90,F,1216
2417,68,T,1217
2418,22,T,1218
2419,36,F,1219
2420,28,T,1220
2421,98,T,1221
2422,11,F,1222
2423,39,T,1223
2424,78,F,1224
2425,30,F,1225
2426,73,T,1226
2427,45,F,1227
2428,56,T,1228
2429,65,T,1229
2430,30,F,1230
2431,81,T,1231
2432,97,F,1232
2433,95,T,1233
2434,63,T,1234
2435,60,T,1235
2436,51,T,1236
2437,26,T,1237
2438,63,T,1238
2439,70,T,1239
2440,89,F,1240
2441,43,F,1241
2442,55,T,1242
2443,21,F,1243
2444,17,F,1244
2445,82,F,1245
2446,42,F,1246
2447,2,F,1247
2448,46,T,1248
2449,52,T,1249
2450,36,T,1250
2451,81,F,1251
2452,15,F,1252
2453,67,T,1253
2454,7,F,1254
2455,16,T,1255
2456,88,F,1256
2457,10,F,1257
2458,37,F,1258
2459,76,F,1259
2460,15,F,1260
2461,72,T,1261
2462,88,T,1262
2463,71,F,1263
2464,38,F,1264
2465,12,T,1265
2466,38,T,1266
2467,57,F,1267
2468,93,T,1268
2469,53,T,1269
2470,66,T,1270
2471,56,F,1271
2472,61,T,1272
2473,34,T,1273
2474,10,T,1274
2475,69,F,1275
2476,26,F,1276
2477,96,F,1277
2478,23,T,1278
2479,89,F,1279
2480,85,F,1280
2481,24,F,1281
2482,19,T,1282
2483,34,F,1283
2484,86,F,1284
2485,23,T,1285
2486,12,T,1286
2487,24,F,1287
2488,53,T,1288
2489,77,T,1289
2490,68,T,1290
2491,2,T,1291
2492,21,T,1292
2493,27,F,1293
2494,26,F,1294
2495,48,T,1295
2496,57,T,1296
2497,63,F,1297
2498,54,F,1298
2499,51,T,1299
2500,9,F,1300
2501,60,T,1301
2502,4,F,1302
2503,67,F,1303
2504,61,F,1304
2505,96,F,1305
2506,98,T,1306
2507,84,F,1307
2508,20,F,1308
2509,22,F,1309
2510,38,F,1310
2511,27,F,1311
2512,97,F,1312
2513,34,T,1313
2514,89,F,1314
2515,75,T,1315
2516,2,F,1316
2517,77,T,1317
2518,77,T,1318
2519,30,F,1319
2520,33,T,1320
2521,12,F,1321
2522,32,T,1322
2523,14,F,1323
2524,3,T,1324
2525,38,F,1325
2526,2,T,1326
2527,39,F,1327
2528,42,F,1328
2529,93,F,1329
2530,73,T,1330
2531,93,T,1331
2532,46,T,1332
2533,13,F,1333
2534,33,T,1334
2535,78,T,1335
2536,87,T,1336
2537,78,T,1337
2538,94,F,1338
2539,98,F,1339
2540,67,F,1340
2541,85,T,1341
2542,40,F,1342
2543,34,T,1343
2544,79,T,1344
2545,91,T,1345
2546,2,F,1346
2547,3,F,1347
2548,14,F,1348
2549,78,T,1349
2550,28,F,1350
2551,22,F,1351
2552,59,T,1352
2553,25,F,1353
2554,85,T,1354
2555,43,F,1355
2556,81,T,1356
2557,90,T,1357
2558,32,F,1358
2559,15,F,1359
2560,68,F,1360
2561,19,T,1361
2562,24,F,1362
2563,58,T,1363
2564,44,T,1364
2565,95,F,1365
2566,59,F,1366
2567,90,F,1367
2568,95,F,1368
2569,23,T,1369
2570,42,F,1370
2571,70,T,1371
2572,25,F,1372
2573,86,F,1373
2574,84,T,1374
2575,26,F,1375
2576,1,F,1376
2577,27,F,1377
2578,39,F,1378
2579,45,F,1379
2580,100,T,1380
2581,51,F,1381
2582,46,T,1382
2583,88,F,1383
2584,69,T,1384
2585,19,T,1385
2586,60,T,1386
2587,15,T,1387
2588,6,T,1388
2589,67,F,1389
2590,93,T,1390
2591,41,T,1391
2592,75,T,1392
2593,8,F,1393
2594,89,T,1394
2595,33,T,1395
2596,15,F,1396
2597,23,F,1397
2598,15,T,1398
2599,7,T,1399
2600,71,F,1400
2601,9,F,1401
2602,1,T,1402
2603,3,T,1403
2604,8,T,1404
2605,8,F,1405
2606,99,F,1406
2607,67,T,1407
2608,38,F,1408
2609,69,F,1409
2610,79,F,1410
2611,63,T,1411
2612,18,F,1412
2613,90,F,1413
2614,85,T,1414
2615,6,T,1415
2616,46,F,1416
2617,17,T,1417
2618,35,T,1418
2619,59,T,1419
2620,80,F,1420
2621,53,T,1421
2622,82,T,1422
2623,62,T,1423
2624,74,T,1424
2625,72,F,1425
2626,68,F,1426
2627,98,T,1427
2628,84,F,1428
2629,49,F,1429
2630,23,F,1430
2631,72,T,1431
2632,25,T,1432
2633,82,F,1433
2634,71,F,1434
2635,51,F,1435
2636,80,T,1436
2637,19,F,1437
2638,30,T,1438
2639,92,F,1439
2640,24,F,1440
2641,70,F,1441
2642,96,F,1442
2643,48,F,1443
2644,29,F,1444
2645,16,T,1445
2646,56,T,1446
2647,98,F,1447
2648,54,F,1448
2649,63,F,1449
2650,24,F,1450
2651,39,F,1451
2652,76,T,1452
2653,61,F,1453
2654,55,T,1454
2655,71,T,1455
2656,90,T,1456
2657,16,F,1457
2658,53,F,1458
2659,86,T,1459
2660,99,T,1460
2661,96,T,1461
2662,9,T,1462
2663,9,F,1463
2664,28,T,1464
2665,2,T,1465
2666,63,F,1466
2667,93,F,1467
2668,4,T,1468
2669,100,T,1469
2670,19,T,1470
2671,88,T,1471
2672,39,T,1472
2673,17,F,1473
2674,4,T,1474
2675,51,T,1475
2676,38,F,1476
2677,92,F,1477
2678,57,T,1478
2679,96,F,1479
2680,40,F,1480
2681,43,F,1481
2682,88,F,1482
2683,17,T,1483
2684,53,F,1484
2685,69,T,1485
2686,32,F,1486
2687,75,F,1487
2688,85,T,1488
2689,41,F,1489
2690,59,F,1490
2691,80,F,1491
2692,91,F,1492
2693,9,F,1493
2694,84,T,1494
2695,75,F,1495
2696,84,T,1496
2697,36,F,1497
2698,54,F,1498
2699,36,T,1499
2700,53,F,1500
2701,19,F,1501
2702,63,T,1502
2703,15,F,1503
2704,6,T,1504
2705,17,T,1505
2706,73,T,1506
2707,52,T,1507
2708,86,F,1508
2709,77,F,1509
2710,55,F,1510
2711,55,T,1511
2712,70,F,1512
2713,92,T,1513
2714,79,F,1514
2715,40,T,1515
2716,8,F,1516
2717,40,F,1517
2718,63,T,1518
2719,35,T,1519
2720,31,F,1520
2721,32,T,1521
2722,80,F,1522
2723,28,F,1523
2724,13,T,1524
2725,16,F,1525
2726,82,F,1526
2727,20,F,1527
2728,82,T,1528
2729,60,T,1529
2730,11,F,1530
2731,35,T,1531
2732,9,T,1532
2733,21,T,1533
2734,69,F,1534
2735,96,F,1535
2736,6,F,1536
2737,55,F,1537
2738,24,T,1538
2739,50,F,1539
2740,22,F,1540
2741,56,F,1541
2742,83,T,1542
2743,19,T,1543
2744,42,T,1544
2745,98,T,1545
2746,84,T,1546
2747,75,T,1547
2748,93,F,1548
2749,80,F,1549
2750,14,F,1550
2751,49,T,1551
2752,38,T,1552
2753,84,F,1553
2754,98,F,1554
2755,38,F,1555
2756,67,T,1556
2757,37,F,1557
2758,1,T,1558
2759,16,T,1559
2760,60,F,1560
2761,61,F,1561
2762,63,F,1562
2763,66,T,1563
2764,19,F,1564
2765,100,T,1565
2766,10,F,1566
2767,71,T,1567
2768,49,T,1568
2769,57,F,1569
2770,4,F,1570
2771,15,T,1571
2772,2,F,1572
2773,58,T,1573
2774,56,F,1574
2775,71,T,1575
2776,65,T,1576
2777,29,F,1577
2778,46,F,1578
2779,49,T,1579
2780,40,T,1580
2781,61,T,1581
2782,4,T,1582
2783,37,F,1583
2784,26,F,1584
2785,34,F,1585
2786,13,F,1586
2787,77,T,1587
2788,16,T,1588
2789,52,T,1589
2790,70,F,1590
2791,38,F,1591
2792,91,F,1592
2793,92,F,1593
2794,45,F,1594
2795,40,T,1595
2796,34,F,1596
2797,50,T,1597
2798,56,F,1598
2799,6,F,1599
2800,13,T,1600
2801,99,T,1601
2802,12,F,1602
2803,62,T,1603
2804,38,T,1604
2805,42,T,1605
2806,76,F,1606
2807,85,F,1607
2808,68,F,1608
2809,15,F,1609
2810,42,F,1610
2811,61,F,1611
2812,6,T,1612
2813,97,F,1613
2814,4,F,1614
2815,45,T,1615
2816,24,F,1616
2817,20,T,1617
2818,8,F,1618
2819,91,F,1619
2820,100,F,1620
2821,21,F,1621
2822,56,F,1622
2823,99,T,1623
2824,41,T,1624
2825,45,T,1625
2826,86,F,1626
2827,52,T,1627
2828,85,F,1628
2829,56,T,1629
2830,28,F,1630
2831,30,F,1631
2832,3,T,1632
2833,16,T,1633
2834,95,T,1634
2835,31,T,1635
2836,90,T,1636
2837,92,T,1637
2838,88,T,1638
2839,32,F,1639
2840,82,F,1640
2841,86,T,1641
2842,33,T,1642
2843,51,T,1643
2844,51,F,1644
2845,88,T,1645
2846,10,F,1646
2847,39,F,1647
2848,28,F,1648
2849,5,T,1649
2850,57,T,1650
2851,59,T,1651
2852,35,F,1652
2853,43,F,1653
2854,26,F,1654
2855,1,T,1655
2856,59,T,1656
2857,97,T,1657
2858,70,T,1658
2859,55,T,1659
2860,78,F,1660
2861,27,T,1661
2862,7,F,1662
2863,19,T,1663
2864,63,F,1664
2865,21,F,1665
2866,27,F,1666
2867,2,T,1667
2868,89,F,1668
2869,46,T,1669
2870,79,T,1670
2871,95,F,1671
2872,51,F,1672
2873,52,F,1673
2874,63,T,1674
2875,37,T,1675
2876,36,T,1676
2877,15,F,1677
2878,83,T,1678
2879,75,F,1679
2880,33,F,1680
2881,99,F,1681
2882,48,T,1682
2883,68,T,1683
2884,84,T,1684
2885,47,T,1685
2886,82,F,1686
2887,42,F,1687
2888,66,F,1688
2889,58,T,1689
2890,8,F,1690
2891,33,T,1691
2892,55,F,1692
2893,36,F,1693
2894,97,T,1694
2895,30,F,1695
2896,55,F,1696
2897,59,T,1697
2898,24,F,1698
2899,21,F,1699
2900,10,T,1700
2901,74,F,1701
2902,4,F,1702
2903,38,T,1703
2904,15,F,1704
2905,33,F,1705
2906,40,T,1706
2907,7,F,1707
2908,79,T,1708
2909,36,F,1709
2910,38,F,1710
2911,99,F,1711
2912,12,T,1712
2913,59,F,1713
2914,77,F,1714
2915,100,T,1715
2916,53,F,1716
2917,21,F,1717
2918,40,T,1718
2919,87,F,1719
2920,64,T,1720
2921,48,T,1721
2922,23,F,1722
2923,42,F,1723
2924,94,T,1724
2925,14,T,1725
2926,70,F,1726
2927,39,F,1727
2928,55,F,1728
2929,42,F,1729
2930,98,F,1730
2931,12,T,1731
2932,60,T,1732
2933,100,F,1733
2934,36,F,1734
2935,70,T,1735
2936,81,T,1736
2937,54,T,1737
2938,29,F,1738
2939,23,F,1739
2940,3,F,1740
2941,74,F,1741
2942,94,T,1742
2943,80,T,1743
2944,60,T,1744
2945,72,F,1745
2946,21,T,1746
2947,14,T,1747
2948,69,T,1748
2949,60,T,1749
2950,46,T,1750
2951,59,F,1751
2952,22,F,1752
2953,41,T,1753
2954,29,F,1754
2955,85,T,1755
2956,65,F,1756
2957,18,F,1757
2958,64,T,1758
2959,61,F,1759
2960,6,F,1760
2961,63,F,1761
2962,27,F,1762
2963,83,T,1763
2964,7,T,1764
2965,36,F,1765
2966,23,T,1766
2967,80,F,1767
2968,72,T,1768
2969,40,F,1769
2970,69,F,1770
2971,40,T,1771
2972,30,F,1772
2973,97,F,1773
2974,32,F,1774
2975,23,T,1775
2976,28,T,1776
2977,29,F,1777
2978,55,T,1778
2979,37,T,1779
2980,90,T,1780
2981,11,F,1781
2982,77,T,1782
2983,20,T,1783
2984,74,F,1784
2985,50,T,1785
2986,28,T,1786
2987,17,T,1787
2988,10,T,1788
2989,12,T,1789
2990,85,T,1790
2991,28,F,1791
2992,14,T,1792
2993,98,F,1793
2994,61,F,1794
2995,88,T,1795
2996,48,F,1796
2997,86,T,1797
2998,55,F,1798
2999,90,T,1799
3000,3,F,1800
3001,13,F,1801
3002,70,T,1802
3003,36,T,1803
3004,41,T,1804
3005,3,T,1805
3006,76,T,1806
3007,38,F,1807
3008,91,T,1808
3009,50,T,1809
3010,28,F,1810
3011,54,T,1811
3012,3,T,1812
3013,1,F,1813
3014,29,T,1814
3015,41,F,1815
3016,63,F,1816
3017,62,F,1817
3018,78,T,1818
3019,15,T,1819
3020,15,F,1820
3021,65,F,1821
3022,99,T,1822
3023,23,T,1823
3024,33,T,1824
3025,17,F,1825
3026,21,T,1826
3027,97,F,1827
3028,85,T,1828
3029,54,T,1829
3030,44,F,1830
3031,62,F,1831
3032,71,T,1832
3033,66,F,1833
3034,94,T,1834
3035,38,F,1835
3036,71,F,1836
3037,36,T,1837
3038,49,T,1838
3039,58,T,1839
3040,88,T,1840
3041,59,F,1841
3042,63,T,1842
3043,26,T,1843
3044,42,F,1844
3045,96,F,1845
3046,42,T,1846
3047,5,F,1847
3048,47,T,1848
3049,1,F,1849
3050,39,T,1850
3051,66,F,1851
3052,3,T,1852
3053,12,T,1853
3054,8,T,1854
3055,50,F,1855
3056,54,T,1856
3057,5,T,1857
3058,100,T,1858
3059,33,F,1859
3060,3,T,1860
3061,43,T,1861
3062,53,F,1862
3063,50,T,1863
3064,24,F,1864
3065,15,T,1865
3066,25,T,1866
3067,31,F,1867
3068,51,F,1868
3069,41,T,1869
3070,40,T,1870
3071,72,F,1871
3072,70,F,1872
3073,82,F,1873
3074,74,F,1874
3075,52,T,1875
3076,17,T,1876
3077,75,F,1877
3078,28,T,1878
3079,95,T,1879
3080,36,T,1880
3081,50,F,1881
3082,61,T,1882
3083,55,F,1883
3084,81,F,1884
3085,82,F,1885
3086,44,T,1886
3087,32,F,1887
3088,98,F,1888
3089,7,T,1889
3090,62,T,1890
3091,13,T,1891
3092,50,F,1892
3093,10,T,1893
3094,27,F,1894
3095,32,F,1895
3096,28,F,1896
3097,19,F,1897
3098,20,T,1898
3099,74,T,1899
3100,16,T,1900
3101,54,F,1901
3102,1,T,1902
3103,50,T,1903
3104,50,T,1904
3105,64,T,1905
3106,65,T,1906
3107,29,F,1907
3108,82,F,1908
3109,87,F,1909
3110,93,F,1910
3111,32,T,1911
3112,18,F,1912
3113,62,T,1913
3114,41,T,1914
3115,62,T,1915
3116,38,T,1916
3117,55,F,1917
3118,12,F,1918
3119,69,F,1919
3120,64,F,1920
3121,52,F,1921
3122,1,F,1922
3123,26,T,1923
3124,26,T,1924
3125,16,T,1925
3126,62,T,1926
3127,81,F,1927
3128,100,F,1928
3129,55,T,1929
3130,49,F,1930
3131,87,T,1931
3132,87,T,1932
3133,8,F,1933
3134,21,T,1934
3135,50,T,1935
3136,39,T,1936
3137,51,F,1937
3138,23,T,1938
3139,57,T,1939
3140,58,T,1940
3141,80,F,1941
3142,82,T,1942
3143,17,F,1943
3144,83,F,1944
3145,43,T,1945
3146,46,F,1946
3147,60,T,1947
3148,51,T,1948
3149,47,T,1949
3150,34,F,1950
3151,11,F,1951
3152,13,F,1952
3153,93,F,1953
3154,30,T,1954
3155,15,F,1955
3156,5,F,1956
3157,96,T,1957
3158,53,T,1958
3159,96,F,1959
3160,37,F,1960
3161,60,T,1961
3162,61,F,1962
3163,17,T,1963
3164,98,T,1964
3165,63,F,1965
3166,68,T,1966
3167,4,F,1967
3168,52,F,1968
3169,22,T,1969
3170,55,T,1970
3171,24,T,1971
3172,10,F,1972
3173,86,T,1973
3174,13,F,1974
3175,87,F,1975
3176,5,T,1976
3177,69,F,1977
3178,64,T,1978
3179,51,T,1979
3180,52,F,1980
3181,73,T,1981
3182,59,F,1982
3183,8,T,1983
3184,19,T,1984
3185,18,F,1985
3186,74,T,1986
3187,50,F,1987
3188,74,T,1988
3189,63,T,1989
3190,22,F,1990
3191,93,F,1991
3192,99,T,1992
3193,30,F,1993
3194,42,F,1994
3195,64,F,1995
3196,77,F,1996
3197,79,F,1997
3198,60,F,1998
3199,74,F,1999
3200,53,F,2000
3201,26,T,2001
3202,58,T,2002
3203,39,F,2003
3204,67,F,2004
3205,49,T,2005
3206,15,F,2006
3207,60,T,2007
3208,88,T,2008
3209,2,F,2009
3210,50,T,2010
3211,30,T,2011
3212,50,F,2012
3213,15,T,2013
3214,43,T,2014
3215,68,F,2015
3216,97,T,2016
3217,34,F,2017
3218,57,T,2018
3219,79,F,2019
3220,98,T,2020
3221,26,T,2021
3222,45,T,2022
3223,37,F,2023
3224,51,F,2024
3225,65,F,2025
3226,86,T,2026
3227,33,F,2027
3228,64,F,2028
3229,59,F,2029
3230,8,F,2030
3231,99,T,2031
3232,92,T,2032
3233,54,T,2033
3234,44,T,2034
3235,91,T,2035
3236,30,T,2036
3237,93,T,2037
3238,80,T,2038
3239,55,T,2039
3240,3,F,2040
3241,13,T,2041
3242,97,F,2042
3243,76,F,2043
3244,12,F,2044
3245,9,T,2045
3246,67,F,2046
3247,68,F,2047
3248,79,F,2048
3249,29,F,2049
3250,75,T,2050
3251,40,T,2051
3252,3,T,2052
3253,12,F,2053
3254,53,F,2054
3255,86,F,2055
3256,65,T,2056
3257,64,T,2057
3258,77,F,2058
3259,94,T,2059
3260,86,F,2060
3261,59,F,2061
3262,1,F,2062
3263,55,T,2063
3264,31,T,2064
3265,7,F,2065
3266,7,T,2066
3267,85,F,2067
3268,50,F,2068
3269,34,T,2069
3270,14,F,2070
3271,43,F,2071
3272,24,F,2072
3273,75,F,2073
3274,65,F,2074
3275,24,T,2075
3276,84,F,2076
3277,54,T,2077
3278,32,F,2078
3279,62,F,2079
3280,27,F,2080
3281,2,T,2081
3282,12,T,2082
3283,32,F,2083
3284,82,T,2084
3285,98,F,2085
3286,30,F,2086
3287,34,F,2087
3288,16,T,2088
3289,22,F,2089
3290,8,F,2090
3291,92,F,2091
3292,100,F,2092
3293,99,F,2093
3294,75,F,2094
3295,41,T,2095
3296,49,F,2096
3297,29,F,2097
3298,61,F,2098
3299,27,T,2099
3300,18,T,2100
3301,1,T,2101
3302,97,F,2102
3303,55,F,2103
3304,94,F,2104
3305,69,F,2105
3306,57,F,2106
3307,93,T,2107
3308,4,F,2108
3309,80,F,2109
3310,93,T,2110
3311,44,T,2111
3312,71,F,2112
3313,30,T,2113
3314,28,F,2114
3315,65,T,2115
3316,25,F,2116
3317,74,F,2117
3318,34,F,2118
3319,15,T,2119
3320,16,F,2120
3321,88,F,2121
3322,27,F,2122
3323,31,F,2123
3324,51,F,2124
3325,24,F,2125
3326,14,T,2126
3327,3,F,2127
3328,8,T,2128
3329,43,T,2129
3330,4,T,2130
3331,8,T,2131
3332,29,T,2132
3333,9,T,2133
3334,52,F,2134
3335,66,F,2135
3336,97,F,2136
3337,5,T,2137
3338,39,T,2138
3339,63,F,2139
3340,71,T,2140
3341,52,F,2141
3342,57,F,2142
3343,85,F,2143
3344,50,T,2144
3345,37,T,2145
3346,22,T,2146
3347,15,T,2147
3348,68,F,2148
3349,15,T,2149
3350,6,F,2150
3351,81,F,2151
3352,10,F,2152
3353,52,T,2153
3354,49,T,2154
3355,21,T,2155
3356,52,T,2156
3357,3,F,2157
3358,85,F,2158
3359,25,F,2159
3360,47,T,2160
3361,85,T,2161
3362,5,T,2162
3363,2,T,2163
3364,64,T,2164
3365,78,T,2165
3366,92,F,2166
3367,15,T,2167
3368,65,T,2168
3369,65,T,2169
3370,49,F,2170
3371,53,T,2171
3372,93,T,2172
3373,59,F,2173
3374,83,T,2174
3375,100,T,2175
3376,24,T,2176
3377,33,F,2177
3378,64,F,2178
3379,91,T,2179
3380,50,T,2180
3381,22,T,2181
3382,35,T,2182
3383,73,F,2183
3384,93,T,2184
3385,7,T,2185
3386,33,F,2186
3387,44,F,2187
3388,37,T,2188
3389,54,F,2189
3390,24,F,2190
3391,58,F,2191
3392,12,F,2192
3393,51,F,2193
3394,51,F,2194
3395,99,F,2195
3396,60,F,2196
3397,43,F,2197
3398,34,F,2198
3399,3,T,2199
3400,54,T,2200
3401,21,T,2201
3402,98,F,2202
3403,7,F,2203
3404,57,F,2204
3405,47,T,2205
3406,82,T,2206
3407,46,F,2207
3408,40,F,2208
3409,13,F,2209
3410,54,F,2210
3411,60,T,2211
3412,67,T,2212
3413,73,F,2213
3414,95,F,2214
3415,36,F,2215
3416,60,T,2216
3417,27,T,2217
3418,5,T,2218
3419,19,T,2219
3420,3,F,2220
3421,62,T,2221
3422,57,F,2222
3423,40,T,2223
3424,36,T,2224
3425,81,F,2225
3426,9,T,2226
3427,38,T,2227
3428,64,F,2228
3429,40,F,2229
3430,83,T,2230
3431,1,F,2231
3432,33,T,2232
3433,3,T,2233
3434,26,T,2234
3435,1,T,2235
3436,82,F,2236
3437,74,T,2237
3438,23,F,2238
3439,56,F,2239
3440,90,T,2240
3441,76,F,2241
3442,10,F,2242
3443,82,F,2243
3444,68,F,2244
3445,80,T,2245
3446,51,T,2246
3447,98,F,2247
3448,31,F,2248
3449,13,F,2249
3450,13,T,2250
3451,67,F,2251
3452,40,T,2252
3453,84,F,2253
3454,73,F,2254
3455,77,F,2255
3456,67,T,2256
3457,53,T,2257
3458,3,F,2258
3459,43,F,2259
3460,47,F,2260
3461,30,T,2261
3462,94,F,2262
3463,50,F,2263
3464,96,F,2264
3465,52,F,2265
3466,70,T,2266
3467,61,F,2267
3468,74,T,2268
3469,52,F,2269
3470,29,F,2270
3471,43,F,2271
3472,12,F,2272
3473,55,F,2273
3474,45,T,2274
3475,62,T,2275
3476,46,F,2276
3477,61,T,2277
3478,17,T,2278
3479,69,T,2279
3480,46,T,2280
3481,78,F,2281
3482,54,F,2282
3483,32,F,2283
3484,52,F,2284
3485,88,F,2285
3486,55,F,2286
3487,75,F,2287
3488,69,F,2288
3489,29,F,2289
3490,70,F,2290
3491,81,F,2291
3492,45,F,2292
3493,100,F,2293
3494,76,F,2294
3495,71,F,2295
3496,94,F,2296
3497,99,F,2297
3498,12,F,2298
3499,30,F,2299
3500,23,T,2300
3501,73,F,2301
3502,45,F,2302
3503,60,T,2303
3504,41,F,2304
3505,76,T,2305
3506,65,F,2306
3507,59,T,2307
3508,57,T,2308
3509,98,T,2309
3510,16,F,2310
3511,42,F,2311
3512,49,T,2312
3513,77,T,2313
3514,100,F,2314
3515,34,T,2315
3516,77,F,2316
3517,44,F,2317
3518,25,T,2318
3519,44,F,2319
3520,15,T,2320
3521,33,T,2321
3522,24,T,2322
3523,63,F,2323
3524,79,T,2324
3525,32,T,2325
3526,60,F,2326
3527,17,F,2327
3528,4,T,2328
3529,99,T,2329
3530,88,T,2330
3531,37,F,2331
3532,73,T,2332
3533,72,T,2333
3534,89,F,2334
3535,90,F,2335
3536,81,F,2336
3537,86,T,2337
3538,20,T,2338
3539,39,F,2339
3540,60,F,2340
3541,18,F,2341
3542,20,T,2342
3543,77,T,2343
3544,77,F,2344
3545,20,T,2345
3546,55,T,2346
3547,34,T,2347
3548,92,T,2348
3549,24,T,2349
3550,34,F,2350
3551,2,F,2351
3552,38,T,2352
3553,91,F,2353
3554,27,T,2354
3555,45,F,2355
3556,97,T,2356
3557,43,F,2357
3558,8,F,2358
3559,86,F,2359
3560,82,F,2360
3561,73,T,2361
3562,32,F,2362
3563,16,F,2363
3564,99,F,2364
3565,4,F,2365
3566,60,F,2366
3567,49,F,2367
3568,55,F,2368
3569,12,T,2369
3570,1,T,2370
3571,21,T,2371
3572,98,F,2372
3573,31,F,2373
3574,63,F,2374
3575,38,F,2375
3576,78,T,2376
3577,17,F,2377
3578,11,T,2378
3579,94,F,2379
3580,93,T,2380
3581,69,F,2381
3582,23,F,2382
3583,34,T,2383
3584,21,F,2384
3585,99,T,2385
3586,94,T,2386
3587,50,T,2387
3588,40,F,2388
3589,17,F,2389
3590,74,F,2390
3591,8,T,2391
3592,53,F,2392
3593,57,F,2393
3594,94,F,2394
3595,45,T,2395
3596,97,F,2396
3597,31,T,2397
3598,57,T,2398
3599,58,T,2399
3600,23,T,2400
3601,65,T,2401
3602,74,F,2402
3603,19,F,2403
3604,74,F,2404
3605,67,T,2405
3606,49,T,2406
3607,96,T,2407
3608,30,T,2408
3609,81,T,2409
3610,38,T,2410
3611,87,F,2411
3612,89,T,2412
3613,82,F,2413
3614,34,F,2414
3615,21,F,2415
3616,49,F,2416
3617,49,T,2417
3618,8,F,2418
3619,70,T,2419
3620,92,T,2420
3621,73,F,2421
3622,68,T,2422
3623,24,T,2423
3624,98,T,2424
3625,19,F,2425
3626,90,T,2426
3627,15,T,2427
3628,52,F,2428
3629,21,F,2429
3630,23,F,2430
3631,45,T,2431
3632,50,F,2432
3633,56,F,2433
3634,87,T,2434
3635,78,T,2435
3636,73,F,2436
3637,93,F,2437
3638,23,T,2438
3639,98,T,2439
3640,41,T,2440
3641,75,T,2441
3642,56,F,2442
3643,43,T,2443
3644,10,F,2444
3645,77,F,2445
3646,80,F,2446
3647,22,T,2447
3648,65,T,2448
3649,38,T,2449
3650,85,T,2450
3651,97,F,2451
3652,18,T,2452
3653,66,F,2453
3654,19,T,2454
3655,51,F,2455
3656,44,T,2456
3657,87,F,2457
3658,49,T,2458
3659,75,T,2459
3660,6,T,2460
3661,12,T,2461
3662,13,F,2462
3663,86,F,2463
3664,99,F,2464
3665,89,T,2465
3666,30,F,2466
3667,9,F,2467
3668,36,F,2468
3669,86,T,2469
3670,74,T,2470
3671,91,F,2471
3672,93,T,2472
3673,16,F,2473
3674,74,T,2474
3675,87,F,2475
3676,56,T,2476
3677,36,F,2477
3678,25,F,2478
3679,96,F,2479
3680,59,T,2480
3681,14,T,2481
3682,89,T,2482
3683,7,F,2483
3684,23,F,2484
3685,41,T,2485
3686,94,T,2486
3687,45,F,2487
3688,81,T,2488
3689,61,T,2489
3690,19,T,2490
3691,65,F,2491
3692,64,F,2492
3693,95,T,2493
3694,87,F,2494
3695,10,T,2495
3696,80,T,2496
3697,45,F,2497
3698,47,F,2498
3699,35,T,2499
3700,43,F,2500
3701,44,F,2501
3702,93,F,2502
3703,25,F,2503
3704,47,F,2504
3705,25,F,2505
3706,91,T,2506
3707,36,T,2507
3708,5,T,2508
3709,93,T,2509
3710,68,T,2510
3711,20,T,2511
3712,97,T,2512
3713,24,T,2513
3714,79,T,2514
3715,50,F,2515
3716,16,F,2516
3717,22,T,2517
3718,1,F,2518
3719,57,F,2519
3720,95,T,2520
3721,33,T,2521
3722,70,F,2522
3723,82,T,2523
3724,15,F,2524
3725,70,T,2525
3726,38,F,2526
3727,74,T,2527
3728,92,F,2528
3729,63,T,2529
3730,53,T,2530
3731,66,F,2531
3732,61,T,2532
3733,1,T,2533
3734,31,T,2534
3735,13,F,2535
3736,29,F,2536
3737,14,F,2537
3738,45,T,2538
3739,85,T,2539
3740,49,F,2540
3741,66,F,2541
3742,41,F,2542
3743,52,T,2543
3744,78,T,2544
3745,72,T,2545
3746,43,F,2546
3747,39,T,2547
3748,72,T,2548
3749,90,T,2549
3750,42,F,2550
3751,27,F,2551
3752,70,F,2552
3753,72,T,2553
3754,23,T,2554
3755,71,T,2555
3756,48,F,2556
3757,1,F,2557
3758,73,T,2558
3759,84,F,2559
3760,32,F,2560
3761,69,F,2561
3762,68,F,2562
3763,73,T,2563
3764,33,F,2564
3765,45,T,2565
3766,80,F,2566
3767,72,T,2567
3768,24,F,2568
3769,25,T,2569
3770,50,F,2570
3771,14,F,2571
3772,44,T,2572
3773,37,F,2573
3774,20,F,2574
3775,20,F,2575
3776,79,F,2576
3777,72,T,2577
3778,95,F,2578
3779,24,T,2579
3780,99,T,2580
3781,53,F,2581
3782,5,F,2582
3783,21,F,2583
3784,19,F,2584
3785,58,T,2585
3786,46,T,2586
3787,67,T,2587
3788,69,T,2588
3789,33,T,2589
3790,76,F,2590
3791,46,T,2591
3792,97,F,2592
3793,70,T,2593
3794,15,F,2594
3795,18,T,2595
3796,32,F,2596
3797,86,F,2597
3798,61,F,2598
3799,20,F,2599
3800,81,F,2600
3801,81,F,2601
3802,98,T,2602
3803,94,T,2603
3804,5,T,2604
3805,67,F,2605
3806,10,T,2606
3807,57,T,2607
3808,52,F,2608
3809,8,T,2609
3810,100,F,2610
3811,22,F,2611
3812,65,T,2612
3813,6,T,2613
3814,16,F,2614
3815,41,T,2615
3816,62,T,2616
3817,89,T,2617
3818,72,T,2618
3819,88,F,2619
3820,92,F,2620
3821,89,T,2621
3822,8,F,2622
3823,79,T,2623
3824,26,F,2624
3825,97,F,2625
3826,11,F,2626
3827,35,F,2627
3828,90,T,2628
3829,59,T,2629
3830,53,F,2630
3831,46,F,2631
3832,49,T,2632
3833,31,F,2633
3834,77,T,2634
3835,95,T,2635
3836,100,F,2636
3837,11,T,2637
3838,88,T,2638
3839,87,F,2639
3840,60,F,2640
3841,62,T,2641
3842,42,F,2642
3843,70,F,2643
3844,91,T,2644
3845,67,T,2645
3846,22,T,2646
3847,83,F,2647
3848,15,T,2648
3849,62,T,2649
3850,10,T,2650
3851,98,F,2651
3852,11,T,2652
3853,24,T,2653
3854,59,T,2654
3855,16,F,2655
3856,19,F,2656
3857,47,T,2657
3858,28,F,2658
3859,33,F,2659
3860,74,F,2660
3861,65,F,2661
3862,55,F,2662
3863,86,T,2663
3864,59,T,2664
3865,64,T,2665
3866,26,T,2666
3867,52,F,2667
3868,22,T,2668
3869,27,F,2669
3870,80,F,2670
3871,63,F,2671
3872,61,F,2672
3873,85,T,2673
3874,75,F,2674
3875,89,T,2675
3876,99,F,2676
3877,57,T,2677
3878,75,F,2678
3879,47,F,2679
3880,8,T,2680
3881,32,F,2681
3882,77,T,2682
3883,74,F,2683
3884,74,T,2684
3885,86,F,2685
3886,81,T,2686
3887,58,T,2687
3888,76,F,2688
3889,76,T,2689
3890,38,T,2690
3891,45,T,2691
3892,2,F,2692
3893,47,F,2693
3894,54,F,2694
3895,2,F,2695
3896,65,F,2696
3897,59,T,2697
3898,7,F,2698
3899,87,T,2699
3900,22,F,2700
3901,48,T,2701
3902,19,F,2702
3903,19,T,2703
3904,80,T,2704
3905,44,F,2705
3906,34,T,2706
3907,68,T,2707
3908,35,F,2708
3909,38,T,2709
3910,57,T,2710
3911,89,T,2711
3912,54,F,2712
3913,60,T,2713
3914,68,F,2714
3915,7,T,2715
3916,19,F,2716
3917,62,T,2717
3918,76,T,2718
3919,60,F,2719
3920,26,T,2720
3921,44,F,2721
3922,91,F,2722
3923,46,T,2723
3924,80,F,2724
3925,53,T,2725
3926,9,F,2726
3927,11,T,2727
3928,77,F,2728
3929,71,T,2729
3930,33,F,2730
3931,2,T,2731
3932,22,T,2732
3933,19,F,2733
3934,24,T,2734
3935,100,T,2735
3936,41,T,2736
3937,48,F,2737
3938,75,F,2738
3939,25,T,2739
3940,46,F,2740
3941,70,T,2741
3942,94,T,2742
3943,45,T,2743
3944,5,F,2744
3945,74,T,2745
3946,64,F,2746
3947,39,T,2747
3948,6,T,2748
3949,82,T,2749
3950,80,F,2750
3951,42,F,2751
3952,91,F,2752
3953,88,T,2753
3954,68,F,2754
3955,67,F,2755
3956,10,T,2756
3957,95,T,2757
3958,88,T,2758
3959,44,F,2759
3960,31,T,2760
3961,58,T,2761
3962,75,F,2762
3963,1,T,2763
3964,10,T,2764
3965,57,F,2765
3966,38,T,2766
3967,80,T,2767
3968,5,T,2768
3969,67,F,2769
3970,40,F,2770
3971,48,F,2771
3972,39,T,2772
3973,66,F,2773
3974,43,F,2774
3975,51,F,2775
3976,64,T,2776
3977,75,F,2777
3978,2,F,2778
3979,69,T,2779
3980,53,T,2780
3981,85,F,2781
3982,42,F,2782
3983,84,T,2783
3984,16,T,2784
3985,14,T,2785
3986,97,T,2786
3987,74,T,2787
3988,39,F,2788
3989,95,T,2789
3990,39,T,2790
3991,3,F,2791
3992,84,T,2792
3993,42,T,2793
3994,50,F,2794
3995,68,F,2795
3996,57,T,2796
3997,36,T,2797
3998,43,F,2798
3999,99,F,2799
4000,54,F,2800
4001,87,F,2801
4002,2,F,2802
4003,83,T,2803
4004,11,T,2804
4005,29,T,2805
4006,11,T,2806
4007,11,T,2807
4008,47,F,2808
4009,18,F,2809
4010,97,F,2810
4011,18,F,2811
4012,55,F,2812
4013,26,F,2813
4014,93,T,2814
4015,84,T,2815
4016,98,F,2816
4017,91,T,2817
4018,81,F,2818
4019,99,F,2819
4020,87,T,2820
4021,58,T,2821
4022,31,T,2822
4023,46,F,2823
4024,25,T,2824
4025,91,T,2825
4026,17,T,2826
4027,51,F,2827
4028,37,F,2828
4029,76,T,2829
4030,77,F,2830
4031,17,F,2831
4032,22,T,2832
4033,67,T,2833
4034,83,F,2834
4035,63,T,2835
4036,47,F,2836
4037,33,F,2837
4038,82,F,2838
4039,38,T,2839
4040,62,T,2840
4041,7,T,2841
4042,31,F,2842
4043,14,T,2843
4044,83,T,2844
4045,75,T,2845
4046,35,T,2846
4047,72,T,2847
4048,6,F,2848
4049,28,F,2849
4050,1,T,2850
4051,63,T,2851
4052,62,F,2852
4053,70,T,2853
4054,48,T,2854
4055,87,F,2855
4056,14,T,2856
4057,20,T,2857
4058,65,T,2858
4059,3,T,2859
4060,90,T,2860
4061,93,T,2861
4062,17,T,2862
4063,70,T,2863
4064,39,F,2864
4065,31,F,2865
4066,62,T,2866
4067,94,F,2867
4068,28,T,2868
4069,17,F,2869
4070,66,T,2870
4071,62,T,2871
4072,16,F,2872
4073,47,F,2873
4074,7,T,2874
4075,18,F,2875
4076,55,F,2876
4077,54,F,2877
4078,17,T,2878
4079,89,T,2879
4080,81,F,2880
4081,25,T,2881
4082,88,F,2882
4083,45,T,2883
4084,28,F,2884
4085,55,T,2885
4086,55,F,2886
4087,22,T,2887
4088,34,T,2888
4089,87,T,2889
4090,80,F,2890
4091,37,T,2891
4092,37,F,2892
4093,24,F,2893
4094,31,T,2894
4095,90,F,2895
4096,63,F,2896
4097,5,T,2897
4098,32,T,2898
4099,52,F,2899
4100,90,F,2900
4101,10,F,2901
4102,40,T,2902
4103,21,T,2903
4104,31,T,2904
4105,13,T,2905
4106,14,F,2906
4107,98,F,2907
4108,89,T,2908
4109,71,T,2909
4110,63,T,2910
4111,33,F,2911
4112,88,F,2912
4113,28,F,2913
4114,12,F,2914
4115,63,T,2915
4116,16,T,2916
4117,72,F,2917
4118,59,F,2918
4119,45,F,2919
4120,55,F,2920
4121,52,F,2921
4122,86,F,2922
4123,25,F,2923
4124,67,T,2924
4125,50,F,2925
4126,46,F,2926
4127,31,F,2927
4128,97,T,2928
4129,18,F,2929
4130,41,T,2930
4131,67,F,2931
4132,12,F,2932
4133,91,T,2933
4134,61,F,2934
4135,14,F,2935
4136,32,F,2936
4137,100,T,2937
4138,100,T,2938
4139,95,F,2939
4140,21,T,2940
4141,53,T,2941
4142,12,F,2942
4143,57,T,2943
4144,52,F,2944
4145,23,T,2945
4146,33,F,2946
4147,68,T,2947
4148,62,F,2948
4149,57,F,2949
4150,98,F,2950
4151,67,F,2951
4152,36,F,2952
4153,1,T,2953
4154,31,T,2954
4155,26,T,2955
4156,55,T,2956
4157,18,F,2957
4158,17,F,2958
4159,9,F,2959
4160,38,F,2960
4161,70,F,2961
4162,50,T,2962
4163,30,T,2963
4164,97,F,2964
4165,72,F,2965
4166,55,F,2966
4167,39,T,2967
4168,9,T,2968
4169,25,T,2969
4170,24,F,2970
4171,53,F,2971
4172,37,T,2972
4173,76,F,2973
4174,91,T,2974
4175,97,T,2975
4176,74,F,2976
4177,33,T,2977
4178,70,T,2978
4179,54,T,2979
4180,6,T,2980
4181,2,T,2981
4182,22,F,2982
4183,27,T,2983
4184,17,F,2984
4185,92,F,2985
4186,59,F,2986
4187,32,T,2987
4188,66,T,2988
4189,18,T,2989
4190,25,T,2990
4191,37,T,2991
4192,42,T,2992
4193,100,T,2993
4194,76,F,2994
4195,98,F,2995
4196,68,T,2996
4197,3,F,2997
4198,64,T,2998
4199,61,F,2999
4200,30,T,3000
4201,59,T,3001
4202,58,T,3002
4203,65,T,3003
4204,19,F,3004
4205,33,T,3005
4206,91,T,3006
4207,25,T,3007
4208,84,F,3008
4209,47,F,3009
4210,3,T,3010
4211,34,T,3011
4212,94,T,3012
4213,21,F,3013
4214,87,T,3014
4215,80,T,3015
4216,94,F,3016
4217,46,T,3017
4218,54,T,3018
4219,13,F,3019
4220,50,F,3020
4221,53,F,3021
4222,51,F,3022
4223,88,T,3023
4224,19,F,3024
4225,70,F,3025
4226,20,F,3026
4227,54,F,3027
4228,68,F,3028
4229,100,F,3029
4230,88,F,3030
4231,99,T,3031
4232,44,T,3032
4233,60,F,3033
4234,48,T,3034
4235,96,T,3035
4236,86,T,3036
4237,43,T,3037
4238,44,T,3038
4239,50,F,3039
4240,54,F,3040
4241,61,T,3041
4242,56,T,3042
4243,92,T,3043
4244,100,T,3044
4245,42,F,3045
4246,16,T,3046
4247,98,F,3047
4248,22,F,3048
4249,21,T,3049
4250,3,F,3050
4251,93,T,3051
4252,67,F,3052
4253,59,F,3053
4254,64,F,3054
4255,94,F,3055
4256,94,F,3056
4257,83,T,3057
4258,37,F,3058
4259,56,T,3059
4260,51,T,3060
4261,41,F,3061
4262,17,F,3062
4263,58,F,3063
4264,52,T,3064
4265,44,F,3065
4266,90,F,3066
4267,61,F,3067
4268,55,F,3068
4269,19,F,3069
4270,100,T,3070
4271,92,F,3071
4272,77,F,3072
4273,29,T,3073
4274,58,F,3074
4275,59,T,3075
4276,36,T,3076
4277,3,T,3077
4278,66,T,3078
4279,68,T,3079
4280,45,T,3080
4281,95,T,3081
4282,47,T,3082
4283,83,F,3083
4284,30,F,3084
4285,17,F,3085
4286,87,T,3086
4287,1,F,3087
4288,92,F,3088
4289,67,T,3089
4290,53,F,3090
4291,54,F,3091
4292,1,T,3092
4293,94,T,3093
4294,92,F,3094
4295,46,T,3095
4296,70,T,3096
4297,47,F,3097
4298,67,T,3098
4299,27,F,3099
4300,26,F,3100
4301,20,T,3101
4302,69,T,3102
4303,14,T,3103
4304,15,T,3104
4305,64,F,3105
4306,16,T,3106
4307,23,T,3107
4308,33,T,3108
4309,34,T,3109
4310,13,F,3110
4311,36,T,3111
4312,100,F,3112
4313,69,F,3113
4314,8,F,3114
4315,76,T,3115
4316,7,T,3116
4317,20,F,3117
4318,36,F,3118
4319,32,F,3119
4320,43,F,3120
4321,33,T,3121
4322,58,F,3122
4323,59,T,3123
4324,94,T,3124
4325,46,F,3125
4326,68,T,3126
4327,81,F,3127
4328,60,T,3128
4329,93,F,3129
4330,16,F,3130
4331,83,T,3131
4332,40,T,3132
4333,21,F,3133
4334,89,F,3134
4335,60,T,3135
4336,90,T,3136
4337,70,F,3137
4338,28,F,3138
4339,89,F,3139
4340,16,T,3140
4341,59,F,3141
4342,46,F,3142
4343,13,F,3143
4344,41,F,3144
4345,67,T,3145
4346,64,F,3146
4347,79,T,3147
4348,39,F,3148
4349,66,F,3149
4350,45,F,3150
4351,36,T,3151
4352,49,F,3152
4353,67,T,3153
4354,30,F,3154
4355,12,F,3155
4356,63,T,3156
4357,15,T,3157
4358,46,T,3158
4359,3,F,3159
4360,40,T,3160
4361,46,F,3161
4362,98,F,3162
4363,34,F,3163
4364,66,F,3164
4365,100,F,3165
4366,68,T,3166
4367,2,T,3167
4368,53,T,3168
4369,24,T,3169
4370,95,T,3170
4371,35,F,3171
4372,69,T,3172
4373,61,T,3173
4374,23,T,3174
4375,97,T,3175
4376,86,F,3176
4377,56,T,3177
4378,9,F,3178
4379,74,F,3179
4380,45,T,3180
4381,87,T,3181
4382,48,T,3182
4383,5,T,3183
4384,64,T,3184
4385,79,T,3185
4386,14,F,3186
4387,64,T,3187
4388,100,T,3188
4389,19,T,3189
4390,29,T,3190
4391,36,F,3191
4392,56,T,3192
4393,11,T,3193
4394,7,F,3194
4395,19,F,3195
4396,24,T,3196
4397,13,T,3197
4398,87,F,3198
4399,20,F,3199
4400,63,T,3200
4401,14,F,3201
4402,42,T,3202
4403,36,F,3203
4404,27,T,3204
4405,100,T,3205
4406,91,T,3206
4407,4,F,3207
4408,51,F,3208
4409,88,F,3209
4410,73,F,3210
4411,19,T,3211
4412,31,T,3212
4413,25,T,3213
4414,8,F,3214
4415,60,F,3215
4416,65,F,3216
4417,52,T,3217
4418,80,F,3218
4419,68,F,3219
4420,99,T,3220
4421,50,T,3221
4422,58,T,3222
4423,77,F,3223
4424,53,F,3224
4425,17,F,3225
4426,52,F,3226
4427,82,T,3227
4428,23,F,3228
4429,38,T,3229
4430,4,T,3230
4431,37,T,3231
4432,17,F,3232
4433,46,T,3233
4434,5,F,3234
4435,23,F,3235
4436,17,F,3236
4437,84,F,3237
4438,19,T,3238
4439,5,T,3239
4440,64,F,3240
4441,21,F,3241
4442,8,T,3242
4443,9,T,3243
4444,44,F,3244
4445,17,T,3245
4446,9,F,3246
4447,26,T,3247
4448,73,F,3248
4449,44,T,3249
4450,97,F,3250
4451,20,F,3251
4452,38,T,3252
4453,88,F,3253
4454,68,T,3254
4455,34,F,3255
4456,60,F,3256
4457,92,F,3257
4458,57,F,3258
4459,42,F,3259
4460,100,F,3260
4461,8,F,3261
4462,6,T,3262
4463,20,F,3263
4464,75,F,3264
4465,19,T,3265
4466,72,T,3266
4467,9,T,3267
4468,72,T,3268
4469,90,F,3269
4470,46,F,3270
4471,86,T,3271
4472,72,T,3272
4473,34,T,3273
4474,71,T,3274
4475,72,T,3275
4476,6,T,3276
4477,26,F,3277
4478,57,F,3278
4479,3,F,3279
4480,16,F,3280
4481,34,F,3281
4482,57,T,3282
4483,41,T,3283
4484,54,F,3284
4485,85,F,3285
4486,26,F,3286
4487,66,T,3287
4488,70,F,3288
4489,27,F,3289
4490,6,T,3290
4491,29,F,3291
4492,70,T,3292
4493,34,F,3293
4494,56,T,3294
4495,77,F,3295
4496,39,T,3296
4497,53,F,3297
4498,84,F,3298
4499,35,F,3299
4500,38,F,3300
4501,19,F,3301
4502,25,F,3302
4503,70,F,3303
4504,55,F,3304
4505,12,F,3305
4506,62,F,3306
4507,64,T,3307
4508,51,T,3308
4509,48,F,3309
4510,16,T,3310
4511,36,T,3311
4512,95,F,3312
4513,89,F,3313
4514,29,T,3314
4515,37,T,3315
4516,96,T,3316
4517,74,T,3317
4518,34,F,3318
4519,100,F,3319
4520,8,F,3320
4521,30,F,3321
4522,50,F,3322
4523,75,F,3323
4524,89,T,3324
4525,90,T,3325
4526,85,F,3326
4527,92,F,3327
4528,39,T,3328
4529,35,F,3329
4530,5,F,3330
4531,42,T,3331
4532,12,F,3332
4533,67,T,3333
4534,99,F,3334
4535,85,F,3335
4536,14,F,3336
4537,42,T,3337
4538,96,F,3338
4539,84,F,3339
4540,98,T,3340
4541,94,F,3341
4542,90,F,3342
4543,8,T,3343
4544,99,T,3344
4545,14,F,3345
4546,70,T,3346
4547,36,F,3347
4548,98,F,3348
4549,14,T,3349
4550,28,T,3350
4551,88,F,3351
4552,26,T,3352
4553,95,T,3353
4554,29,T,3354
4555,52,T,3355
4556,32,T,3356
4557,59,F,3357
4558,38,F,3358
4559,54,T,3359
4560,78,F,3360
4561,95,F,3361
4562,55,F,3362
4563,78,T,3363
4564,78,T,3364
4565,28,T,3365
4566,59,F,3366
4567,44,F,3367
4568,45,T,3368
4569,90,F,3369
4570,15,F,3370
4571,9,T,3371
4572,14,T,3372
4573,97,F,3373
4574,34,T,3374
4575,96,F,3375
4576,66,F,3376
4577,45,F,3377
4578,22,F,3378
4579,68,T,3379
4580,100,F,3380
4581,51,T,3381
4582,39,T,3382
4583,36,T,3383
4584,99,F,3384
4585,78,T,3385
4586,77,T,3386
4587,11,T,3387
4588,26,F,3388
4589,56,F,3389
4590,34,T,3390
4591,91,F,3391
4592,93,T,3392
4593,35,T,3393
4594,42,T,3394
4595,10,F,3395
4596,41,F,3396
4597,59,T,3397
4598,82,T,3398
4599,20,F,3399
4600,54,F,3400
4601,93,F,3401
4602,63,F,3402
4603,99,F,3403
4604,80,T,3404
4605,8,F,3405
4606,26,F,3406
4607,31,T,3407
4608,33,F,3408
4609,92,T,3409
4610,36,T,3410
4611,86,F,3411
4612,64,T,3412
4613,91,F,3413
4614,18,F,3414
4615,73,T,3415
4616,52,T,3416
4617,54,T,3417
4618,48,F,3418
4619,46,F,3419
4620,47,F,3420
4621,88,F,3421
4622,34,T,3422
4623,99,T,3423
4624,4,F,3424
4625,78,F,3425
4626,77,T,3426
4627,98,F,3427
4628,45,T,3428
4629,9,T,3429
4630,98,F,3430
4631,38,T,3431
4632,61,T,3432
4633,22,F,3433
4634,61,F,3434
4635,61,F,3435
4636,4,F,3436
4637,14,T,3437
4638,39,T,3438
4639,100,F,3439
4640,39,T,3440
4641,91,T,3441
4642,10,F,3442
4643,99,F,3443
4644,17,F,3444
4645,31,T,3445
4646,30,T,3446
4647,1,T,3447
4648,16,T,3448
4649,53,F,3449
4650,86,F,3450
4651,80,T,3451
4652,33,T,3452
4653,30,F,3453
4654,48,T,3454
4655,93,F,3455
4656,7,T,3456
4657,28,F,3457
4658,77,F,3458
4659,13,T,3459
4660,29,F,3460
4661,10,F,3461
4662,94,F,3462
4663,8,F,3463
4664,83,T,3464
4665,50,F,3465
4666,36,T,3466
4667,11,T,3467
4668,68,F,3468
4669,98,F,3469
4670,70,T,3470
4671,22,T,3471
4672,56,T,3472
4673,86,T,3473
4674,6,T,3474
4675,96,T,3475
4676,50,T,3476
4677,92,F,3477
4678,79,T,3478
4679,13,T,3479
4680,30,F,3480
4681,41,F,3481
4682,40,F,3482
4683,5,T,3483
4684,9,T,3484
4685,55,T,3485
4686,28,T,3486
4687,68,T,3487
4688,58,T,3488
4689,51,T,3489
4690,25,T,3490
4691,94,T,3491
4692,63,T,3492
4693,53,T,3493
4694,67,F,3494
4695,19,F,3495
4696,34,F,3496
4697,85,T,3497
4698,82,F,3498
4699,76,F,3499
4700,31,F,3500
4701,33,T,3501
4702,71,T,3502
4703,7,F,3503
4704,2,F,3504
4705,72,T,3505
4706,93,T,3506
4707,78,F,3507
4708,53,T,3508
4709,57,T,3509
4710,54,F,3510
4711,56,T,3511
4712,99,T,3512
4713,77,T,3513
4714,27,F,3514
4715,12,F,3515
4716,50,T,3516
4717,81,F,3517
4718,36,F,3518
4719,9,F,3519
4720,80,T,3520
4721,91,T,3521
4722,99,T,3522
4723,63,F,3523
4724,61,T,3524
4725,27,F,3525
4726,72,F,3526
4727,18,F,3527
4728,26,F,3528
4729,21,F,3529
4730,24,T,3530
4731,74,T,3531
4732,38,F,3532
4733,89,F,3533
4734,17,F,3534
4735,50,T,3535
4736,18,T,3536
4737,4,T,3537
4738,86,T,3538
4739,60,F,3539
4740,27,T,3540
4741,89,F,3541
4742,79,F,3542
4743,75,F,3543
4744,34,T,3544
4745,80,F,3545
4746,25,F,3546
4747,23,F,3547
4748,94,T,3548
4749,91,F,3549
4750,15,T,3550
4751,63,T,3551
4752,84,F,3552
4753,36,T,3553
4754,58,F,3554
4755,76,F,3555
4756,17,T,3556
4757,68,F,3557
4758,89,T,3558
4759,82,T,3559
4760,31,F,3560
4761,31,T,3561
4762,48,F,3562
4763,10,T,3563
4764,22,F,3564
4765,80,T,3565
4766,66,T,3566
4767,94,F,3567
4768,95,F,3568
4769,47,F,3569
4770,79,T,3570
4771,63,T,3571
4772,84,F,3572
4773,11,T,3573
4774,32,F,3574
4775,91,T,3575
4776,21,T,3576
4777,45,F,3577
4778,24,F,3578
4779,11,T,3579
4780,86,F,3580
4781,17,T,3581
4782,18,F,3582
4783,86,F,3583
4784,26,T,3584
4785,54,T,3585
4786,34,F,3586
4787,77,T,3587
4788,8,T,3588
4789,82,F,3589
4790,60,F,3590
4791,35,T,3591
4792,33,F,3592
4793,37,F,3593
4794,22,F,3594
4795,90,F,3595
4796,47,T,3596
4797,88,T,3597
4798,15,T,3598
4799,98,T,3599
4800,73,T,3600
