insert into ADMINISTRADORES (NUM_CC, CORREO_ELECTRONICO, NOMBRE) values ('2189082033', 'aconochie0@webeden.co.uk', 'Amye Conochie');
insert into ADMINISTRADORES (NUM_CC, CORREO_ELECTRONICO, NOMBRE) values ('9260275138', 'cayrs1@cbc.ca', 'Catarina Ayrs');
insert into ADMINISTRADORES (NUM_CC, CORREO_ELECTRONICO, NOMBRE) values ('5131907047', 'amacvicar2@360.cn', 'Alasdair MacVicar');
insert into ADMINISTRADORES (NUM_CC, CORREO_ELECTRONICO, NOMBRE) values ('7346584384', 'lwilloughley3@economist.com', 'Livvyy Willoughley');
insert into ADMINISTRADORES (NUM_CC, CORREO_ELECTRONICO, NOMBRE) values ('4430804068', 'mpusey4@pinterest.com', 'Myriam Pusey');
insert into ADMINISTRADORES (NUM_CC, CORREO_ELECTRONICO, NOMBRE) values ('9879043684', 'hpett5@dot.gov', 'Heath Pett');
insert into ADMINISTRADORES (NUM_CC, CORREO_ELECTRONICO, NOMBRE) values ('2489405692', 'jtadgell6@techcrunch.com', 'Janek Tadgell');
insert into ADMINISTRADORES (NUM_CC, CORREO_ELECTRONICO, NOMBRE) values ('0463939931', 'jsutterby7@over-blog.com', 'Jennica Sutterby');
insert into ADMINISTRADORES (NUM_CC, CORREO_ELECTRONICO, NOMBRE) values ('4896075161', 'gmadge8@amazon.com', 'Ginevra Madge');
insert into ADMINISTRADORES (NUM_CC, CORREO_ELECTRONICO, NOMBRE) values ('0108757774', 'vhowatt9@woothemes.com', 'Val Howatt');

insert into AFILIADOS (NUM_DOCUMENTO, CORREO_ELECTRONICO, NOMBRE, TIPO_DE_DOCUMENTO, FECHA_NACIMIENTO) values ('1144992180', 'fbodleigh0@google.pl', 'Falkner Bodleigh', 'cedulaextranjeria', '2019-03-05');
insert into AFILIADOS (NUM_DOCUMENTO, CORREO_ELECTRONICO, NOMBRE, TIPO_DE_DOCUMENTO, FECHA_NACIMIENTO) values ('9667255466', 'msmall1@seesaa.net', 'Mitchael Small', 'cedulaextranjeria', '2016-10-30');
insert into AFILIADOS (NUM_DOCUMENTO, CORREO_ELECTRONICO, NOMBRE, TIPO_DE_DOCUMENTO, FECHA_NACIMIENTO) values ('4732154711', 'phamby2@yandex.ru', 'Port Hamby', 'cedulaextranjeria', '2018-01-10');
insert into AFILIADOS (NUM_DOCUMENTO, CORREO_ELECTRONICO, NOMBRE, TIPO_DE_DOCUMENTO, FECHA_NACIMIENTO) values ('8294704305', 'bpalfreyman3@timesonline.co.uk', 'Binni Palfreyman', 'cedulaextranjeria', '2019-09-21');
insert into AFILIADOS (NUM_DOCUMENTO, CORREO_ELECTRONICO, NOMBRE, TIPO_DE_DOCUMENTO, FECHA_NACIMIENTO) values ('1637641733', 'mithell4@printfriendly.com', 'Maddalena Ithell', 'cedulaextranjeria', '2018-08-23');
insert into AFILIADOS (NUM_DOCUMENTO, CORREO_ELECTRONICO, NOMBRE, TIPO_DE_DOCUMENTO, FECHA_NACIMIENTO) values ('2051115338', 'ghamblett5@icio.us', 'Gratia Hamblett', 'cedulaciudadania', '2018-09-29');
insert into AFILIADOS (NUM_DOCUMENTO, CORREO_ELECTRONICO, NOMBRE, TIPO_DE_DOCUMENTO, FECHA_NACIMIENTO) values ('6569225689', 'npaumier6@slideshare.net', 'Nadean Paumier', 'cedulaciudadania', '2018-09-10');
insert into AFILIADOS (NUM_DOCUMENTO, CORREO_ELECTRONICO, NOMBRE, TIPO_DE_DOCUMENTO, FECHA_NACIMIENTO) values ('2802790732', 'wpedlingham7@archive.org', 'Welch Pedlingham', 'cedulaciudadania', '2018-04-26');
insert into AFILIADOS (NUM_DOCUMENTO, CORREO_ELECTRONICO, NOMBRE, TIPO_DE_DOCUMENTO, FECHA_NACIMIENTO) values ('0943909857', 'arambadt8@chicagotribune.com', 'Analiese Rambadt', 'cedulaciudadania', '2018-02-18');
insert into AFILIADOS (NUM_DOCUMENTO, CORREO_ELECTRONICO, NOMBRE, TIPO_DE_DOCUMENTO, FECHA_NACIMIENTO) values ('8579166221', 'tzammitt9@amazon.de', 'Tremaine Zammitt', 'cedulaciudadania', '2018-09-10');
insert into AFILIADOS (NUM_DOCUMENTO, CORREO_ELECTRONICO, NOMBRE, TIPO_DE_DOCUMENTO, FECHA_NACIMIENTO) values ('7751697438', 'nwimleta@amazonaws.com', 'Norby Wimlet', 'registrocivil', '2016-11-01');
insert into AFILIADOS (NUM_DOCUMENTO, CORREO_ELECTRONICO, NOMBRE, TIPO_DE_DOCUMENTO, FECHA_NACIMIENTO) values ('5058686040', 'osandyfordb@issuu.com', 'Odetta Sandyford', 'registrocivil', '2017-07-09');
insert into AFILIADOS (NUM_DOCUMENTO, CORREO_ELECTRONICO, NOMBRE, TIPO_DE_DOCUMENTO, FECHA_NACIMIENTO) values ('4624271301', 'kmobberleyc@lulu.com', 'Krissie Mobberley', 'tarjetaidentidad', '2018-08-31');
insert into AFILIADOS (NUM_DOCUMENTO, CORREO_ELECTRONICO, NOMBRE, TIPO_DE_DOCUMENTO, FECHA_NACIMIENTO) values ('9948172901', 'tsiddelld@telegraph.co.uk', 'Thom Siddell', 'tarjetaidentidad', '2018-12-10');
insert into AFILIADOS (NUM_DOCUMENTO, CORREO_ELECTRONICO, NOMBRE, TIPO_DE_DOCUMENTO, FECHA_NACIMIENTO) values ('8328630116', 'rreaveleye@independent.co.uk', 'Reggy Reaveley', 'tarjetaidentidad', '2017-12-01');

insert into GERENTES (NUM_CC, CORREO_ELECTRONICO, NOMBRE) values ('4708435567', 'mgravell0@mayoclinic.com', 'Mayne Gravell');
insert into GERENTES (NUM_CC, CORREO_ELECTRONICO, NOMBRE) values ('7840048030', 'agraveney1@ft.com', 'Aigneis Graveney');
insert into GERENTES (NUM_CC, CORREO_ELECTRONICO, NOMBRE) values ('4528687295', 'bcanedo2@flickr.com', 'Barr Canedo');
insert into GERENTES (NUM_CC, CORREO_ELECTRONICO, NOMBRE) values ('5070538513', 'glurriman3@imageshack.us', 'Godard Lurriman');
insert into GERENTES (NUM_CC, CORREO_ELECTRONICO, NOMBRE) values ('0624498839', 'rfattori4@alibaba.com', 'Ronald Fattori');

insert into ORGANIZADORESCAMPANIA (NUM_CC, CORREO, NOMBRE) values ('6461584729', 'oharbison0@telegraph.co.uk', 'Olag Harbison');
insert into ORGANIZADORESCAMPANIA (NUM_CC, CORREO, NOMBRE) values ('0502437029', 'rsirl1@flavors.me', 'Reinaldos Sirl');
insert into ORGANIZADORESCAMPANIA (NUM_CC, CORREO, NOMBRE) values ('6272703604', 'tkilgallen2@ihg.com', 'Tracey Kilgallen');
insert into ORGANIZADORESCAMPANIA (NUM_CC, CORREO, NOMBRE) values ('3899938491', 'jbernardon3@cafepress.com', 'Jonis Bernardon');
insert into ORGANIZADORESCAMPANIA (NUM_CC, CORREO, NOMBRE) values ('3151231643', 'dolsen4@disqus.com', 'Danita Olsen');

insert into IPS (id, nombre, LOCALIZACION) values ('065129761400', 'Agimba', '333 Hermina Hill');
insert into IPS (id, nombre, LOCALIZACION) values ('056908046556', 'Mynte', '3389 Comanche Pass');
insert into IPS (id, nombre, LOCALIZACION) values ('136939542280', 'Topicblab', '312 Blackbird Center');
insert into IPS (id, nombre, LOCALIZACION) values ('525979471538', 'Riffpedia', '816 Pine View Center');
insert into IPS (id, nombre, LOCALIZACION) values ('883985594992', 'Youspan', '3 Gateway Plaza');

insert into RECEPCIONISTAS (NUM_CC, nombre, CORREO_ELECTRONICO, ID_IPS) values ('7202827908', 'Miboo', 'kannesley0@myspace.com', '065129761400');
insert into RECEPCIONISTAS (NUM_CC, nombre, CORREO_ELECTRONICO, ID_IPS) values ('9738582362', 'Tagpad', 'evanichkov1@furl.net', '065129761400');
insert into RECEPCIONISTAS (NUM_CC, nombre, CORREO_ELECTRONICO, ID_IPS) values ('7894609296', 'Livetube', 'mwyburn2@indiatimes.com', '056908046556');
insert into RECEPCIONISTAS (NUM_CC, nombre, CORREO_ELECTRONICO, ID_IPS) values ('4186636209', 'Topdrive', 'gostrich3@youtu.be', '056908046556');
insert into RECEPCIONISTAS (NUM_CC, nombre, CORREO_ELECTRONICO, ID_IPS) values ('0974762050', 'Vinder', 'rbecaris4@indiegogo.com', '136939542280');
insert into RECEPCIONISTAS (NUM_CC, nombre, CORREO_ELECTRONICO, ID_IPS) values ('7611890854', 'Rhycero', 'krappa5@homestead.com', '136939542280');
insert into RECEPCIONISTAS (NUM_CC, nombre, CORREO_ELECTRONICO, ID_IPS) values ('7610279858', 'Flipstorm', 'flangdridge6@sbwire.com', '525979471538');
insert into RECEPCIONISTAS (NUM_CC, nombre, CORREO_ELECTRONICO, ID_IPS) values ('1933584985', 'Mita', 'brozalski7@yahoo.co.jp', '525979471538');
insert into RECEPCIONISTAS (NUM_CC, nombre, CORREO_ELECTRONICO, ID_IPS) values ('6130625776', 'Oyope', 'cburdis8@meetup.com', '883985594992');
insert into RECEPCIONISTAS (NUM_CC, nombre, CORREO_ELECTRONICO, ID_IPS) values ('3568473854', 'Jabberstorm', 'tdawley9@ebay.com', '883985594992');

insert into CAMPANIAS (ID, CAMPANIA_ACEPTA, ESTADO_CAMPANIA, ID_IPS, ID_ORGANIZADORCAMPANIA) values ('619161244022', 'F', 'por_confirmar', 883985594992, 3151231643);
insert into CAMPANIAS (ID, CAMPANIA_ACEPTA, ESTADO_CAMPANIA, ID_IPS, ID_ORGANIZADORCAMPANIA) values ('026685585939', 'T', 'cumplida', 525979471538, 3151231643);
insert into CAMPANIAS (ID, CAMPANIA_ACEPTA, ESTADO_CAMPANIA, ID_IPS, ID_ORGANIZADORCAMPANIA) values ('354077649058', 'T', 'confirmada', 056908046556, 3899938491);
insert into CAMPANIAS (ID, CAMPANIA_ACEPTA, ESTADO_CAMPANIA, ID_IPS, ID_ORGANIZADORCAMPANIA) values ('739184868425', 'T', 'en_proceso', 065129761400, 6461584729);

insert into MEDICOS (NUM_CC, CORREO_ELECTRONICO, NOMBRE, NUM_REGISTRO, ESPECIALIDAD) values ('4721569752', 'sdysert0@home.pl', 'Stefa Dysert', '8524489771265', 'general');
insert into MEDICOS (NUM_CC, CORREO_ELECTRONICO, NOMBRE, NUM_REGISTRO, ESPECIALIDAD) values ('4029145892', 'chelsby1@loc.gov', 'Conrad Helsby', '7974010433241', 'general');
insert into MEDICOS (NUM_CC, CORREO_ELECTRONICO, NOMBRE, NUM_REGISTRO, ESPECIALIDAD) values ('4654254160', 'ghanes2@acquirethisname.com', 'Guenna Hanes', '8155113856332', 'general');
insert into MEDICOS (NUM_CC, CORREO_ELECTRONICO, NOMBRE, NUM_REGISTRO, ESPECIALIDAD) values ('3601794454', 'lmcterrelly3@hostgator.com', 'Lissa McTerrelly', '9997589002917', 'general');
insert into MEDICOS (NUM_CC, CORREO_ELECTRONICO, NOMBRE, NUM_REGISTRO, ESPECIALIDAD) values ('4994876149', 'tfelder4@chicagotribune.com', 'Tonya Felder', '3517645809882', 'odontologia');
insert into MEDICOS (NUM_CC, CORREO_ELECTRONICO, NOMBRE, NUM_REGISTRO, ESPECIALIDAD) values ('2761736152', 'lcoleiro5@toplist.cz', 'Lula Coleiro', '8482452466860', 'odontologia');
insert into MEDICOS (NUM_CC, CORREO_ELECTRONICO, NOMBRE, NUM_REGISTRO, ESPECIALIDAD) values ('2785832856', 'jbreyt6@hostgator.com', 'Josie Breyt', '2308225028149', 'interna');
insert into MEDICOS (NUM_CC, CORREO_ELECTRONICO, NOMBRE, NUM_REGISTRO, ESPECIALIDAD) values ('7657021161', 'tbrussels7@cnn.com', 'Tannie Brussels', '1192692742665', 'interna');
insert into MEDICOS (NUM_CC, CORREO_ELECTRONICO, NOMBRE, NUM_REGISTRO, ESPECIALIDAD) values ('0191961739', 'jfattorini8@ezinearticles.com', 'June Fattorini', '3069138226254', 'cirugia');
insert into MEDICOS (NUM_CC, CORREO_ELECTRONICO, NOMBRE, NUM_REGISTRO, ESPECIALIDAD) values ('7238805848', 'rtroy9@nasa.gov', 'Reginald Troy', '9322412783352', 'cirugia');
insert into MEDICOS (NUM_CC, CORREO_ELECTRONICO, NOMBRE, NUM_REGISTRO, ESPECIALIDAD) values ('9127537932', 'jcoultarda@youtu.be', 'Johny Coultard', '7022301253365', 'cardiologia');
insert into MEDICOS (NUM_CC, CORREO_ELECTRONICO, NOMBRE, NUM_REGISTRO, ESPECIALIDAD) values ('6571798624', 'ablazejb@last.fm', 'Aluino Blazej', '7726692491062', 'cardiologia');
insert into MEDICOS (NUM_CC, CORREO_ELECTRONICO, NOMBRE, NUM_REGISTRO, ESPECIALIDAD) values ('1666611663', 'echattenc@dagondesign.com', 'Edi Chatten', '1909378445950', 'dermatologia');
insert into MEDICOS (NUM_CC, CORREO_ELECTRONICO, NOMBRE, NUM_REGISTRO, ESPECIALIDAD) values ('5327125689', 'lmonseyd@ustream.tv', 'Lucky Monsey', '3626461114641', 'pediatria');
insert into MEDICOS (NUM_CC, CORREO_ELECTRONICO, NOMBRE, NUM_REGISTRO, ESPECIALIDAD) values ('5695598011', 'tlitzmanne@nifty.com', 'Tarah Litzmann', '0017992352912', 'neumologia');

insert into MEDICOS_ADSCRITOS (ID, MEDICO_NUM_CC, ID_IPS) values ('317053745898', 4721569752, 065129761400);
insert into MEDICOS_ADSCRITOS (ID, MEDICO_NUM_CC, ID_IPS) values ('141768491760', 4029145892, 065129761400);
insert into MEDICOS_ADSCRITOS (ID, MEDICO_NUM_CC, ID_IPS) values ('269296843901', 4654254160, 065129761400);
insert into MEDICOS_ADSCRITOS (ID, MEDICO_NUM_CC, ID_IPS) values ('477310470278', 3601794454, 056908046556);
insert into MEDICOS_ADSCRITOS (ID, MEDICO_NUM_CC, ID_IPS) values ('398804220099', 4994876149, 056908046556);
insert into MEDICOS_ADSCRITOS (ID, MEDICO_NUM_CC, ID_IPS) values ('829231036831', 2761736152, 056908046556);
insert into MEDICOS_ADSCRITOS (ID, MEDICO_NUM_CC, ID_IPS) values ('044380449028', 7657021161, 136939542280);
insert into MEDICOS_ADSCRITOS (ID, MEDICO_NUM_CC, ID_IPS) values ('610885152352', '0191961739', 136939542280);
insert into MEDICOS_ADSCRITOS (ID, MEDICO_NUM_CC, ID_IPS) values ('482380471812', 7238805848, 136939542280);
insert into MEDICOS_ADSCRITOS (ID, MEDICO_NUM_CC, ID_IPS) values ('662680551953', 9127537932, 525979471538);
insert into MEDICOS_ADSCRITOS (ID, MEDICO_NUM_CC, ID_IPS) values ('988292821833', 6571798624, 525979471538);
insert into MEDICOS_ADSCRITOS (ID, MEDICO_NUM_CC, ID_IPS) values ('534135632793', 1666611663, 525979471538);

insert into PARTICIPANTES (ID_CLIENTE, ID_CAMPANIA) values ('1144992180','026685585939');
insert into PARTICIPANTES (ID_CLIENTE, ID_CAMPANIA) values ('9667255466','026685585939');
insert into PARTICIPANTES (ID_CLIENTE, ID_CAMPANIA) values ('4732154711','026685585939');
insert into PARTICIPANTES (ID_CLIENTE, ID_CAMPANIA) values ('2051115338','026685585939');
insert into PARTICIPANTES (ID_CLIENTE, ID_CAMPANIA) values ('5058686040','354077649058');
insert into PARTICIPANTES (ID_CLIENTE, ID_CAMPANIA) values ('9948172901','354077649058');
insert into PARTICIPANTES (ID_CLIENTE, ID_CAMPANIA) values ('8328630116','739184868425');
insert into PARTICIPANTES (ID_CLIENTE, ID_CAMPANIA) values ('7751697438','739184868425');

insert into RECETAS (ID, MEDICAMENTO, DOSIS) values ('1832206200', 'nulla quisque', 'turpis');
insert into RECETAS (ID, MEDICAMENTO, DOSIS) values ('2151396698', 'venenatis', 'ut blandit');
insert into RECETAS (ID, MEDICAMENTO, DOSIS) values ('4392749741', 'mattis pede', 'odio duis consequat');
insert into RECETAS (ID, MEDICAMENTO, DOSIS) values ('0652218683', 'amet nunc viverra', 'posuere viverra');
insert into RECETAS (ID, MEDICAMENTO, DOSIS) values ('7826077670', 'consequat dui nec', 'platea');
insert into RECETAS (ID, MEDICAMENTO, DOSIS) values ('7826045730', 'volutpat nisi', 'dussk kssnab');

insert into CONSULTAS (ID, TIPO_CONSULTA, ID_RECETA) values ('0046814024', 'general','1832206200');
insert into CONSULTAS (ID, TIPO_CONSULTA, ID_RECETA) values ('6931453344', 'control','2151396698');
insert into CONSULTAS (ID, TIPO_CONSULTA, ID_RECETA) values ('5877300585', 'especialista','4392749741');

insert into CONSULTAS_URGENCIAS (ID, FUE_DADO_DE_ALTA, TRIAGE, ID_RECETA) values ('9279437838', 'T', 1,'0652218683');
insert into CONSULTAS_URGENCIAS (ID, FUE_DADO_DE_ALTA, TRIAGE, ID_RECETA) values ('1271720394', 'F', 3, '7826077670');
insert into CONSULTAS_URGENCIAS (ID, FUE_DADO_DE_ALTA, TRIAGE, ID_RECETA) values ('5589144614', 'F', 4, '7826045730');

insert into TERAPIAS (ID, TIPO_TERAPIA) values ('3304579844', 'Ultrasonidos');
insert into TERAPIAS (ID, TIPO_TERAPIA) values ('4331242358', 'Electroterapia');
insert into TERAPIAS (ID, TIPO_TERAPIA) values ('4692242818', 'Magnetoterapia');
insert into TERAPIAS (ID, TIPO_TERAPIA) values ('6000630719', 'Termoterapia');
insert into TERAPIAS (ID, TIPO_TERAPIA) values ('4659784708', 'Sueroterapia');

insert into PROCEDIMIENTOS_ESPECIALIZADOS (ID, TIPO_PROCEDIMIENTO) values ('6619210552','intervenciones');
insert into PROCEDIMIENTOS_ESPECIALIZADOS (ID, TIPO_PROCEDIMIENTO) values ('5753338285','cirugia');
insert into PROCEDIMIENTOS_ESPECIALIZADOS (ID, TIPO_PROCEDIMIENTO) values ('5527656991','cirugia_ambulatoria');
insert into PROCEDIMIENTOS_ESPECIALIZADOS (ID, TIPO_PROCEDIMIENTO) values ('5909449781','cirugia_ambulatoria');
insert into PROCEDIMIENTOS_ESPECIALIZADOS (ID, TIPO_PROCEDIMIENTO) values ('0031899146','dialisis');

insert into SERVICIOS_DE_SALUD (ID, ID_CONSULTA, FECHA_REALIZACION, ID_IPS) values ('0046814024','0046814024', '2018-02-07', '065129761400');
insert into SERVICIOS_DE_SALUD (ID, ID_CONSULTA, FECHA_REALIZACION, ID_IPS) values ('6931453344','6931453344', '2017-07-31', '056908046556');
insert into SERVICIOS_DE_SALUD (ID, ID_CONSULTA, FECHA_REALIZACION, ID_IPS) values ('5877300585','5877300585', '2018-10-10', '883985594992');
insert into SERVICIOS_DE_SALUD (ID, ID_CONSULTA_URGENCIA, FECHA_REALIZACION, ID_IPS) values ('9279437838','9279437838', '2018-10-31', '065129761400');
insert into SERVICIOS_DE_SALUD (ID, ID_CONSULTA_URGENCIA, FECHA_REALIZACION, ID_IPS) values ('1271720394','1271720394', '2018-10-02', '136939542280');
insert into SERVICIOS_DE_SALUD (ID, ID_CONSULTA_URGENCIA, FECHA_REALIZACION, ID_IPS) values ('5589144614','5589144614', '2019-10-26', '883985594992');
insert into SERVICIOS_DE_SALUD (ID, ID_TERAPIAS, FECHA_REALIZACION, ID_IPS) values ('3304579844','3304579844', '2017-05-25', '056908046556');
insert into SERVICIOS_DE_SALUD (ID, ID_TERAPIAS, FECHA_REALIZACION, ID_IPS) values ('4331242358','4331242358', '2018-04-09', '056908046556');
insert into SERVICIOS_DE_SALUD (ID, ID_TERAPIAS, FECHA_REALIZACION, ID_IPS) values ('4692242818','4692242818', '2018-04-23', '883985594992');
insert into SERVICIOS_DE_SALUD (ID, ID_TERAPIAS, FECHA_REALIZACION, ID_IPS) values ('6000630719','6000630719', '2017-10-02', '056908046556');
insert into SERVICIOS_DE_SALUD (ID, ID_TERAPIAS, FECHA_REALIZACION, ID_IPS) values ('4659784708','4659784708', '2018-02-12', '883985594992');
insert into SERVICIOS_DE_SALUD (ID, ID_PROCEDIMIENTO_ESPECIALIZADO, FECHA_REALIZACION, ID_IPS) values ('6619210552','6619210552', '2017-10-27', '136939542280');
insert into SERVICIOS_DE_SALUD (ID, ID_PROCEDIMIENTO_ESPECIALIZADO, FECHA_REALIZACION, ID_IPS) values ('5753338285','5753338285', '2018-02-20', '883985594992');
insert into SERVICIOS_DE_SALUD (ID, ID_PROCEDIMIENTO_ESPECIALIZADO, FECHA_REALIZACION, ID_IPS) values ('5527656991','5527656991', '2019-01-28', '136939542280');
insert into SERVICIOS_DE_SALUD (ID, ID_PROCEDIMIENTO_ESPECIALIZADO, FECHA_REALIZACION, ID_IPS) values ('5909449781','5909449781', '2018-04-06', '883985594992');
insert into SERVICIOS_DE_SALUD (ID, ID_PROCEDIMIENTO_ESPECIALIZADO, FECHA_REALIZACION, ID_IPS) values ('0031899146','0031899146', '2019-01-21', '136939542280');

insert into ORDENES (ID, CITA_RESERVADA, FECHA, ID_AFILIADO, TIPO_SERVICIO) values ('7325972939', 'F', '2017-10-07', '6569225689', 'URGENCIAS');
insert into ORDENES (ID, CITA_RESERVADA, FECHA, ID_AFILIADO, TIPO_SERVICIO) values ('5465041520', 'F', '2019-07-29', '8579166221', 'CONSULTA ESPECIALIZADA');
insert into ORDENES (ID, CITA_RESERVADA, FECHA, ID_SERVICIO, ID_AFILIADO, TIPO_SERVICIO) values ('4277546388', 'T', '2018-06-03', '6931453344', '5058686040', 'CONSULTA CONTROL');
insert into ORDENES (ID, CITA_RESERVADA, FECHA, ID_SERVICIO, ID_AFILIADO, TIPO_SERVICIO) values ('7380811351', 'T', '2018-11-24', '5753338285', '8328630116', 'PROCEDIMIENTO ESPECIALIZADO');
insert into ORDENES (ID, CITA_RESERVADA, FECHA, ID_SERVICIO, ID_AFILIADO, TIPO_SERVICIO) values ('9276075574', 'T', '2018-10-18', '5909449781', '1637641733', 'PROCEDIMIENTO ESPECIALIZADO');
insert into ORDENES (ID, CITA_RESERVADA, FECHA, ID_SERVICIO, ID_AFILIADO, TIPO_SERVICIO) values ('9286487462', 'T', '2018-09-09', '6000630719', '8328630116', 'TERAPIAS');

insert into EXAMENES(ID, TIPO_EXAMEN) values ('7702937699', 'Oculares');
insert into EXAMENES(ID, TIPO_EXAMEN) values ('6902097049', 'Coresterol');
insert into EXAMENES(ID, TIPO_EXAMEN) values ('9967032315', 'Presión alta');
insert into EXAMENES(ID, TIPO_EXAMEN) values ('7665908343', 'ETS');
insert into EXAMENES(ID, TIPO_EXAMEN) values ('6121021976', 'Diabetes');
insert into EXAMENES(ID, TIPO_EXAMEN) values ('8893976989', 'Sangre - General');
insert into EXAMENES(ID, TIPO_EXAMEN) values ('6151230182', 'Sangre - General');
insert into EXAMENES(ID, TIPO_EXAMEN) values ('8662718028', 'ETS');

insert into SERVICIOS_DE_SALUD (ID, ID_EXAMENES, FECHA_REALIZACION, ID_IPS) values ('7702937699','7702937699', '2017-05-25', '056908046556');
insert into SERVICIOS_DE_SALUD (ID, ID_EXAMENES, FECHA_REALIZACION, ID_IPS) values ('6902097049','6902097049', '2017-05-25', '056908046556');
insert into SERVICIOS_DE_SALUD (ID, ID_EXAMENES, FECHA_REALIZACION, ID_IPS) values ('9967032315','9967032315', '2017-05-25', '883985594992');
insert into SERVICIOS_DE_SALUD (ID, ID_EXAMENES, FECHA_REALIZACION, ID_IPS) values ('7665908343','7665908343', '2017-05-25', '883985594992');
insert into SERVICIOS_DE_SALUD (ID, ID_EXAMENES, FECHA_REALIZACION, ID_IPS) values ('6121021976','6121021976', '2017-05-25', '065129761400');
insert into SERVICIOS_DE_SALUD (ID, ID_EXAMENES, FECHA_REALIZACION, ID_IPS) values ('8893976989','8893976989', '2017-05-25', '065129761400');
insert into SERVICIOS_DE_SALUD (ID, ID_EXAMENES, FECHA_REALIZACION, ID_IPS) values ('6151230182','6151230182', '2017-05-25', '065129761400');
insert into SERVICIOS_DE_SALUD (ID, ID_EXAMENES, FECHA_REALIZACION, ID_IPS) values ('8662718028','8662718028', '2017-05-25', '056908046556');

insert into HOSPITALIZACIONES (ID, FUE_DADO_ALTA) values ('0578624575', 'T');
insert into HOSPITALIZACIONES (ID, FUE_DADO_ALTA) values ('9338878070', 'F');
insert into HOSPITALIZACIONES (ID, FUE_DADO_ALTA) values ('5146810771', 'T');
insert into HOSPITALIZACIONES (ID, FUE_DADO_ALTA) values ('5530152969', 'F');

insert into SERVICIOS_REQUERIDOS (ID, ID_HOSPITALIZACION, ID_SERVICIO) values ('9250818543', '0578624575', '7702937699');
insert into SERVICIOS_REQUERIDOS (ID, ID_HOSPITALIZACION, ID_SERVICIO) values ('6024822843', '9338878070', '9967032315');
insert into SERVICIOS_REQUERIDOS (ID, ID_HOSPITALIZACION, ID_SERVICIO) values ('9982336936', '5146810771', '8662718028');

update HOSPITALIZACIONES SET ID_SERVICIO_REQUERIDO = '9250818543' WHERE ID = '0578624575';
update HOSPITALIZACIONES SET ID_SERVICIO_REQUERIDO = '6024822843' WHERE ID = '9338878070';
update HOSPITALIZACIONES SET ID_SERVICIO_REQUERIDO = '9982336936' WHERE ID = '5146810771';

insert into SERVICIOS_DE_SALUD (ID, ID_HOSPITALIZACION, FECHA_REALIZACION, ID_IPS) values ('2218496144', '0578624575', '2018-10-05', '65129761400');
insert into SERVICIOS_DE_SALUD (ID, ID_HOSPITALIZACION, FECHA_REALIZACION, ID_IPS) values ('4323908094', '9338878070', '2018-06-06', '56908046556');
insert into SERVICIOS_DE_SALUD (ID, ID_HOSPITALIZACION, FECHA_REALIZACION, ID_IPS) values ('3752049899', '5146810771', '2019-02-11', '525979471538');
insert into SERVICIOS_DE_SALUD (ID, ID_HOSPITALIZACION, FECHA_REALIZACION, ID_IPS) values ('9236918369', '5530152969', '2019-04-24', '136939542280');

insert into CITAS_RESERVADAS (ID, ESTADO, ID_AFILIADO, FECHA_CONSULTA, ID_RECEPCIONISTA, SERVICIO_ASOCIADO) values ('6994429868', 'cumplida', '1144992180', '2019-10-06', '7202827908', '6902097049');
insert into CITAS_RESERVADAS (ID, ESTADO, ID_AFILIADO, FECHA_CONSULTA, ID_RECEPCIONISTA, SERVICIO_ASOCIADO) values ('6129797532', 'cumplida', '9667255466', '2019-03-15', '7202827908', '1271720394');
insert into CITAS_RESERVADAS (ID, ESTADO, ID_AFILIADO, FECHA_CONSULTA, ID_RECEPCIONISTA, SERVICIO_ASOCIADO) values ('2517029402', 'cumplida', '4732154711', '2018-09-19', '7202827908', '5753338285');
insert into CITAS_RESERVADAS (ID, ESTADO, ID_AFILIADO, FECHA_CONSULTA, ID_RECEPCIONISTA, SERVICIO_ASOCIADO) values ('8123615712', 'cumplida', '4732154711', '2019-03-17', '9738582362', '3304579844');
insert into CITAS_RESERVADAS (ID, ESTADO, ID_AFILIADO, FECHA_CONSULTA, ID_RECEPCIONISTA, SERVICIO_ASOCIADO) values ('4613281194', 'cumplida', '8579166221', '2018-06-25', '9738582362', '2218496144');
insert into CITAS_RESERVADAS (ID, ESTADO, ID_AFILIADO, FECHA_CONSULTA, ID_RECEPCIONISTA, SERVICIO_ASOCIADO) values ('0406291961', 'cumplida', '6569225689', '2017-05-31', '7894609296', '6000630719');
insert into CITAS_RESERVADAS (ID, ESTADO, ID_AFILIADO, FECHA_CONSULTA, ID_RECEPCIONISTA, SERVICIO_ASOCIADO) values ('2951009724', 'cumplida', '4624271301', '2017-08-26', '1933584985', '9236918369');
insert into CITAS_RESERVADAS (ID, ESTADO, ID_AFILIADO, FECHA_CONSULTA, ID_RECEPCIONISTA, SERVICIO_ASOCIADO) values ('4925665260', 'cumplida', '4624271301', '2018-09-10', '6130625776', '3752049899');
insert into CITAS_RESERVADAS (ID, ESTADO, ID_AFILIADO, FECHA_CONSULTA, ID_RECEPCIONISTA, SERVICIO_ASOCIADO) values ('0833267027', 'cumplida', '9948172901', '2017-06-23', '3568473854', '4692242818');
insert into CITAS_RESERVADAS (ID, ESTADO, ID_AFILIADO, FECHA_CONSULTA, ID_RECEPCIONISTA, SERVICIO_ASOCIADO) values ('5949830182', 'cumplida', '1637641733', '2018-07-23 ', '3568473854', '7665908343');
insert into CITAS_RESERVADAS (ID, ESTADO, ID_AFILIADO, FECHA_CONSULTA, ID_RECEPCIONISTA, SERVICIO_ASOCIADO) values ('0900292859', 'cancelada', '9667255466', '2019-09-01', '3568473854', '8893976989');
insert into CITAS_RESERVADAS (ID, ESTADO, ID_AFILIADO, FECHA_CONSULTA, ID_RECEPCIONISTA, SERVICIO_ASOCIADO) values ('7013634399', 'cancelada', '5058686040', '2019-03-24', '0974762050', '6151230182');
insert into CITAS_RESERVADAS (ID, ESTADO, ID_AFILIADO, FECHA_CONSULTA, SERVICIO_ASOCIADO) values ('6850134360', 'cancelada', '5058686040', '2019-08-08', '0974762050', '31899146');
insert into CITAS_RESERVADAS (ID, ESTADO, ID_AFILIADO, FECHA_CONSULTA, SERVICIO_ASOCIADO) values ('4430315980', 'pendiente', '0943909857', '2018-06-12', '5909449781');
insert into CITAS_RESERVADAS (ID, ESTADO, ID_AFILIADO, FECHA_CONSULTA, SERVICIO_ASOCIADO) values ('2768982637', 'pendiente', '0943909857', '2017-05-14', '4659784708');

insert into SERVICIOS_CAMPANIA (ID_CAMPANIA, FECHA, NUMERO_PARTICIPANTES, CUPOS_ACTUALES, TIPO_DE_SERVICIO) values (619161244022, '2017-05-14', 10, 7, '6902097049');
insert into SERVICIOS_CAMPANIA (ID_CAMPANIA, FECHA, NUMERO_PARTICIPANTES, CUPOS_ACTUALES, TIPO_DE_SERVICIO) values (619161244022, '2019-01-20', 13, 5, '4659784708');
insert into SERVICIOS_CAMPANIA (ID_CAMPANIA, FECHA, NUMERO_PARTICIPANTES, CUPOS_ACTUALES, TIPO_DE_SERVICIO) values ('026685585939', '2019-03-02', 8, 4, '7702937699');
insert into SERVICIOS_CAMPANIA (ID_CAMPANIA, FECHA, NUMERO_PARTICIPANTES, CUPOS_ACTUALES, TIPO_DE_SERVICIO) values ('026685585939', '2017-07-29', 5, 2, '8662718028');
insert into SERVICIOS_CAMPANIA (ID_CAMPANIA, FECHA, NUMERO_PARTICIPANTES, CUPOS_ACTUALES, TIPO_DE_SERVICIO) values (354077649058, '2016-01-05', 7, 3, '3752049899');
insert into SERVICIOS_CAMPANIA (ID_CAMPANIA, FECHA, NUMERO_PARTICIPANTES, CUPOS_ACTUALES, TIPO_DE_SERVICIO) values (354077649058, '2018-04-18', 6, 1, '9236918369');
insert into SERVICIOS_CAMPANIA (ID_CAMPANIA, FECHA, NUMERO_PARTICIPANTES, CUPOS_ACTUALES, TIPO_DE_SERVICIO) values (739184868425, '2019-03-12', 6, 1, '8893976989');

insert into HORARIOS_DE_ATENCION (ID, NUM_AFILIADOS, ID_SERVICIO, DIAS_SEM_ATENCION, HORA_FIN, HORA_INICIAL) values ('5381177634', 11,'6902097049','L-M-X-','1:36', '13:27');
insert into HORARIOS_DE_ATENCION (ID, NUM_AFILIADOS, ID_SERVICIO, DIAS_SEM_ATENCION, HORA_FIN, HORA_INICIAL) values ('7063606461', 13,'1271720394','L-M-V-S-','9:45', '6:46');
insert into HORARIOS_DE_ATENCION (ID, NUM_AFILIADOS, ID_SERVICIO, DIAS_SEM_ATENCION, HORA_FIN, HORA_INICIAL) values ('4041124729', 10,'46814024','M-X-S-D','15:08', '9:55');
insert into HORARIOS_DE_ATENCION (ID, NUM_AFILIADOS, ID_SERVICIO, DIAS_SEM_ATENCION, HORA_FIN, HORA_INICIAL) values ('4954013365', 13,'5877300585','L-','2:35', '7:06');
insert into HORARIOS_DE_ATENCION (ID, NUM_AFILIADOS, ID_SERVICIO, DIAS_SEM_ATENCION, HORA_FIN, HORA_INICIAL) values ('6408877335', 13,'9279437838','L-M-X-S-D','23:35', '0:14');
insert into HORARIOS_DE_ATENCION (ID, NUM_AFILIADOS, ID_SERVICIO, DIAS_SEM_ATENCION, HORA_FIN, HORA_INICIAL) values ('6329793905', 1,'1271720394','M-X-J-V-','19:10', '20:40');
insert into HORARIOS_DE_ATENCION (ID, NUM_AFILIADOS, ID_SERVICIO, DIAS_SEM_ATENCION, HORA_FIN, HORA_INICIAL) values ('2278914765', 3,'6619210552','L-M-X-','6:10', '13:17');
insert into HORARIOS_DE_ATENCION (ID, NUM_AFILIADOS, ID_SERVICIO, DIAS_SEM_ATENCION, HORA_FIN, HORA_INICIAL) values ('7689342933', 14,'5527656991','L-M-J','8:00', '23:21');
insert into HORARIOS_DE_ATENCION (ID, NUM_AFILIADOS, ID_SERVICIO, DIAS_SEM_ATENCION, HORA_FIN, HORA_INICIAL) values ('1374800322', 10,'3304579844','L-M-X','15:15', '2:20');
insert into HORARIOS_DE_ATENCION (ID, NUM_AFILIADOS, ID_SERVICIO, DIAS_SEM_ATENCION, HORA_FIN, HORA_INICIAL) values ('6304655727', 12,'4331242358','L-M-X-S-','13:15', '20:42');
insert into HORARIOS_DE_ATENCION (ID, NUM_AFILIADOS, ID_SERVICIO, DIAS_SEM_ATENCION, HORA_FIN, HORA_INICIAL) values ('3088247067', 12,'4692242818','X-J-V-','8:00', '23:21');
insert into HORARIOS_DE_ATENCION (ID, NUM_AFILIADOS, ID_SERVICIO, DIAS_SEM_ATENCION, HORA_FIN, HORA_INICIAL) values ('3955216860', 1,'6000630719','L-M-X-','12:23', '16:05');
insert into HORARIOS_DE_ATENCION (ID, NUM_AFILIADOS, ID_SERVICIO, DIAS_SEM_ATENCION, HORA_FIN, HORA_INICIAL) values ('0318102443', 13,'4659784708','L-M-V-S-','1:45', '11:25');
insert into HORARIOS_DE_ATENCION (ID, NUM_AFILIADOS, ID_SERVICIO, DIAS_SEM_ATENCION, HORA_FIN, HORA_INICIAL) values ('8267735028', 12,'7702937699','M-X-S-D','3:03', '18:12');
insert into HORARIOS_DE_ATENCION (ID, NUM_AFILIADOS, ID_SERVICIO, DIAS_SEM_ATENCION, HORA_FIN, HORA_INICIAL) values ('2002870421', 11,'7665908343','X-J-','14:50', '18:55');
insert into HORARIOS_DE_ATENCION (ID, NUM_AFILIADOS, ID_SERVICIO, DIAS_SEM_ATENCION, HORA_FIN, HORA_INICIAL) values ('8933698557', 10,'8893976989','X-J-V-','2:35', '7:06');
insert into HORARIOS_DE_ATENCION (ID, NUM_AFILIADOS, ID_SERVICIO, DIAS_SEM_ATENCION, HORA_FIN, HORA_INICIAL) values ('395521670', 15,'9236918369','L-M-X-','1:36', '13:27');
